date,pass_P,bar_b,ea_vote,panel_W6,his_W6,confirm_row,guard_row
2026.09.01,2026.09.01 17:05,2026.09.01 17:00,1.0,1.0,,26965:c0,26970:PASS1.0
2026.09.01,2026.09.01 17:10,2026.09.01 17:05,1.0,1.0,,27096:c0,27100:PASS1.0
2026.09.01,2026.09.01 17:15,2026.09.01 17:10,1.0,1.0,,27224:c0,27228:PASS1.0
2026.09.01,2026.09.01 17:20,2026.09.01 17:15,1.0,1.0,,27356:c0,27364:NOMATCH1.0
2026.09.01,2026.09.01 17:25,2026.09.01 17:20,1.0,1.0,,27490:c0,
2026.09.01,2026.09.01 17:30,2026.09.01 17:25,1.0,-1.0,,,
2026.09.01,2026.09.01 17:35,2026.09.01 17:30,-1.0,-1.0,bull,27512:c1,
2026.09.01,2026.09.01 17:40,2026.09.01 17:35,-1.0,-1.0,,27536:c0,
2026.09.01,2026.09.01 17:45,2026.09.01 17:40,-1.0,-1.0,,27548:c0,
2026.09.07,2026.09.07 08:50,2026.09.07 08:45,1.0,1.0,,,
2026.09.07,2026.09.07 08:55,2026.09.07 08:50,1.0,1.0,,,
2026.09.07,2026.09.07 09:00,2026.09.07 08:55,1.0,1.0,,,
2026.09.07,2026.09.07 09:05,2026.09.07 09:00,1.0,1.0,,47118:c0,47158:PASS1.0
2026.09.07,2026.09.07 09:10,2026.09.07 09:05,-1.0,1.0,,47315:c0,47319:NOMATCH-1.0
2026.09.07,2026.09.07 09:15,2026.09.07 09:10,-1.0,-1.0,,47480:c0,47485:NOMATCH-1.0
2026.09.07,2026.09.07 09:20,2026.09.07 09:15,-1.0,-1.0,bull,47646:c1,47651:NOMATCH-1.0
2026.09.07,2026.09.07 09:25,2026.09.07 09:20,1.0,-1.0,,47812:c0,47817:PASS1.0
2026.09.07,2026.09.07 09:30,2026.09.07 09:25,1.0,1.0,,47975:c0,47979:PASS1.0
2026.09.08,2026.09.08 09:40,2026.09.08 09:35,-1.0,-1.0,,53614:c0,53622:NOMATCH-1.0
2026.09.08,2026.09.08 09:45,2026.09.08 09:40,-1.0,1.0,,,
2026.09.08,2026.09.08 09:50,2026.09.08 09:45,1.0,1.0,,53647:c0,
2026.09.08,2026.09.08 09:55,2026.09.08 09:50,1.0,1.0,,53674:c0,
2026.09.08,2026.09.08 10:00,2026.09.08 09:55,1.0,-1.0,,53697:c0,
2026.09.08,2026.09.08 10:05,2026.09.08 10:00,-1.0,-1.0,,53705:c0,53734:PASS-1.0
2026.09.08,2026.09.08 10:10,2026.09.08 10:05,1.0,-1.0,bear,53908:c1,53928:NOMATCH1.0
2026.09.08,2026.09.08 10:15,2026.09.08 10:10,1.0,-1.0,,54110:c0,54114:NOMATCH1.0
2026.09.08,2026.09.08 10:20,2026.09.08 10:15,-1.0,-1.0,,54281:c0,54285:PASS-1.0
2026.08.28,2026.08.28 09:35,2026.08.28 09:30,1.0,1.0,,,
2026.08.28,2026.08.28 09:40,2026.08.28 09:35,1.0,1.0,,,
2026.08.28,2026.08.28 09:45,2026.08.28 09:40,-1.0,1.0,,,
2026.08.28,2026.08.28 09:50,2026.08.28 09:45,1.0,1.0,,,
2026.08.28,2026.08.28 09:55,2026.08.28 09:50,1.0,1.0,,,
2026.08.28,2026.08.28 10:00,2026.08.28 09:55,1.0,1.0,,13749:c0,13786:NOMATCH1.0
2026.08.28,2026.08.28 10:05,2026.08.28 10:00,1.0,1.0,,13888:c1,13903:BYPASS1.0
2026.08.28,2026.08.28 10:10,2026.08.28 10:05,-1.0,1.0,,,
2026.08.28,2026.08.28 10:15,2026.08.28 10:10,-1.0,-1.0,,,
2026.09.04,2026.09.04 15:30,2026.09.04 15:25,1.0,-1.0,,,
2026.09.04,2026.09.04 15:35,2026.09.04 15:30,-1.0,-1.0,,44481:c0,
2026.09.04,2026.09.04 15:40,2026.09.04 15:35,-1.0,-1.0,,44515:c1,
2026.09.04,2026.09.04 15:45,2026.09.04 15:40,-1.0,-1.0,,44530:c0,
2026.09.04,2026.09.04 15:50,2026.09.04 15:45,-1.0,-1.0,,44543:c0,
2026.09.04,2026.09.04 15:55,2026.09.04 15:50,1.0,-1.0,,44558:c0,44583:PASS1.0
2026.09.04,2026.09.04 16:00,2026.09.04 15:55,1.0,1.0,,44735:c1,44751:BYPASS1.0
2026.09.04,2026.09.04 16:05,2026.09.04 16:00,1.0,1.0,,45036:c0,
2026.09.04,2026.09.04 16:10,2026.09.04 16:05,1.0,1.0,,,
2026.09.07,2026.09.07 16:15,2026.09.07 16:10,-1.0,1.0,,50863:c0,
2026.09.07,2026.09.07 16:20,2026.09.07 16:15,1.0,1.0,,50880:c0,50910:PASS1.0
2026.09.07,2026.09.07 16:25,2026.09.07 16:20,-1.0,1.0,,51072:c0,51077:NOMATCH-1.0
2026.09.07,2026.09.07 16:30,2026.09.07 16:25,-1.0,1.0,,51236:c0,51240:NOMATCH-1.0
2026.09.07,2026.09.07 16:35,2026.09.07 16:30,1.0,1.0,,51398:c1,51402:PASS1.0
2026.09.07,2026.09.07 16:40,2026.09.07 16:35,1.0,1.0,,51566:c0,51571:PASS1.0
2026.09.07,2026.09.07 16:45,2026.09.07 16:40,1.0,-1.0,,51730:c1,51734:PASS1.0
2026.09.07,2026.09.07 16:50,2026.09.07 16:45,-1.0,-1.0,,,
2026.09.07,2026.09.07 16:55,2026.09.07 16:50,1.0,-1.0,,,
2026.09.08,2026.09.08 16:30,2026.09.08 16:25,1.0,-1.0,,,
2026.09.08,2026.09.08 16:35,2026.09.08 16:30,-1.0,-1.0,,59346:c0,59386:PASS-1.0
2026.09.08,2026.09.08 16:40,2026.09.08 16:35,-1.0,-1.0,,59558:c0,59564:PASS-1.0
2026.09.08,2026.09.08 16:45,2026.09.08 16:40,1.0,1.0,,59737:c1,59742:NOMATCH1.0
2026.09.08,2026.09.08 16:50,2026.09.08 16:45,1.0,1.0,,59913:c0,59921:PASS1.0
2026.09.08,2026.09.08 16:55,2026.09.08 16:50,1.0,1.0,,59937:c0,
2026.09.08,2026.09.08 17:00,2026.09.08 16:55,-1.0,-1.0,,59961:c1,
2026.09.08,2026.09.08 17:05,2026.09.08 17:00,-1.0,-1.0,,,
2026.09.08,2026.09.08 17:10,2026.09.08 17:05,1.0,-1.0,,60245:c0,
2026.08.27,2026.08.27 16:35,2026.08.27 16:30,1.0,1.0,,11664:c0,11668:PASS1.0
2026.08.27,2026.08.27 16:40,2026.08.27 16:35,1.0,1.0,,11774:c0,11779:PASS1.0
2026.08.27,2026.08.27 16:45,2026.08.27 16:40,-1.0,-1.0,,,
2026.08.27,2026.08.27 16:50,2026.08.27 16:45,-1.0,-1.0,,,
2026.08.27,2026.08.27 16:55,2026.08.27 16:50,1.0,-1.0,,,
2026.08.27,2026.08.27 17:00,2026.08.27 16:55,1.0,-1.0,,11809:c0,
2026.08.27,2026.08.27 17:05,2026.08.27 17:00,-1.0,-1.0,,11835:c1,11860:BYPASS-1.0
2026.08.27,2026.08.27 17:10,2026.08.27 17:05,1.0,-1.0,,12093:c0,
2026.08.27,2026.08.27 17:15,2026.08.27 17:10,1.0,-1.0,,12113:c1,
2026.09.01,2026.09.01 09:25,2026.09.01 09:20,-1.0,-1.0,,22877:c0,22881:PASS-1.0
2026.09.01,2026.09.01 09:30,2026.09.01 09:25,-1.0,-1.0,,23012:c0,23017:PASS-1.0
2026.09.01,2026.09.01 09:35,2026.09.01 09:30,-1.0,-1.0,,23139:c0,23143:PASS-1.0
2026.09.01,2026.09.01 09:40,2026.09.01 09:35,-1.0,-1.0,,23265:c0,23269:PASS-1.0
2026.09.01,2026.09.01 09:45,2026.09.01 09:40,-1.0,1.0,,23391:c0,23395:PASS-1.0
2026.09.01,2026.09.01 09:50,2026.09.01 09:45,1.0,1.0,,23521:c0,23526:NOMATCH1.0
2026.09.01,2026.09.01 09:55,2026.09.01 09:50,1.0,1.0,,23651:c0,23659:PASS1.0
2026.09.01,2026.09.01 10:00,2026.09.01 09:55,1.0,1.0,,,
2026.09.01,2026.09.01 10:05,2026.09.01 10:00,1.0,1.0,,,
