bar_time,vote_j8,vote_j9,offset,differ
2026.08.26 00:00,-1.0,-1.0,0,0
2026.08.26 00:05,-1.0,-1.0,5,0
2026.08.26 00:10,1.0,-1.0,10,1
2026.08.26 00:15,1.0,-1.0,0,1
2026.08.26 00:20,-1.0,-1.0,5,0
2026.08.26 00:25,1.0,-1.0,10,1
2026.08.26 00:30,1.0,-1.0,0,1
2026.08.26 00:35,1.0,-1.0,5,1
2026.08.26 00:40,1.0,1.0,10,0
2026.08.26 00:45,1.0,1.0,0,0
2026.08.26 00:50,-1.0,1.0,5,1
2026.08.26 00:55,-1.0,1.0,10,1
2026.08.26 01:00,-1.0,-1.0,0,0
2026.08.26 01:05,1.0,-1.0,5,1
2026.08.26 01:10,1.0,1.0,10,0
2026.08.26 01:15,1.0,1.0,0,0
2026.08.26 01:20,1.0,1.0,5,0
2026.08.26 01:25,1.0,1.0,10,0
2026.08.26 01:30,1.0,1.0,0,0
2026.08.26 01:35,-1.0,1.0,5,1
2026.08.26 01:40,1.0,1.0,10,0
2026.08.26 01:45,1.0,1.0,0,0
2026.08.26 01:50,1.0,1.0,5,0
2026.08.26 01:55,1.0,1.0,10,0
2026.08.26 02:00,1.0,1.0,0,0
2026.08.26 02:05,1.0,1.0,5,0
2026.08.26 02:10,-1.0,1.0,10,1
2026.08.26 02:15,-1.0,-1.0,0,0
2026.08.26 02:20,1.0,-1.0,5,1
2026.08.26 02:25,1.0,-1.0,10,1
2026.08.26 02:30,-1.0,-1.0,0,0
2026.08.26 02:35,-1.0,-1.0,5,0
2026.08.26 02:40,-1.0,-1.0,10,0
2026.08.26 02:45,-1.0,-1.0,0,0
2026.08.26 02:50,-1.0,-1.0,5,0
2026.08.26 02:55,-1.0,-1.0,10,0
2026.08.26 03:00,1.0,-1.0,0,1
2026.08.26 03:05,1.0,-1.0,5,1
2026.08.26 03:10,-1.0,-1.0,10,0
2026.08.26 03:15,1.0,-1.0,0,1
2026.08.26 03:20,1.0,-1.0,5,1
2026.08.26 03:25,-1.0,-1.0,10,0
2026.08.26 03:30,-1.0,-1.0,0,0
2026.08.26 03:35,-1.0,-1.0,5,0
2026.08.26 03:40,-1.0,-1.0,10,0
2026.08.26 03:45,-1.0,-1.0,0,0
2026.08.26 03:50,1.0,-1.0,5,1
2026.08.26 03:55,1.0,-1.0,10,1
2026.08.26 04:00,1.0,-1.0,0,1
2026.08.26 04:05,1.0,-1.0,5,1
2026.08.26 04:10,-1.0,-1.0,10,0
2026.08.26 04:15,-1.0,-1.0,0,0
2026.08.26 04:20,-1.0,-1.0,5,0
2026.08.26 04:25,-1.0,-1.0,10,0
2026.08.26 04:30,-1.0,-1.0,0,0
2026.08.26 04:35,-1.0,-1.0,5,0
2026.08.26 04:40,-1.0,-1.0,10,0
2026.08.26 04:45,-1.0,-1.0,0,0
2026.08.26 04:50,1.0,-1.0,5,1
2026.08.26 04:55,1.0,-1.0,10,1
2026.08.26 05:00,1.0,-1.0,0,1
2026.08.26 05:05,1.0,-1.0,5,1
2026.08.26 05:10,-1.0,-1.0,10,0
2026.08.26 05:15,1.0,-1.0,0,1
2026.08.26 05:20,-1.0,-1.0,5,0
2026.08.26 05:25,-1.0,-1.0,10,0
2026.08.26 05:30,-1.0,-1.0,0,0
2026.08.26 05:35,1.0,-1.0,5,1
2026.08.26 05:40,1.0,-1.0,10,1
2026.08.26 05:45,1.0,-1.0,0,1
2026.08.26 05:50,1.0,-1.0,5,1
2026.08.26 05:55,1.0,-1.0,10,1
2026.08.26 06:00,-1.0,-1.0,0,0
2026.08.26 06:05,-1.0,-1.0,5,0
2026.08.26 06:10,-1.0,-1.0,10,0
2026.08.26 06:15,-1.0,-1.0,0,0
2026.08.26 06:20,-1.0,-1.0,5,0
2026.08.26 06:25,-1.0,-1.0,10,0
2026.08.26 06:30,1.0,-1.0,0,1
2026.08.26 06:35,-1.0,-1.0,5,0
2026.08.26 06:40,-1.0,-1.0,10,0
2026.08.26 06:45,-1.0,-1.0,0,0
2026.08.26 06:50,-1.0,-1.0,5,0
2026.08.26 06:55,-1.0,-1.0,10,0
2026.08.26 07:00,-1.0,-1.0,0,0
2026.08.26 07:05,1.0,-1.0,5,1
2026.08.26 07:10,1.0,-1.0,10,1
2026.08.26 07:15,-1.0,-1.0,0,0
2026.08.26 07:20,-1.0,-1.0,5,0
2026.08.26 07:25,1.0,-1.0,10,1
2026.08.26 07:30,1.0,-1.0,0,1
2026.08.26 07:35,-1.0,-1.0,5,0
2026.08.26 07:40,-1.0,-1.0,10,0
2026.08.26 07:45,-1.0,-1.0,0,0
2026.08.26 07:50,-1.0,-1.0,5,0
2026.08.26 07:55,-1.0,-1.0,10,0
2026.08.26 08:00,1.0,-1.0,0,1
2026.08.26 08:05,1.0,-1.0,5,1
2026.08.26 08:10,1.0,-1.0,10,1
2026.08.26 08:15,1.0,-1.0,0,1
2026.08.26 08:20,1.0,1.0,5,0
2026.08.26 08:25,1.0,1.0,10,0
2026.08.26 08:30,1.0,1.0,0,0
2026.08.26 08:35,1.0,1.0,5,0
2026.08.26 08:40,1.0,1.0,10,0
2026.08.26 08:45,1.0,1.0,0,0
2026.08.26 08:50,1.0,1.0,5,0
2026.08.26 08:55,-1.0,-1.0,10,0
2026.08.26 09:00,-1.0,-1.0,0,0
2026.08.26 09:05,-1.0,-1.0,5,0
2026.08.26 09:10,1.0,-1.0,10,1
2026.08.26 09:15,-1.0,-1.0,0,0
2026.08.26 09:20,1.0,-1.0,5,1
2026.08.26 09:25,1.0,-1.0,10,1
2026.08.26 09:30,-1.0,-1.0,0,0
2026.08.26 09:35,-1.0,-1.0,5,0
2026.08.26 09:40,-1.0,-1.0,10,0
2026.08.26 09:45,1.0,1.0,0,0
2026.08.26 09:50,1.0,1.0,5,0
2026.08.26 09:55,1.0,1.0,10,0
2026.08.26 10:00,1.0,1.0,0,0
2026.08.26 10:05,1.0,1.0,5,0
2026.08.26 10:10,1.0,1.0,10,0
2026.08.26 10:15,1.0,1.0,0,0
2026.08.26 10:20,1.0,1.0,5,0
2026.08.26 10:25,-1.0,1.0,10,1
2026.08.26 10:30,-1.0,1.0,0,1
2026.08.26 10:35,-1.0,1.0,5,1
2026.08.26 10:40,1.0,1.0,10,0
2026.08.26 10:45,1.0,1.0,0,0
2026.08.26 10:50,-1.0,1.0,5,1
2026.08.26 10:55,-1.0,1.0,10,1
2026.08.26 11:00,1.0,1.0,0,0
2026.08.26 11:05,1.0,1.0,5,0
2026.08.26 11:10,1.0,1.0,10,0
2026.08.26 11:15,1.0,1.0,0,0
2026.08.26 11:20,1.0,1.0,5,0
2026.08.26 11:25,-1.0,1.0,10,1
2026.08.26 11:30,-1.0,1.0,0,1
2026.08.26 11:35,-1.0,1.0,5,1
2026.08.26 11:40,-1.0,1.0,10,1
2026.08.26 11:45,1.0,1.0,0,0
2026.08.26 11:50,1.0,1.0,5,0
2026.08.26 11:55,-1.0,-1.0,10,0
2026.08.26 12:00,-1.0,-1.0,0,0
2026.08.26 12:05,-1.0,-1.0,5,0
2026.08.26 12:10,-1.0,-1.0,10,0
2026.08.26 12:15,-1.0,-1.0,0,0
2026.08.26 12:20,-1.0,-1.0,5,0
2026.08.26 12:25,-1.0,-1.0,10,0
2026.08.26 12:30,-1.0,-1.0,0,0
2026.08.26 12:35,1.0,-1.0,5,1
2026.08.26 12:40,1.0,-1.0,10,1
2026.08.26 12:45,-1.0,-1.0,0,0
2026.08.26 12:50,-1.0,-1.0,5,0
2026.08.26 12:55,1.0,-1.0,10,1
2026.08.26 13:00,-1.0,-1.0,0,0
2026.08.26 13:05,-1.0,-1.0,5,0
2026.08.26 13:10,1.0,-1.0,10,1
2026.08.26 13:15,-1.0,-1.0,0,0
2026.08.26 13:20,-1.0,-1.0,5,0
2026.08.26 13:25,-1.0,-1.0,10,0
2026.08.26 13:30,-1.0,-1.0,0,0
2026.08.26 13:35,1.0,-1.0,5,1
2026.08.26 13:40,1.0,-1.0,10,1
2026.08.26 13:45,-1.0,-1.0,0,0
2026.08.26 13:50,-1.0,-1.0,5,0
2026.08.26 13:55,-1.0,-1.0,10,0
2026.08.26 14:00,-1.0,-1.0,0,0
2026.08.26 14:05,1.0,-1.0,5,1
2026.08.26 14:10,1.0,-1.0,10,1
2026.08.26 14:15,1.0,-1.0,0,1
2026.08.26 14:20,1.0,-1.0,5,1
2026.08.26 14:25,-1.0,-1.0,10,0
2026.08.26 14:30,1.0,-1.0,0,1
2026.08.26 14:35,1.0,1.0,5,0
2026.08.26 14:40,1.0,1.0,10,0
2026.08.26 14:45,1.0,1.0,0,0
2026.08.26 14:50,1.0,1.0,5,0
2026.08.26 14:55,1.0,1.0,10,0
2026.08.26 15:00,1.0,1.0,0,0
2026.08.26 15:05,1.0,1.0,5,0
2026.08.26 15:10,1.0,1.0,10,0
2026.08.26 15:15,1.0,1.0,0,0
2026.08.26 15:20,1.0,1.0,5,0
2026.08.26 15:25,-1.0,1.0,10,1
2026.08.26 15:30,-1.0,1.0,0,1
2026.08.26 15:35,-1.0,1.0,5,1
2026.08.26 15:40,1.0,1.0,10,0
2026.08.26 15:45,1.0,1.0,0,0
2026.08.26 15:50,1.0,1.0,5,0
2026.08.26 15:55,-1.0,-1.0,10,0
2026.08.26 16:00,-1.0,-1.0,0,0
2026.08.26 16:05,-1.0,-1.0,5,0
2026.08.26 16:10,-1.0,-1.0,10,0
2026.08.26 16:15,1.0,-1.0,0,1
2026.08.26 16:20,1.0,-1.0,5,1
2026.08.26 16:25,1.0,-1.0,10,1
2026.08.26 16:30,1.0,-1.0,0,1
2026.08.26 16:35,-1.0,-1.0,5,0
2026.08.26 16:40,1.0,-1.0,10,1
2026.08.26 16:45,1.0,-1.0,0,1
2026.08.26 16:50,1.0,-1.0,5,1
2026.08.26 16:55,-1.0,-1.0,10,0
2026.08.26 17:00,-1.0,-1.0,0,0
2026.08.26 17:05,-1.0,-1.0,5,0
2026.08.26 17:10,-1.0,-1.0,10,0
2026.08.26 17:15,-1.0,-1.0,0,0
2026.08.26 17:20,-1.0,-1.0,5,0
2026.08.26 17:25,-1.0,-1.0,10,0
2026.08.26 17:30,-1.0,-1.0,0,0
2026.08.26 17:35,1.0,-1.0,5,1
2026.08.26 17:40,1.0,-1.0,10,1
2026.08.26 17:45,1.0,-1.0,0,1
2026.08.26 17:50,-1.0,-1.0,5,0
2026.08.26 17:55,-1.0,-1.0,10,0
2026.08.26 18:00,1.0,-1.0,0,1
2026.08.26 18:05,1.0,-1.0,5,1
2026.08.26 18:10,1.0,-1.0,10,1
2026.08.26 18:15,-1.0,1.0,0,1
2026.08.26 18:20,-1.0,1.0,5,1
2026.08.26 18:25,-1.0,1.0,10,1
2026.08.26 18:30,1.0,1.0,0,0
2026.08.26 18:35,1.0,1.0,5,0
2026.08.26 18:40,1.0,1.0,10,0
2026.08.26 18:45,1.0,1.0,0,0
2026.08.26 18:50,1.0,1.0,5,0
2026.08.26 18:55,-1.0,-1.0,10,0
2026.08.26 19:00,-1.0,-1.0,0,0
2026.08.26 19:05,1.0,-1.0,5,1
2026.08.26 19:10,1.0,-1.0,10,1
2026.08.26 19:15,1.0,-1.0,0,1
2026.08.26 19:20,1.0,-1.0,5,1
2026.08.26 19:25,1.0,-1.0,10,1
2026.08.26 19:30,1.0,-1.0,0,1
2026.08.26 19:35,-1.0,-1.0,5,0
2026.08.26 19:40,-1.0,-1.0,10,0
2026.08.26 19:45,-1.0,-1.0,0,0
2026.08.26 19:50,1.0,-1.0,5,1
2026.08.26 19:55,-1.0,-1.0,10,0
2026.08.26 20:00,1.0,-1.0,0,1
2026.08.26 20:05,1.0,-1.0,5,1
2026.08.26 20:10,-1.0,-1.0,10,0
2026.08.26 20:15,-1.0,-1.0,0,0
2026.08.26 20:20,-1.0,1.0,5,1
2026.08.26 20:25,1.0,1.0,10,0
2026.08.26 20:30,1.0,1.0,0,0
2026.08.26 20:35,1.0,1.0,5,0
2026.08.26 20:40,-1.0,1.0,10,1
2026.08.26 20:45,-1.0,1.0,0,1
2026.08.26 20:50,-1.0,1.0,5,1
2026.08.26 20:55,1.0,1.0,10,0
2026.08.26 21:00,1.0,1.0,0,0
2026.08.26 21:05,1.0,1.0,5,0
2026.08.26 21:10,1.0,1.0,10,0
2026.08.26 21:15,1.0,1.0,0,0
2026.08.26 21:20,1.0,1.0,5,0
2026.08.26 21:25,-1.0,1.0,10,1
2026.08.26 21:30,-1.0,-1.0,0,0
2026.08.26 21:35,-1.0,-1.0,5,0
2026.08.26 21:40,-1.0,-1.0,10,0
2026.08.26 21:45,-1.0,-1.0,0,0
2026.08.26 21:50,1.0,-1.0,5,1
2026.08.26 21:55,1.0,-1.0,10,1
2026.08.26 22:00,-1.0,-1.0,0,0
2026.08.26 22:05,-1.0,-1.0,5,0
2026.08.26 22:10,1.0,-1.0,10,1
2026.08.26 22:15,1.0,1.0,0,0
2026.08.26 22:20,1.0,1.0,5,0
2026.08.26 22:25,1.0,1.0,10,0
2026.08.26 22:30,-1.0,1.0,0,1
2026.08.26 22:35,-1.0,1.0,5,1
2026.08.26 22:40,1.0,1.0,10,0
2026.08.26 22:45,1.0,1.0,0,0
2026.08.26 22:50,-1.0,1.0,5,1
2026.08.26 22:55,-1.0,1.0,10,1
2026.08.26 23:00,1.0,1.0,0,0
2026.08.26 23:05,-1.0,-1.0,5,0
2026.08.26 23:10,1.0,-1.0,10,1
2026.08.26 23:15,1.0,-1.0,0,1
2026.08.26 23:20,1.0,-1.0,5,1
2026.08.26 23:25,1.0,-1.0,10,1
2026.08.26 23:30,1.0,-1.0,0,1
2026.08.26 23:35,1.0,-1.0,5,1
2026.08.26 23:40,1.0,1.0,10,0
2026.08.26 23:45,1.0,1.0,0,0
2026.08.26 23:50,-1.0,1.0,5,1
2026.08.26 23:55,-1.0,1.0,10,1
2026.08.27 00:00,-1.0,-1.0,0,0
2026.08.27 00:05,-1.0,-1.0,5,0
2026.08.27 00:10,-1.0,-1.0,10,0
2026.08.27 00:15,-1.0,-1.0,0,0
2026.08.27 00:20,1.0,-1.0,5,1
2026.08.27 00:25,1.0,-1.0,10,1
2026.08.27 00:30,1.0,-1.0,0,1
2026.08.27 00:35,1.0,1.0,5,0
2026.08.27 00:40,1.0,1.0,10,0
2026.08.27 00:45,1.0,1.0,0,0
2026.08.27 00:50,1.0,1.0,5,0
2026.08.27 00:55,1.0,1.0,10,0
2026.08.27 01:00,-1.0,1.0,0,1
2026.08.27 01:05,1.0,1.0,5,0
2026.08.27 01:10,1.0,1.0,10,0
2026.08.27 01:15,1.0,1.0,0,0
2026.08.27 01:20,1.0,1.0,5,0
2026.08.27 01:25,1.0,1.0,10,0
2026.08.27 01:30,1.0,1.0,0,0
2026.08.27 01:35,1.0,1.0,5,0
2026.08.27 01:40,1.0,1.0,10,0
2026.08.27 01:45,1.0,1.0,0,0
2026.08.27 01:50,-1.0,1.0,5,1
2026.08.27 01:55,-1.0,1.0,10,1
2026.08.27 02:00,-1.0,1.0,0,1
2026.08.27 02:05,1.0,1.0,5,0
2026.08.27 02:10,1.0,1.0,10,0
2026.08.27 02:15,1.0,1.0,0,0
2026.08.27 02:20,1.0,1.0,5,0
2026.08.27 02:25,1.0,1.0,10,0
2026.08.27 02:30,1.0,1.0,0,0
2026.08.27 02:35,1.0,1.0,5,0
2026.08.27 02:40,1.0,1.0,10,0
2026.08.27 02:45,1.0,1.0,0,0
2026.08.27 02:50,1.0,1.0,5,0
2026.08.27 02:55,1.0,1.0,10,0
2026.08.27 03:00,1.0,1.0,0,0
2026.08.27 03:05,-1.0,1.0,5,1
2026.08.27 03:10,-1.0,1.0,10,1
2026.08.27 03:15,-1.0,1.0,0,1
2026.08.27 03:20,1.0,1.0,5,0
2026.08.27 03:25,1.0,1.0,10,0
2026.08.27 03:30,1.0,1.0,0,0
2026.08.27 03:35,1.0,1.0,5,0
2026.08.27 03:40,-1.0,1.0,10,1
2026.08.27 03:45,-1.0,1.0,0,1
2026.08.27 03:50,-1.0,1.0,5,1
2026.08.27 03:55,-1.0,-1.0,10,0
2026.08.27 04:00,1.0,1.0,0,0
2026.08.27 04:05,1.0,1.0,5,0
2026.08.27 04:10,1.0,1.0,10,0
2026.08.27 04:15,1.0,1.0,0,0
2026.08.27 04:20,1.0,1.0,5,0
2026.08.27 04:25,1.0,1.0,10,0
2026.08.27 04:30,-1.0,1.0,0,1
2026.08.27 04:35,-1.0,1.0,5,1
2026.08.27 04:40,-1.0,1.0,10,1
2026.08.27 04:45,-1.0,1.0,0,1
2026.08.27 04:50,-1.0,1.0,5,1
2026.08.27 04:55,1.0,1.0,10,0
2026.08.27 05:00,1.0,1.0,0,0
2026.08.27 05:05,1.0,1.0,5,0
2026.08.27 05:10,1.0,1.0,10,0
2026.08.27 05:15,-1.0,1.0,0,1
2026.08.27 05:20,-1.0,1.0,5,1
2026.08.27 05:25,-1.0,-1.0,10,0
2026.08.27 05:30,-1.0,-1.0,0,0
2026.08.27 05:35,-1.0,-1.0,5,0
2026.08.27 05:40,1.0,-1.0,10,1
2026.08.27 05:45,1.0,-1.0,0,1
2026.08.27 05:50,1.0,-1.0,5,1
2026.08.27 05:55,1.0,-1.0,10,1
2026.08.27 06:00,1.0,-1.0,0,1
2026.08.27 06:05,1.0,-1.0,5,1
2026.08.27 06:10,-1.0,-1.0,10,0
2026.08.27 06:15,1.0,-1.0,0,1
2026.08.27 06:20,1.0,-1.0,5,1
2026.08.27 06:25,-1.0,-1.0,10,0
2026.08.27 06:30,-1.0,-1.0,0,0
2026.08.27 06:35,1.0,-1.0,5,1
2026.08.27 06:40,-1.0,-1.0,10,0
2026.08.27 06:45,1.0,-1.0,0,1
2026.08.27 06:50,1.0,-1.0,5,1
2026.08.27 06:55,1.0,-1.0,10,1
2026.08.27 07:00,-1.0,-1.0,0,0
2026.08.27 07:05,1.0,1.0,5,0
2026.08.27 07:10,-1.0,1.0,10,1
2026.08.27 07:15,-1.0,1.0,0,1
2026.08.27 07:20,-1.0,1.0,5,1
2026.08.27 07:25,-1.0,1.0,10,1
2026.08.27 07:30,1.0,1.0,0,0
2026.08.27 07:35,1.0,1.0,5,0
2026.08.27 07:40,1.0,1.0,10,0
2026.08.27 07:45,-1.0,1.0,0,1
2026.08.27 07:50,-1.0,1.0,5,1
2026.08.27 07:55,-1.0,1.0,10,1
2026.08.27 08:00,-1.0,1.0,0,1
2026.08.27 08:05,-1.0,1.0,5,1
2026.08.27 08:10,1.0,1.0,10,0
2026.08.27 08:15,1.0,1.0,0,0
2026.08.27 08:20,-1.0,-1.0,5,0
2026.08.27 08:25,1.0,-1.0,10,1
2026.08.27 08:30,1.0,-1.0,0,1
2026.08.27 08:35,1.0,-1.0,5,1
2026.08.27 08:40,-1.0,-1.0,10,0
2026.08.27 08:45,-1.0,-1.0,0,0
2026.08.27 08:50,1.0,-1.0,5,1
2026.08.27 08:55,-1.0,-1.0,10,0
2026.08.27 09:00,1.0,-1.0,0,1
2026.08.27 09:05,-1.0,-1.0,5,0
2026.08.27 09:10,-1.0,-1.0,10,0
2026.08.27 09:15,1.0,-1.0,0,1
2026.08.27 09:20,-1.0,1.0,5,1
2026.08.27 09:25,-1.0,1.0,10,1
2026.08.27 09:30,-1.0,1.0,0,1
2026.08.27 09:35,1.0,1.0,5,0
2026.08.27 09:40,-1.0,1.0,10,1
2026.08.27 09:45,1.0,1.0,0,0
2026.08.27 09:50,-1.0,1.0,5,1
2026.08.27 09:55,-1.0,1.0,10,1
2026.08.27 10:00,-1.0,1.0,0,1
2026.08.27 10:05,1.0,1.0,5,0
2026.08.27 10:10,-1.0,1.0,10,1
2026.08.27 10:15,1.0,1.0,0,0
2026.08.27 10:20,1.0,1.0,5,0
2026.08.27 10:25,-1.0,1.0,10,1
2026.08.27 10:30,-1.0,-1.0,0,0
2026.08.27 10:35,-1.0,-1.0,5,0
2026.08.27 10:40,1.0,-1.0,10,1
2026.08.27 10:45,1.0,-1.0,0,1
2026.08.27 10:50,1.0,-1.0,5,1
2026.08.27 10:55,-1.0,-1.0,10,0
2026.08.27 11:00,1.0,1.0,0,0
2026.08.27 11:05,1.0,1.0,5,0
2026.08.27 11:10,1.0,1.0,10,0
2026.08.27 11:15,-1.0,1.0,0,1
2026.08.27 11:20,-1.0,1.0,5,1
2026.08.27 11:25,-1.0,-1.0,10,0
2026.08.27 11:30,-1.0,-1.0,0,0
2026.08.27 11:35,-1.0,-1.0,5,0
2026.08.27 11:40,1.0,-1.0,10,1
2026.08.27 11:45,1.0,-1.0,0,1
2026.08.27 11:50,1.0,-1.0,5,1
2026.08.27 11:55,1.0,-1.0,10,1
2026.08.27 12:00,-1.0,-1.0,0,0
2026.08.27 12:05,-1.0,-1.0,5,0
2026.08.27 12:10,1.0,-1.0,10,1
2026.08.27 12:15,1.0,-1.0,0,1
2026.08.27 12:20,-1.0,-1.0,5,0
2026.08.27 12:25,-1.0,-1.0,10,0
2026.08.27 12:30,1.0,-1.0,0,1
2026.08.27 12:35,1.0,-1.0,5,1
2026.08.27 12:40,-1.0,-1.0,10,0
2026.08.27 12:45,-1.0,-1.0,0,0
2026.08.27 12:50,1.0,-1.0,5,1
2026.08.27 12:55,1.0,-1.0,10,1
2026.08.27 13:00,-1.0,-1.0,0,0
2026.08.27 13:05,-1.0,-1.0,5,0
2026.08.27 13:10,-1.0,-1.0,10,0
2026.08.27 13:15,1.0,-1.0,0,1
2026.08.27 13:20,1.0,1.0,5,0
2026.08.27 13:25,-1.0,1.0,10,1
2026.08.27 13:30,-1.0,1.0,0,1
2026.08.27 13:35,-1.0,1.0,5,1
2026.08.27 13:40,-1.0,-1.0,10,0
2026.08.27 13:45,1.0,-1.0,0,1
2026.08.27 13:50,-1.0,-1.0,5,0
2026.08.27 13:55,-1.0,-1.0,10,0
2026.08.27 14:00,-1.0,-1.0,0,0
2026.08.27 14:05,-1.0,-1.0,5,0
2026.08.27 14:10,-1.0,-1.0,10,0
2026.08.27 14:15,-1.0,-1.0,0,0
2026.08.27 14:20,-1.0,-1.0,5,0
2026.08.27 14:25,1.0,-1.0,10,1
2026.08.27 14:30,-1.0,-1.0,0,0
2026.08.27 14:35,-1.0,-1.0,5,0
2026.08.27 14:40,1.0,-1.0,10,1
2026.08.27 14:45,1.0,-1.0,0,1
2026.08.27 14:50,-1.0,-1.0,5,0
2026.08.27 14:55,1.0,-1.0,10,1
2026.08.27 15:00,1.0,-1.0,0,1
2026.08.27 15:05,1.0,-1.0,5,1
2026.08.27 15:10,-1.0,-1.0,10,0
2026.08.27 15:15,-1.0,-1.0,0,0
2026.08.27 15:20,-1.0,-1.0,5,0
2026.08.27 15:25,-1.0,-1.0,10,0
2026.08.27 15:30,1.0,-1.0,0,1
2026.08.27 15:35,-1.0,-1.0,5,0
2026.08.27 15:40,-1.0,-1.0,10,0
2026.08.27 15:45,1.0,-1.0,0,1
2026.08.27 15:50,1.0,-1.0,5,1
2026.08.27 15:55,-1.0,-1.0,10,0
2026.08.27 16:00,-1.0,-1.0,0,0
2026.08.27 16:05,1.0,1.0,5,0
2026.08.27 16:10,1.0,1.0,10,0
2026.08.27 16:15,1.0,1.0,0,0
2026.08.27 16:20,1.0,1.0,5,0
2026.08.27 16:25,1.0,1.0,10,0
2026.08.27 16:30,1.0,1.0,0,0
2026.08.27 16:35,1.0,1.0,5,0
2026.08.27 16:40,-1.0,1.0,10,1
2026.08.27 16:45,-1.0,1.0,0,1
2026.08.27 16:50,1.0,1.0,5,0
2026.08.27 16:55,1.0,1.0,10,0
2026.08.27 17:00,-1.0,1.0,0,1
2026.08.27 17:05,1.0,-1.0,5,1
2026.08.27 17:10,1.0,-1.0,10,1
2026.08.27 17:15,-1.0,-1.0,0,0
2026.08.27 17:20,-1.0,-1.0,5,0
2026.08.27 17:25,-1.0,-1.0,10,0
2026.08.27 17:30,-1.0,-1.0,0,0
2026.08.27 17:35,1.0,-1.0,5,1
2026.08.27 17:40,1.0,1.0,10,0
2026.08.27 17:45,-1.0,1.0,0,1
2026.08.27 17:50,-1.0,1.0,5,1
2026.08.27 17:55,-1.0,1.0,10,1
2026.08.27 18:00,-1.0,1.0,0,1
2026.08.27 18:05,-1.0,1.0,5,1
2026.08.27 18:10,1.0,1.0,10,0
2026.08.27 18:15,1.0,1.0,0,0
2026.08.27 18:20,-1.0,1.0,5,1
2026.08.27 18:25,-1.0,1.0,10,1
2026.08.27 18:30,-1.0,1.0,0,1
2026.08.27 18:35,1.0,1.0,5,0
2026.08.27 18:40,1.0,1.0,10,0
2026.08.27 18:45,1.0,1.0,0,0
2026.08.27 18:50,-1.0,1.0,5,1
2026.08.27 18:55,1.0,1.0,10,0
2026.08.27 19:00,1.0,1.0,0,0
2026.08.27 19:05,-1.0,1.0,5,1
2026.08.27 19:10,-1.0,1.0,10,1
2026.08.27 19:15,1.0,1.0,0,0
2026.08.27 19:20,-1.0,-1.0,5,0
2026.08.27 19:25,1.0,-1.0,10,1
2026.08.27 19:30,1.0,1.0,0,0
2026.08.27 19:35,1.0,1.0,5,0
2026.08.27 19:40,-1.0,1.0,10,1
2026.08.27 19:45,-1.0,1.0,0,1
2026.08.27 19:50,-1.0,1.0,5,1
2026.08.27 19:55,-1.0,1.0,10,1
2026.08.27 20:00,-1.0,1.0,0,1
2026.08.27 20:05,1.0,1.0,5,0
2026.08.27 20:10,1.0,1.0,10,0
2026.08.27 20:15,-1.0,1.0,0,1
2026.08.27 20:20,-1.0,-1.0,5,0
2026.08.27 20:25,-1.0,-1.0,10,0
2026.08.27 20:30,-1.0,-1.0,0,0
2026.08.27 20:35,-1.0,-1.0,5,0
2026.08.27 20:40,-1.0,-1.0,10,0
2026.08.27 20:45,-1.0,-1.0,0,0
2026.08.27 20:50,-1.0,-1.0,5,0
2026.08.27 20:55,1.0,-1.0,10,1
2026.08.27 21:00,1.0,-1.0,0,1
2026.08.27 21:05,-1.0,-1.0,5,0
2026.08.27 21:10,-1.0,-1.0,10,0
2026.08.27 21:15,1.0,-1.0,0,1
2026.08.27 21:20,1.0,-1.0,5,1
2026.08.27 21:25,-1.0,-1.0,10,0
2026.08.27 21:30,-1.0,-1.0,0,0
2026.08.27 21:35,-1.0,-1.0,5,0
2026.08.27 21:40,1.0,-1.0,10,1
2026.08.27 21:45,1.0,-1.0,0,1
2026.08.27 21:50,1.0,-1.0,5,1
2026.08.27 21:55,1.0,1.0,10,0
2026.08.27 22:00,-1.0,1.0,0,1
2026.08.27 22:05,-1.0,1.0,5,1
2026.08.27 22:10,1.0,1.0,10,0
2026.08.27 22:15,-1.0,1.0,0,1
2026.08.27 22:20,-1.0,1.0,5,1
2026.08.27 22:25,-1.0,1.0,10,1
2026.08.27 22:30,-1.0,1.0,0,1
2026.08.27 22:35,-1.0,1.0,5,1
2026.08.27 22:40,-1.0,1.0,10,1
2026.08.27 22:45,-1.0,1.0,0,1
2026.08.27 22:50,-1.0,1.0,5,1
2026.08.27 22:55,-1.0,1.0,10,1
2026.08.27 23:00,-1.0,1.0,0,1
2026.08.27 23:05,1.0,1.0,5,0
2026.08.27 23:10,1.0,1.0,10,0
2026.08.27 23:15,1.0,1.0,0,0
2026.08.27 23:20,-1.0,1.0,5,1
2026.08.27 23:25,-1.0,1.0,10,1
2026.08.27 23:30,-1.0,1.0,0,1
2026.08.27 23:35,-1.0,1.0,5,1
2026.08.27 23:40,1.0,1.0,10,0
2026.08.27 23:45,1.0,1.0,0,0
2026.08.27 23:50,1.0,1.0,5,0
2026.08.27 23:55,1.0,1.0,10,0
2026.08.28 00:00,1.0,1.0,0,0
2026.08.28 00:05,-1.0,-1.0,5,0
2026.08.28 00:10,1.0,-1.0,10,1
2026.08.28 00:15,1.0,-1.0,0,1
2026.08.28 00:20,1.0,-1.0,5,1
2026.08.28 00:25,1.0,1.0,10,0
2026.08.28 00:30,1.0,1.0,0,0
2026.08.28 00:35,1.0,1.0,5,0
2026.08.28 00:40,-1.0,1.0,10,1
2026.08.28 00:45,1.0,1.0,0,0
2026.08.28 00:50,1.0,1.0,5,0
2026.08.28 00:55,1.0,1.0,10,0
2026.08.28 01:00,1.0,1.0,0,0
2026.08.28 01:05,1.0,1.0,5,0
2026.08.28 01:10,1.0,1.0,10,0
2026.08.28 01:15,1.0,1.0,0,0
2026.08.28 01:20,1.0,1.0,5,0
2026.08.28 01:25,1.0,1.0,10,0
2026.08.28 01:30,-1.0,1.0,0,1
2026.08.28 01:35,-1.0,1.0,5,1
2026.08.28 01:40,-1.0,1.0,10,1
2026.08.28 01:45,-1.0,1.0,0,1
2026.08.28 01:50,-1.0,1.0,5,1
2026.08.28 01:55,-1.0,1.0,10,1
2026.08.28 02:00,1.0,1.0,0,0
2026.08.28 02:05,1.0,1.0,5,0
2026.08.28 02:10,1.0,1.0,10,0
2026.08.28 02:15,1.0,1.0,0,0
2026.08.28 02:20,1.0,1.0,5,0
2026.08.28 02:25,1.0,1.0,10,0
2026.08.28 02:30,-1.0,1.0,0,1
2026.08.28 02:35,-1.0,1.0,5,1
2026.08.28 02:40,1.0,1.0,10,0
2026.08.28 02:45,1.0,1.0,0,0
2026.08.28 02:50,1.0,1.0,5,0
2026.08.28 02:55,1.0,1.0,10,0
2026.08.28 03:00,-1.0,1.0,0,1
2026.08.28 03:05,-1.0,-1.0,5,0
2026.08.28 03:10,-1.0,-1.0,10,0
2026.08.28 03:15,-1.0,-1.0,0,0
2026.08.28 03:20,-1.0,-1.0,5,0
2026.08.28 03:25,1.0,-1.0,10,1
2026.08.28 03:30,1.0,-1.0,0,1
2026.08.28 03:35,1.0,-1.0,5,1
2026.08.28 03:40,1.0,-1.0,10,1
2026.08.28 03:45,1.0,-1.0,0,1
2026.08.28 03:50,1.0,-1.0,5,1
2026.08.28 03:55,-1.0,-1.0,10,0
2026.08.28 04:00,-1.0,-1.0,0,0
2026.08.28 04:05,1.0,1.0,5,0
2026.08.28 04:10,1.0,1.0,10,0
2026.08.28 04:15,-1.0,1.0,0,1
2026.08.28 04:20,-1.0,1.0,5,1
2026.08.28 04:25,-1.0,1.0,10,1
2026.08.28 04:30,-1.0,1.0,0,1
2026.08.28 04:35,1.0,1.0,5,0
2026.08.28 04:40,1.0,1.0,10,0
2026.08.28 04:45,-1.0,1.0,0,1
2026.08.28 04:50,-1.0,1.0,5,1
2026.08.28 04:55,-1.0,-1.0,10,0
2026.08.28 05:00,-1.0,-1.0,0,0
2026.08.28 05:05,-1.0,-1.0,5,0
2026.08.28 05:10,1.0,-1.0,10,1
2026.08.28 05:15,-1.0,-1.0,0,0
2026.08.28 05:20,1.0,-1.0,5,1
2026.08.28 05:25,1.0,-1.0,10,1
2026.08.28 05:30,-1.0,-1.0,0,0
2026.08.28 05:35,-1.0,-1.0,5,0
2026.08.28 05:40,-1.0,-1.0,10,0
2026.08.28 05:45,-1.0,-1.0,0,0
2026.08.28 05:50,1.0,-1.0,5,1
2026.08.28 05:55,1.0,1.0,10,0
2026.08.28 06:00,1.0,1.0,0,0
2026.08.28 06:05,1.0,1.0,5,0
2026.08.28 06:10,1.0,1.0,10,0
2026.08.28 06:15,-1.0,1.0,0,1
2026.08.28 06:20,-1.0,1.0,5,1
2026.08.28 06:25,-1.0,1.0,10,1
2026.08.28 06:30,1.0,1.0,0,0
2026.08.28 06:35,-1.0,1.0,5,1
2026.08.28 06:40,-1.0,-1.0,10,0
2026.08.28 06:45,-1.0,-1.0,0,0
2026.08.28 06:50,-1.0,-1.0,5,0
2026.08.28 06:55,-1.0,-1.0,10,0
2026.08.28 07:00,-1.0,-1.0,0,0
2026.08.28 07:05,-1.0,-1.0,5,0
2026.08.28 07:10,1.0,-1.0,10,1
2026.08.28 07:15,-1.0,-1.0,0,0
2026.08.28 07:20,1.0,-1.0,5,1
2026.08.28 07:25,-1.0,-1.0,10,0
2026.08.28 07:30,-1.0,-1.0,0,0
2026.08.28 07:35,-1.0,-1.0,5,0
2026.08.28 07:40,-1.0,-1.0,10,0
2026.08.28 07:45,1.0,-1.0,0,1
2026.08.28 07:50,1.0,-1.0,5,1
2026.08.28 07:55,-1.0,-1.0,10,0
2026.08.28 08:00,1.0,-1.0,0,1
2026.08.28 08:05,1.0,-1.0,5,1
2026.08.28 08:10,-1.0,-1.0,10,0
2026.08.28 08:15,-1.0,-1.0,0,0
2026.08.28 08:20,1.0,-1.0,5,1
2026.08.28 08:25,1.0,-1.0,10,1
2026.08.28 08:30,1.0,-1.0,0,1
2026.08.28 08:35,1.0,-1.0,5,1
2026.08.28 08:40,-1.0,-1.0,10,0
2026.08.28 08:45,-1.0,-1.0,0,0
2026.08.28 08:50,-1.0,-1.0,5,0
2026.08.28 08:55,-1.0,-1.0,10,0
2026.08.28 09:00,-1.0,1.0,0,1
2026.08.28 09:05,-1.0,1.0,5,1
2026.08.28 09:10,-1.0,1.0,10,1
2026.08.28 09:15,-1.0,1.0,0,1
2026.08.28 09:20,-1.0,1.0,5,1
2026.08.28 09:25,1.0,1.0,10,0
2026.08.28 09:30,1.0,1.0,0,0
2026.08.28 09:35,1.0,1.0,5,0
2026.08.28 09:40,-1.0,1.0,10,1
2026.08.28 09:45,1.0,1.0,0,0
2026.08.28 09:50,1.0,1.0,5,0
2026.08.28 09:55,1.0,1.0,10,0
2026.08.28 10:00,1.0,1.0,0,0
2026.08.28 10:05,-1.0,1.0,5,1
2026.08.28 10:10,-1.0,-1.0,10,0
2026.08.28 10:15,-1.0,-1.0,0,0
2026.08.28 10:20,-1.0,-1.0,5,0
2026.08.28 10:25,-1.0,-1.0,10,0
2026.08.28 10:30,-1.0,-1.0,0,0
2026.08.28 10:35,1.0,-1.0,5,1
2026.08.28 10:40,1.0,1.0,10,0
2026.08.28 10:45,1.0,1.0,0,0
2026.08.28 10:50,1.0,1.0,5,0
2026.08.28 10:55,1.0,1.0,10,0
2026.08.28 11:00,1.0,1.0,0,0
2026.08.28 11:05,1.0,1.0,5,0
2026.08.28 11:10,-1.0,1.0,10,1
2026.08.28 11:15,-1.0,1.0,0,1
2026.08.28 11:20,-1.0,1.0,5,1
2026.08.28 11:25,-1.0,1.0,10,1
2026.08.28 11:30,-1.0,1.0,0,1
2026.08.28 11:35,1.0,1.0,5,0
2026.08.28 11:40,1.0,1.0,10,0
2026.08.28 11:45,-1.0,1.0,0,1
2026.08.28 11:50,-1.0,1.0,5,1
2026.08.28 11:55,-1.0,1.0,10,1
2026.08.28 12:00,1.0,1.0,0,0
2026.08.28 12:05,-1.0,1.0,5,1
2026.08.28 12:10,-1.0,1.0,10,1
2026.08.28 12:15,1.0,-1.0,0,1
2026.08.28 12:20,1.0,-1.0,5,1
2026.08.28 12:25,1.0,-1.0,10,1
2026.08.28 12:30,1.0,-1.0,0,1
2026.08.28 12:35,1.0,-1.0,5,1
2026.08.28 12:40,-1.0,-1.0,10,0
2026.08.28 12:45,-1.0,-1.0,0,0
2026.08.28 12:50,-1.0,-1.0,5,0
2026.08.28 12:55,-1.0,-1.0,10,0
2026.08.28 13:00,-1.0,-1.0,0,0
2026.08.28 13:05,-1.0,-1.0,5,0
2026.08.28 13:10,-1.0,-1.0,10,0
2026.08.28 13:15,-1.0,-1.0,0,0
2026.08.28 13:20,1.0,-1.0,5,1
2026.08.28 13:25,1.0,1.0,10,0
2026.08.28 13:30,1.0,1.0,0,0
2026.08.28 13:35,1.0,1.0,5,0
2026.08.28 13:40,1.0,1.0,10,0
2026.08.28 13:45,1.0,1.0,0,0
2026.08.28 13:50,1.0,1.0,5,0
2026.08.28 13:55,1.0,1.0,10,0
2026.08.28 14:00,1.0,1.0,0,0
2026.08.28 14:05,-1.0,1.0,5,1
2026.08.28 14:10,-1.0,1.0,10,1
2026.08.28 14:15,-1.0,1.0,0,1
2026.08.28 14:20,-1.0,1.0,5,1
2026.08.28 14:25,1.0,1.0,10,0
2026.08.28 14:30,-1.0,1.0,0,1
2026.08.28 14:35,1.0,1.0,5,0
2026.08.28 14:40,1.0,1.0,10,0
2026.08.28 14:45,1.0,1.0,0,0
2026.08.28 14:50,-1.0,1.0,5,1
2026.08.28 14:55,-1.0,1.0,10,1
2026.08.28 15:00,-1.0,1.0,0,1
2026.08.28 15:05,1.0,1.0,5,0
2026.08.28 15:10,1.0,1.0,10,0
2026.08.28 15:15,-1.0,1.0,0,1
2026.08.28 15:20,-1.0,1.0,5,1
2026.08.28 15:25,-1.0,1.0,10,1
2026.08.28 15:30,-1.0,1.0,0,1
2026.08.28 15:35,-1.0,-1.0,5,0
2026.08.28 15:40,-1.0,-1.0,10,0
2026.08.28 15:45,1.0,-1.0,0,1
2026.08.28 15:50,1.0,-1.0,5,1
2026.08.28 15:55,1.0,-1.0,10,1
2026.08.28 16:00,1.0,1.0,0,0
2026.08.28 16:05,1.0,1.0,5,0
2026.08.28 16:10,1.0,1.0,10,0
2026.08.28 16:15,-1.0,-1.0,0,0
2026.08.28 16:20,-1.0,-1.0,5,0
2026.08.28 16:25,-1.0,-1.0,10,0
2026.08.28 16:30,-1.0,-1.0,0,0
2026.08.28 16:35,-1.0,-1.0,5,0
2026.08.28 16:40,1.0,-1.0,10,1
2026.08.28 16:45,-1.0,-1.0,0,0
2026.08.28 16:50,-1.0,-1.0,5,0
2026.08.28 16:55,-1.0,-1.0,10,0
2026.08.28 17:00,-1.0,-1.0,0,0
2026.08.28 17:05,-1.0,-1.0,5,0
2026.08.28 17:10,-1.0,-1.0,10,0
2026.08.28 17:15,-1.0,-1.0,0,0
2026.08.28 17:20,-1.0,-1.0,5,0
2026.08.28 17:25,-1.0,-1.0,10,0
2026.08.28 17:30,-1.0,-1.0,0,0
2026.08.28 17:35,1.0,-1.0,5,1
2026.08.28 17:40,1.0,-1.0,10,1
2026.08.28 17:45,-1.0,-1.0,0,0
2026.08.28 17:50,-1.0,-1.0,5,0
2026.08.28 17:55,1.0,-1.0,10,1
2026.08.28 18:00,1.0,-1.0,0,1
2026.08.28 18:05,1.0,-1.0,5,1
2026.08.28 18:10,1.0,-1.0,10,1
2026.08.28 18:15,-1.0,-1.0,0,0
2026.08.28 18:20,-1.0,-1.0,5,0
2026.08.28 18:25,-1.0,-1.0,10,0
2026.08.28 18:30,-1.0,-1.0,0,0
2026.08.28 18:35,-1.0,-1.0,5,0
2026.08.28 18:40,-1.0,-1.0,10,0
2026.08.28 18:45,-1.0,-1.0,0,0
2026.08.28 18:50,-1.0,-1.0,5,0
2026.08.28 18:55,1.0,-1.0,10,1
2026.08.28 19:00,-1.0,-1.0,0,0
2026.08.28 19:05,-1.0,-1.0,5,0
2026.08.28 19:10,-1.0,-1.0,10,0
2026.08.28 19:15,-1.0,-1.0,0,0
2026.08.28 19:20,-1.0,-1.0,5,0
2026.08.28 19:25,-1.0,-1.0,10,0
2026.08.28 19:30,1.0,-1.0,0,1
2026.08.28 19:35,1.0,-1.0,5,1
2026.08.28 19:40,1.0,-1.0,10,1
2026.08.28 19:45,-1.0,-1.0,0,0
2026.08.28 19:50,-1.0,-1.0,5,0
2026.08.28 19:55,1.0,-1.0,10,1
2026.08.28 20:00,-1.0,-1.0,0,0
2026.08.28 20:05,-1.0,-1.0,5,0
2026.08.28 20:10,1.0,-1.0,10,1
2026.08.28 20:15,1.0,-1.0,0,1
2026.08.28 20:20,1.0,-1.0,5,1
2026.08.28 20:25,1.0,-1.0,10,1
2026.08.28 20:30,1.0,-1.0,0,1
2026.08.28 20:35,-1.0,-1.0,5,0
2026.08.28 20:40,-1.0,-1.0,10,0
2026.08.28 20:45,-1.0,-1.0,0,0
2026.08.28 20:50,-1.0,-1.0,5,0
2026.08.28 20:55,-1.0,-1.0,10,0
2026.08.28 21:00,-1.0,-1.0,0,0
2026.08.28 21:05,-1.0,-1.0,5,0
2026.08.28 21:10,1.0,-1.0,10,1
2026.08.28 21:15,1.0,-1.0,0,1
2026.08.28 21:20,1.0,-1.0,5,1
2026.08.28 21:25,1.0,-1.0,10,1
2026.08.28 21:30,1.0,-1.0,0,1
2026.08.28 21:35,-1.0,-1.0,5,0
2026.08.28 21:40,-1.0,-1.0,10,0
2026.08.28 21:45,-1.0,-1.0,0,0
2026.08.28 21:50,-1.0,-1.0,5,0
2026.08.28 21:55,1.0,-1.0,10,1
2026.08.28 22:00,1.0,-1.0,0,1
2026.08.28 22:05,1.0,-1.0,5,1
2026.08.28 22:10,1.0,-1.0,10,1
2026.08.28 22:15,1.0,-1.0,0,1
2026.08.28 22:20,1.0,-1.0,5,1
2026.08.28 22:25,1.0,1.0,10,0
2026.08.28 22:30,1.0,1.0,0,0
2026.08.28 22:35,1.0,1.0,5,0
2026.08.28 22:40,1.0,1.0,10,0
2026.08.28 22:45,1.0,1.0,0,0
2026.08.28 22:50,1.0,1.0,5,0
2026.08.28 22:55,1.0,1.0,10,0
2026.08.28 23:00,-1.0,1.0,0,1
2026.08.28 23:05,-1.0,-1.0,5,0
2026.08.28 23:10,-1.0,-1.0,10,0
2026.08.28 23:15,-1.0,-1.0,0,0
2026.08.28 23:20,-1.0,-1.0,5,0
2026.08.28 23:25,-1.0,-1.0,10,0
2026.08.28 23:30,-1.0,1.0,0,1
2026.08.28 23:35,-1.0,1.0,5,1
2026.08.28 23:40,-1.0,-1.0,10,0
2026.08.28 23:45,1.0,-1.0,0,1
2026.08.28 23:50,1.0,-1.0,5,1
2026.08.28 23:55,1.0,-1.0,10,1
2026.08.31 00:00,1.0,-1.0,0,1
2026.08.31 00:05,-1.0,-1.0,5,0
2026.08.31 00:10,-1.0,-1.0,10,0
2026.08.31 00:15,1.0,-1.0,0,1
2026.08.31 00:20,1.0,-1.0,5,1
2026.08.31 00:25,1.0,-1.0,10,1
2026.08.31 00:30,1.0,-1.0,0,1
2026.08.31 00:35,-1.0,-1.0,5,0
2026.08.31 00:40,-1.0,-1.0,10,0
2026.08.31 00:45,-1.0,-1.0,0,0
2026.08.31 00:50,-1.0,-1.0,5,0
2026.08.31 00:55,-1.0,-1.0,10,0
2026.08.31 01:00,-1.0,-1.0,0,0
2026.08.31 01:05,1.0,-1.0,5,1
2026.08.31 01:10,1.0,-1.0,10,1
2026.08.31 01:15,1.0,-1.0,0,1
2026.08.31 01:20,1.0,-1.0,5,1
2026.08.31 01:25,1.0,-1.0,10,1
2026.08.31 01:30,1.0,-1.0,0,1
2026.08.31 01:35,1.0,1.0,5,0
2026.08.31 01:40,1.0,1.0,10,0
2026.08.31 01:45,1.0,1.0,0,0
2026.08.31 01:50,1.0,1.0,5,0
2026.08.31 01:55,1.0,1.0,10,0
2026.08.31 02:00,1.0,1.0,0,0
2026.08.31 02:05,1.0,1.0,5,0
2026.08.31 02:10,-1.0,1.0,10,1
2026.08.31 02:15,1.0,1.0,0,0
2026.08.31 02:20,1.0,1.0,5,0
2026.08.31 02:25,1.0,1.0,10,0
2026.08.31 02:30,1.0,1.0,0,0
2026.08.31 02:35,1.0,1.0,5,0
2026.08.31 02:40,1.0,1.0,10,0
2026.08.31 02:45,1.0,1.0,0,0
2026.08.31 02:50,-1.0,1.0,5,1
2026.08.31 02:55,1.0,1.0,10,0
2026.08.31 03:00,1.0,1.0,0,0
2026.08.31 03:05,1.0,1.0,5,0
2026.08.31 03:10,1.0,1.0,10,0
2026.08.31 03:15,1.0,1.0,0,0
2026.08.31 03:20,-1.0,1.0,5,1
2026.08.31 03:25,-1.0,1.0,10,1
2026.08.31 03:30,-1.0,-1.0,0,0
2026.08.31 03:35,1.0,-1.0,5,1
2026.08.31 03:40,1.0,-1.0,10,1
2026.08.31 03:45,1.0,-1.0,0,1
2026.08.31 03:50,1.0,-1.0,5,1
2026.08.31 03:55,1.0,-1.0,10,1
2026.08.31 04:00,-1.0,-1.0,0,0
2026.08.31 04:05,1.0,-1.0,5,1
2026.08.31 04:10,-1.0,-1.0,10,0
2026.08.31 04:15,-1.0,-1.0,0,0
2026.08.31 04:20,-1.0,-1.0,5,0
2026.08.31 04:25,1.0,-1.0,10,1
2026.08.31 04:30,1.0,-1.0,0,1
2026.08.31 04:35,1.0,-1.0,5,1
2026.08.31 04:40,1.0,-1.0,10,1
2026.08.31 04:45,1.0,-1.0,0,1
2026.08.31 04:50,1.0,-1.0,5,1
2026.08.31 04:55,-1.0,-1.0,10,0
2026.08.31 05:00,-1.0,-1.0,0,0
2026.08.31 05:05,-1.0,-1.0,5,0
2026.08.31 05:10,1.0,-1.0,10,1
2026.08.31 05:15,-1.0,-1.0,0,0
2026.08.31 05:20,-1.0,-1.0,5,0
2026.08.31 05:25,-1.0,-1.0,10,0
2026.08.31 05:30,1.0,-1.0,0,1
2026.08.31 05:35,-1.0,-1.0,5,0
2026.08.31 05:40,-1.0,-1.0,10,0
2026.08.31 05:45,-1.0,-1.0,0,0
2026.08.31 05:50,1.0,-1.0,5,1
2026.08.31 05:55,1.0,-1.0,10,1
2026.08.31 06:00,1.0,-1.0,0,1
2026.08.31 06:05,-1.0,-1.0,5,0
2026.08.31 06:10,-1.0,-1.0,10,0
2026.08.31 06:15,-1.0,-1.0,0,0
2026.08.31 06:20,1.0,-1.0,5,1
2026.08.31 06:25,-1.0,1.0,10,1
2026.08.31 06:30,1.0,1.0,0,0
2026.08.31 06:35,-1.0,1.0,5,1
2026.08.31 06:40,-1.0,1.0,10,1
2026.08.31 06:45,1.0,1.0,0,0
2026.08.31 06:50,1.0,1.0,5,0
2026.08.31 06:55,1.0,1.0,10,0
2026.08.31 07:00,1.0,1.0,0,0
2026.08.31 07:05,1.0,1.0,5,0
2026.08.31 07:10,1.0,1.0,10,0
2026.08.31 07:15,1.0,1.0,0,0
2026.08.31 07:20,-1.0,1.0,5,1
2026.08.31 07:25,-1.0,-1.0,10,0
2026.08.31 07:30,-1.0,-1.0,0,0
2026.08.31 07:35,-1.0,-1.0,5,0
2026.08.31 07:40,1.0,-1.0,10,1
2026.08.31 07:45,1.0,-1.0,0,1
2026.08.31 07:50,1.0,-1.0,5,1
2026.08.31 07:55,-1.0,-1.0,10,0
2026.08.31 08:00,-1.0,-1.0,0,0
2026.08.31 08:05,-1.0,-1.0,5,0
2026.08.31 08:10,1.0,-1.0,10,1
2026.08.31 08:15,1.0,-1.0,0,1
2026.08.31 08:20,1.0,-1.0,5,1
2026.08.31 08:25,-1.0,-1.0,10,0
2026.08.31 08:30,1.0,1.0,0,0
2026.08.31 08:35,-1.0,-1.0,5,0
2026.08.31 08:40,-1.0,-1.0,10,0
2026.08.31 08:45,1.0,-1.0,0,1
2026.08.31 08:50,-1.0,-1.0,5,0
2026.08.31 08:55,-1.0,-1.0,10,0
2026.08.31 09:00,1.0,-1.0,0,1
2026.08.31 09:05,-1.0,-1.0,5,0
2026.08.31 09:10,-1.0,-1.0,10,0
2026.08.31 09:15,1.0,-1.0,0,1
2026.08.31 09:20,1.0,1.0,5,0
2026.08.31 09:25,-1.0,1.0,10,1
2026.08.31 09:30,-1.0,1.0,0,1
2026.08.31 09:35,-1.0,1.0,5,1
2026.08.31 09:40,-1.0,1.0,10,1
2026.08.31 09:45,-1.0,1.0,0,1
2026.08.31 09:50,-1.0,-1.0,5,0
2026.08.31 09:55,-1.0,-1.0,10,0
2026.08.31 10:00,1.0,-1.0,0,1
2026.08.31 10:05,-1.0,-1.0,5,0
2026.08.31 10:10,-1.0,-1.0,10,0
2026.08.31 10:15,1.0,-1.0,0,1
2026.08.31 10:20,1.0,-1.0,5,1
2026.08.31 10:25,1.0,1.0,10,0
2026.08.31 10:30,1.0,1.0,0,0
2026.08.31 10:35,1.0,1.0,5,0
2026.08.31 10:40,1.0,1.0,10,0
2026.08.31 10:45,1.0,1.0,0,0
2026.08.31 10:50,1.0,1.0,5,0
2026.08.31 10:55,1.0,1.0,10,0
2026.08.31 11:00,1.0,1.0,0,0
2026.08.31 11:05,1.0,1.0,5,0
2026.08.31 11:10,-1.0,1.0,10,1
2026.08.31 11:15,-1.0,-1.0,0,0
2026.08.31 11:20,-1.0,-1.0,5,0
2026.08.31 11:25,-1.0,-1.0,10,0
2026.08.31 11:30,1.0,-1.0,0,1
2026.08.31 11:35,1.0,-1.0,5,1
2026.08.31 11:40,1.0,-1.0,10,1
2026.08.31 11:45,1.0,-1.0,0,1
2026.08.31 11:50,-1.0,-1.0,5,0
2026.08.31 11:55,-1.0,-1.0,10,0
2026.08.31 12:00,-1.0,-1.0,0,0
2026.08.31 12:05,1.0,-1.0,5,1
2026.08.31 12:10,1.0,1.0,10,0
2026.08.31 12:15,1.0,1.0,0,0
2026.08.31 12:20,1.0,1.0,5,0
2026.08.31 12:25,-1.0,1.0,10,1
2026.08.31 12:30,-1.0,1.0,0,1
2026.08.31 12:35,-1.0,1.0,5,1
2026.08.31 12:40,-1.0,1.0,10,1
2026.08.31 12:45,1.0,1.0,0,0
2026.08.31 12:50,1.0,1.0,5,0
2026.08.31 12:55,1.0,1.0,10,0
2026.08.31 13:00,1.0,1.0,0,0
2026.08.31 13:05,1.0,1.0,5,0
2026.08.31 13:10,1.0,1.0,10,0
2026.08.31 13:15,1.0,1.0,0,0
2026.08.31 13:20,-1.0,1.0,5,1
2026.08.31 13:25,-1.0,1.0,10,1
2026.08.31 13:30,1.0,1.0,0,0
2026.08.31 13:35,-1.0,1.0,5,1
2026.08.31 13:40,-1.0,1.0,10,1
2026.08.31 13:45,-1.0,-1.0,0,0
2026.08.31 13:50,-1.0,-1.0,5,0
2026.08.31 13:55,-1.0,-1.0,10,0
2026.08.31 14:00,-1.0,-1.0,0,0
2026.08.31 14:05,-1.0,-1.0,5,0
2026.08.31 14:10,-1.0,-1.0,10,0
2026.08.31 14:15,1.0,1.0,0,0
2026.08.31 14:20,1.0,1.0,5,0
2026.08.31 14:25,1.0,1.0,10,0
2026.08.31 14:30,1.0,1.0,0,0
2026.08.31 14:35,-1.0,1.0,5,1
2026.08.31 14:40,-1.0,1.0,10,1
2026.08.31 14:45,1.0,1.0,0,0
2026.08.31 14:50,-1.0,-1.0,5,0
2026.08.31 14:55,-1.0,-1.0,10,0
2026.08.31 15:00,-1.0,-1.0,0,0
2026.08.31 15:05,-1.0,-1.0,5,0
2026.08.31 15:10,-1.0,-1.0,10,0
2026.08.31 15:15,-1.0,-1.0,0,0
2026.08.31 15:20,1.0,-1.0,5,1
2026.08.31 15:25,-1.0,-1.0,10,0
2026.08.31 15:30,-1.0,-1.0,0,0
2026.08.31 15:35,-1.0,-1.0,5,0
2026.08.31 15:40,-1.0,-1.0,10,0
2026.08.31 15:45,1.0,-1.0,0,1
2026.08.31 15:50,-1.0,-1.0,5,0
2026.08.31 15:55,-1.0,-1.0,10,0
2026.08.31 16:00,1.0,-1.0,0,1
2026.08.31 16:05,1.0,1.0,5,0
2026.08.31 16:10,1.0,1.0,10,0
2026.08.31 16:15,1.0,1.0,0,0
2026.08.31 16:20,1.0,1.0,5,0
2026.08.31 16:25,1.0,1.0,10,0
2026.08.31 16:30,1.0,1.0,0,0
2026.08.31 16:35,1.0,1.0,5,0
2026.08.31 16:40,1.0,1.0,10,0
2026.08.31 16:45,-1.0,1.0,0,1
2026.08.31 16:50,-1.0,1.0,5,1
2026.08.31 16:55,1.0,1.0,10,0
2026.08.31 17:00,1.0,1.0,0,0
2026.08.31 17:05,-1.0,1.0,5,1
2026.08.31 17:10,-1.0,1.0,10,1
2026.08.31 17:15,1.0,1.0,0,0
2026.08.31 17:20,1.0,1.0,5,0
2026.08.31 17:25,1.0,1.0,10,0
2026.08.31 17:30,-1.0,1.0,0,1
2026.08.31 17:35,-1.0,1.0,5,1
2026.08.31 17:40,1.0,1.0,10,0
2026.08.31 17:45,1.0,1.0,0,0
2026.08.31 17:50,-1.0,1.0,5,1
2026.08.31 17:55,1.0,1.0,10,0
2026.08.31 18:00,1.0,1.0,0,0
2026.08.31 18:05,1.0,1.0,5,0
2026.08.31 18:10,1.0,1.0,10,0
2026.08.31 18:15,-1.0,1.0,0,1
2026.08.31 18:20,-1.0,-1.0,5,0
2026.08.31 18:25,-1.0,-1.0,10,0
2026.08.31 18:30,1.0,-1.0,0,1
2026.08.31 18:35,1.0,1.0,5,0
2026.08.31 18:40,1.0,1.0,10,0
2026.08.31 18:45,-1.0,1.0,0,1
2026.08.31 18:50,1.0,1.0,5,0
2026.08.31 18:55,1.0,1.0,10,0
2026.08.31 19:00,1.0,1.0,0,0
2026.08.31 19:05,-1.0,1.0,5,1
2026.08.31 19:10,-1.0,1.0,10,1
2026.08.31 19:15,1.0,1.0,0,0
2026.08.31 19:20,1.0,1.0,5,0
2026.08.31 19:25,1.0,1.0,10,0
2026.08.31 19:30,1.0,1.0,0,0
2026.08.31 19:35,-1.0,1.0,5,1
2026.08.31 19:40,-1.0,-1.0,10,0
2026.08.31 19:45,-1.0,-1.0,0,0
2026.08.31 19:50,-1.0,-1.0,5,0
2026.08.31 19:55,1.0,-1.0,10,1
2026.08.31 20:00,1.0,-1.0,0,1
2026.08.31 20:05,1.0,-1.0,5,1
2026.08.31 20:10,-1.0,-1.0,10,0
2026.08.31 20:15,1.0,-1.0,0,1
2026.08.31 20:20,1.0,1.0,5,0
2026.08.31 20:25,1.0,1.0,10,0
2026.08.31 20:30,-1.0,1.0,0,1
2026.08.31 20:35,-1.0,-1.0,5,0
2026.08.31 20:40,-1.0,-1.0,10,0
2026.08.31 20:45,1.0,-1.0,0,1
2026.08.31 20:50,1.0,1.0,5,0
2026.08.31 20:55,1.0,1.0,10,0
2026.08.31 21:00,1.0,1.0,0,0
2026.08.31 21:05,1.0,1.0,5,0
2026.08.31 21:10,1.0,1.0,10,0
2026.08.31 21:15,1.0,1.0,0,0
2026.08.31 21:20,1.0,1.0,5,0
2026.08.31 21:25,1.0,1.0,10,0
2026.08.31 21:30,-1.0,1.0,0,1
2026.08.31 21:35,-1.0,-1.0,5,0
2026.08.31 21:40,-1.0,-1.0,10,0
2026.08.31 21:45,-1.0,-1.0,0,0
2026.08.31 21:50,1.0,-1.0,5,1
2026.08.31 21:55,1.0,1.0,10,0
2026.08.31 22:00,-1.0,1.0,0,1
2026.08.31 22:05,1.0,1.0,5,0
2026.08.31 22:10,1.0,1.0,10,0
2026.08.31 22:15,1.0,1.0,0,0
2026.08.31 22:20,1.0,1.0,5,0
2026.08.31 22:25,1.0,1.0,10,0
2026.08.31 22:30,-1.0,-1.0,0,0
2026.08.31 22:35,-1.0,-1.0,5,0
2026.08.31 22:40,-1.0,-1.0,10,0
2026.08.31 22:45,-1.0,-1.0,0,0
2026.08.31 22:50,1.0,-1.0,5,1
2026.08.31 22:55,1.0,1.0,10,0
2026.08.31 23:00,-1.0,1.0,0,1
2026.08.31 23:05,1.0,1.0,5,0
2026.08.31 23:10,1.0,1.0,10,0
2026.08.31 23:15,-1.0,1.0,0,1
2026.08.31 23:20,-1.0,-1.0,5,0
2026.08.31 23:25,-1.0,-1.0,10,0
2026.08.31 23:30,-1.0,-1.0,0,0
2026.08.31 23:35,-1.0,-1.0,5,0
2026.08.31 23:40,-1.0,-1.0,10,0
2026.08.31 23:45,1.0,-1.0,0,1
2026.08.31 23:50,1.0,1.0,5,0
2026.08.31 23:55,1.0,1.0,10,0
2026.09.01 00:00,1.0,1.0,0,0
2026.09.01 00:05,-1.0,1.0,5,1
2026.09.01 00:10,-1.0,1.0,10,1
2026.09.01 00:15,-1.0,1.0,0,1
2026.09.01 00:20,-1.0,1.0,5,1
2026.09.01 00:25,-1.0,1.0,10,1
2026.09.01 00:30,-1.0,1.0,0,1
2026.09.01 00:35,1.0,1.0,5,0
2026.09.01 00:40,1.0,1.0,10,0
2026.09.01 00:45,1.0,1.0,0,0
2026.09.01 00:50,-1.0,1.0,5,1
2026.09.01 00:55,1.0,1.0,10,0
2026.09.01 01:00,1.0,1.0,0,0
2026.09.01 01:05,1.0,1.0,5,0
2026.09.01 01:10,1.0,1.0,10,0
2026.09.01 01:15,-1.0,1.0,0,1
2026.09.01 01:20,-1.0,-1.0,5,0
2026.09.01 01:25,-1.0,-1.0,10,0
2026.09.01 01:30,-1.0,-1.0,0,0
2026.09.01 01:35,-1.0,-1.0,5,0
2026.09.01 01:40,-1.0,-1.0,10,0
2026.09.01 01:45,-1.0,-1.0,0,0
2026.09.01 01:50,-1.0,-1.0,5,0
2026.09.01 01:55,-1.0,-1.0,10,0
2026.09.01 02:00,1.0,-1.0,0,1
2026.09.01 02:05,-1.0,-1.0,5,0
2026.09.01 02:10,-1.0,-1.0,10,0
2026.09.01 02:15,-1.0,-1.0,0,0
2026.09.01 02:20,1.0,1.0,5,0
2026.09.01 02:25,1.0,1.0,10,0
2026.09.01 02:30,1.0,1.0,0,0
2026.09.01 02:35,1.0,1.0,5,0
2026.09.01 02:40,-1.0,1.0,10,1
2026.09.01 02:45,-1.0,1.0,0,1
2026.09.01 02:50,-1.0,1.0,5,1
2026.09.01 02:55,1.0,1.0,10,0
2026.09.01 03:00,1.0,1.0,0,0
2026.09.01 03:05,-1.0,1.0,5,1
2026.09.01 03:10,1.0,1.0,10,0
2026.09.01 03:15,1.0,1.0,0,0
2026.09.01 03:20,1.0,1.0,5,0
2026.09.01 03:25,1.0,1.0,10,0
2026.09.01 03:30,1.0,1.0,0,0
2026.09.01 03:35,1.0,1.0,5,0
2026.09.01 03:40,1.0,1.0,10,0
2026.09.01 03:45,-1.0,1.0,0,1
2026.09.01 03:50,-1.0,1.0,5,1
2026.09.01 03:55,-1.0,1.0,10,1
2026.09.01 04:00,-1.0,1.0,0,1
2026.09.01 04:05,-1.0,-1.0,5,0
2026.09.01 04:10,-1.0,-1.0,10,0
2026.09.01 04:15,-1.0,-1.0,0,0
2026.09.01 04:20,-1.0,-1.0,5,0
2026.09.01 04:25,-1.0,-1.0,10,0
2026.09.01 04:30,-1.0,-1.0,0,0
2026.09.01 04:35,-1.0,-1.0,5,0
2026.09.01 04:40,1.0,-1.0,10,1
2026.09.01 04:45,1.0,-1.0,0,1
2026.09.01 04:50,-1.0,-1.0,5,0
2026.09.01 04:55,-1.0,-1.0,10,0
2026.09.01 05:00,-1.0,-1.0,0,0
2026.09.01 05:05,-1.0,-1.0,5,0
2026.09.01 05:10,-1.0,-1.0,10,0
2026.09.01 05:15,-1.0,-1.0,0,0
2026.09.01 05:20,1.0,-1.0,5,1
2026.09.01 05:25,1.0,-1.0,10,1
2026.09.01 05:30,1.0,-1.0,0,1
2026.09.01 05:35,-1.0,-1.0,5,0
2026.09.01 05:40,-1.0,-1.0,10,0
2026.09.01 05:45,1.0,-1.0,0,1
2026.09.01 05:50,1.0,-1.0,5,1
2026.09.01 05:55,1.0,-1.0,10,1
2026.09.01 06:00,1.0,1.0,0,0
2026.09.01 06:05,-1.0,1.0,5,1
2026.09.01 06:10,1.0,1.0,10,0
2026.09.01 06:15,1.0,1.0,0,0
2026.09.01 06:20,1.0,1.0,5,0
2026.09.01 06:25,-1.0,1.0,10,1
2026.09.01 06:30,-1.0,1.0,0,1
2026.09.01 06:35,-1.0,1.0,5,1
2026.09.01 06:40,-1.0,1.0,10,1
2026.09.01 06:45,-1.0,1.0,0,1
2026.09.01 06:50,-1.0,1.0,5,1
2026.09.01 06:55,-1.0,1.0,10,1
2026.09.01 07:00,-1.0,1.0,0,1
2026.09.01 07:05,1.0,1.0,5,0
2026.09.01 07:10,1.0,1.0,10,0
2026.09.01 07:15,-1.0,1.0,0,1
2026.09.01 07:20,-1.0,1.0,5,1
2026.09.01 07:25,-1.0,1.0,10,1
2026.09.01 07:30,-1.0,1.0,0,1
2026.09.01 07:35,-1.0,1.0,5,1
2026.09.01 07:40,-1.0,1.0,10,1
2026.09.01 07:45,-1.0,1.0,0,1
2026.09.01 07:50,-1.0,1.0,5,1
2026.09.01 07:55,1.0,1.0,10,0
2026.09.01 08:00,1.0,1.0,0,0
2026.09.01 08:05,1.0,1.0,5,0
2026.09.01 08:10,-1.0,1.0,10,1
2026.09.01 08:15,-1.0,1.0,0,1
2026.09.01 08:20,-1.0,-1.0,5,0
2026.09.01 08:25,-1.0,-1.0,10,0
2026.09.01 08:30,1.0,-1.0,0,1
2026.09.01 08:35,1.0,-1.0,5,1
2026.09.01 08:40,1.0,-1.0,10,1
2026.09.01 08:45,1.0,-1.0,0,1
2026.09.01 08:50,1.0,-1.0,5,1
2026.09.01 08:55,1.0,1.0,10,0
2026.09.01 09:00,-1.0,1.0,0,1
2026.09.01 09:05,1.0,1.0,5,0
2026.09.01 09:10,-1.0,1.0,10,1
2026.09.01 09:15,-1.0,-1.0,0,0
2026.09.01 09:20,-1.0,-1.0,5,0
2026.09.01 09:25,-1.0,-1.0,10,0
2026.09.01 09:30,-1.0,-1.0,0,0
2026.09.01 09:35,-1.0,-1.0,5,0
2026.09.01 09:40,-1.0,-1.0,10,0
2026.09.01 09:45,1.0,-1.0,0,1
2026.09.01 09:50,1.0,-1.0,5,1
2026.09.01 09:55,1.0,-1.0,10,1
2026.09.01 10:00,1.0,-1.0,0,1
2026.09.01 10:05,1.0,1.0,5,0
2026.09.01 10:10,-1.0,1.0,10,1
2026.09.01 10:15,-1.0,1.0,0,1
2026.09.01 10:20,-1.0,-1.0,5,0
2026.09.01 10:25,-1.0,-1.0,10,0
2026.09.01 10:30,-1.0,-1.0,0,0
2026.09.01 10:35,-1.0,-1.0,5,0
2026.09.01 10:40,-1.0,-1.0,10,0
2026.09.01 10:45,-1.0,-1.0,0,0
2026.09.01 10:50,1.0,-1.0,5,1
2026.09.01 10:55,1.0,-1.0,10,1
2026.09.01 11:00,-1.0,-1.0,0,0
2026.09.01 11:05,-1.0,-1.0,5,0
2026.09.01 11:10,-1.0,-1.0,10,0
2026.09.01 11:15,-1.0,-1.0,0,0
2026.09.01 11:20,-1.0,-1.0,5,0
2026.09.01 11:25,1.0,-1.0,10,1
2026.09.01 11:30,1.0,-1.0,0,1
2026.09.01 11:35,-1.0,-1.0,5,0
2026.09.01 11:40,1.0,-1.0,10,1
2026.09.01 11:45,1.0,-1.0,0,1
2026.09.01 11:50,1.0,1.0,5,0
2026.09.01 11:55,-1.0,1.0,10,1
2026.09.01 12:00,1.0,1.0,0,0
2026.09.01 12:05,1.0,1.0,5,0
2026.09.01 12:10,1.0,1.0,10,0
2026.09.01 12:15,1.0,1.0,0,0
2026.09.01 12:20,1.0,1.0,5,0
2026.09.01 12:25,-1.0,1.0,10,1
2026.09.01 12:30,-1.0,1.0,0,1
2026.09.01 12:35,1.0,1.0,5,0
2026.09.01 12:40,1.0,1.0,10,0
2026.09.01 12:45,1.0,1.0,0,0
2026.09.01 12:50,-1.0,1.0,5,1
2026.09.01 12:55,-1.0,1.0,10,1
2026.09.01 13:00,-1.0,-1.0,0,0
2026.09.01 13:05,-1.0,-1.0,5,0
2026.09.01 13:10,-1.0,-1.0,10,0
2026.09.01 13:15,-1.0,-1.0,0,0
2026.09.01 13:20,1.0,-1.0,5,1
2026.09.01 13:25,1.0,-1.0,10,1
2026.09.01 13:30,1.0,-1.0,0,1
2026.09.01 13:35,-1.0,-1.0,5,0
2026.09.01 13:40,-1.0,-1.0,10,0
2026.09.01 13:45,-1.0,-1.0,0,0
2026.09.01 13:50,-1.0,-1.0,5,0
2026.09.01 13:55,1.0,-1.0,10,1
2026.09.01 14:00,1.0,-1.0,0,1
2026.09.01 14:05,-1.0,-1.0,5,0
2026.09.01 14:10,-1.0,-1.0,10,0
2026.09.01 14:15,-1.0,-1.0,0,0
2026.09.01 14:20,1.0,-1.0,5,1
2026.09.01 14:25,1.0,-1.0,10,1
2026.09.01 14:30,1.0,-1.0,0,1
2026.09.01 14:35,1.0,-1.0,5,1
2026.09.01 14:40,1.0,-1.0,10,1
2026.09.01 14:45,-1.0,-1.0,0,0
2026.09.01 14:50,1.0,-1.0,5,1
2026.09.01 14:55,1.0,-1.0,10,1
2026.09.01 15:00,-1.0,-1.0,0,0
2026.09.01 15:05,-1.0,-1.0,5,0
2026.09.01 15:10,-1.0,-1.0,10,0
2026.09.01 15:15,-1.0,-1.0,0,0
2026.09.01 15:20,1.0,-1.0,5,1
2026.09.01 15:25,1.0,-1.0,10,1
2026.09.01 15:30,-1.0,-1.0,0,0
2026.09.01 15:35,-1.0,-1.0,5,0
2026.09.01 15:40,-1.0,-1.0,10,0
2026.09.01 15:45,-1.0,-1.0,0,0
2026.09.01 15:50,1.0,-1.0,5,1
2026.09.01 15:55,1.0,1.0,10,0
2026.09.01 16:00,1.0,1.0,0,0
2026.09.01 16:05,-1.0,-1.0,5,0
2026.09.01 16:10,-1.0,-1.0,10,0
2026.09.01 16:15,-1.0,-1.0,0,0
2026.09.01 16:20,1.0,-1.0,5,1
2026.09.01 16:25,1.0,-1.0,10,1
2026.09.01 16:30,1.0,-1.0,0,1
2026.09.01 16:35,1.0,1.0,5,0
2026.09.01 16:40,1.0,1.0,10,0
2026.09.01 16:45,1.0,1.0,0,0
2026.09.01 16:50,-1.0,1.0,5,1
2026.09.01 16:55,-1.0,1.0,10,1
2026.09.01 17:00,1.0,1.0,0,0
2026.09.01 17:05,1.0,1.0,5,0
2026.09.01 17:10,1.0,1.0,10,0
2026.09.01 17:15,1.0,1.0,0,0
2026.09.01 17:20,1.0,1.0,5,0
2026.09.01 17:25,1.0,1.0,10,0
2026.09.01 17:30,-1.0,1.0,0,1
2026.09.01 17:35,-1.0,1.0,5,1
2026.09.01 17:40,-1.0,1.0,10,1
2026.09.01 17:45,-1.0,1.0,0,1
2026.09.01 17:50,-1.0,1.0,5,1
2026.09.01 17:55,-1.0,1.0,10,1
2026.09.01 18:00,1.0,-1.0,0,1
2026.09.01 18:05,-1.0,-1.0,5,0
2026.09.01 18:10,-1.0,-1.0,10,0
2026.09.01 18:15,-1.0,-1.0,0,0
2026.09.01 18:20,-1.0,-1.0,5,0
2026.09.01 18:25,-1.0,-1.0,10,0
2026.09.01 18:30,-1.0,-1.0,0,0
2026.09.01 18:35,-1.0,-1.0,5,0
2026.09.01 18:40,-1.0,-1.0,10,0
2026.09.01 18:45,-1.0,-1.0,0,0
2026.09.01 18:50,-1.0,-1.0,5,0
2026.09.01 18:55,-1.0,-1.0,10,0
2026.09.01 19:00,1.0,-1.0,0,1
2026.09.01 19:05,1.0,-1.0,5,1
2026.09.01 19:10,-1.0,-1.0,10,0
2026.09.01 19:15,-1.0,-1.0,0,0
2026.09.01 19:20,-1.0,-1.0,5,0
2026.09.01 19:25,-1.0,-1.0,10,0
2026.09.01 19:30,-1.0,-1.0,0,0
2026.09.01 19:35,-1.0,-1.0,5,0
2026.09.01 19:40,1.0,1.0,10,0
2026.09.01 19:45,-1.0,1.0,0,1
2026.09.01 19:50,-1.0,1.0,5,1
2026.09.01 19:55,-1.0,-1.0,10,0
2026.09.01 20:00,-1.0,-1.0,0,0
2026.09.01 20:05,1.0,-1.0,5,1
2026.09.01 20:10,1.0,-1.0,10,1
2026.09.01 20:15,1.0,-1.0,0,1
2026.09.01 20:20,-1.0,-1.0,5,0
2026.09.01 20:25,1.0,-1.0,10,1
2026.09.01 20:30,1.0,1.0,0,0
2026.09.01 20:35,-1.0,-1.0,5,0
2026.09.01 20:40,-1.0,-1.0,10,0
2026.09.01 20:45,-1.0,-1.0,0,0
2026.09.01 20:50,-1.0,-1.0,5,0
2026.09.01 20:55,1.0,-1.0,10,1
2026.09.01 21:00,1.0,-1.0,0,1
2026.09.01 21:05,1.0,-1.0,5,1
2026.09.01 21:10,1.0,1.0,10,0
2026.09.01 21:15,1.0,1.0,0,0
2026.09.01 21:20,1.0,1.0,5,0
2026.09.01 21:25,1.0,1.0,10,0
2026.09.01 21:30,-1.0,-1.0,0,0
2026.09.01 21:35,-1.0,-1.0,5,0
2026.09.01 21:40,-1.0,-1.0,10,0
2026.09.01 21:45,-1.0,-1.0,0,0
2026.09.01 21:50,1.0,-1.0,5,1
2026.09.01 21:55,1.0,-1.0,10,1
2026.09.01 22:00,1.0,1.0,0,0
2026.09.01 22:05,1.0,1.0,5,0
2026.09.01 22:10,1.0,1.0,10,0
2026.09.01 22:15,1.0,1.0,0,0
2026.09.01 22:20,-1.0,1.0,5,1
2026.09.01 22:25,-1.0,1.0,10,1
2026.09.01 22:30,-1.0,1.0,0,1
2026.09.01 22:35,-1.0,1.0,5,1
2026.09.01 22:40,-1.0,1.0,10,1
2026.09.01 22:45,-1.0,1.0,0,1
2026.09.01 22:50,1.0,1.0,5,0
2026.09.01 22:55,1.0,1.0,10,0
2026.09.01 23:00,1.0,1.0,0,0
2026.09.01 23:05,-1.0,1.0,5,1
2026.09.01 23:10,-1.0,-1.0,10,0
2026.09.01 23:15,-1.0,-1.0,0,0
2026.09.01 23:20,-1.0,-1.0,5,0
2026.09.01 23:25,1.0,-1.0,10,1
2026.09.01 23:30,1.0,-1.0,0,1
2026.09.01 23:35,1.0,-1.0,5,1
2026.09.01 23:40,1.0,-1.0,10,1
2026.09.01 23:45,1.0,1.0,0,0
2026.09.01 23:50,1.0,1.0,5,0
2026.09.01 23:55,-1.0,1.0,10,1
2026.09.02 00:00,1.0,1.0,0,0
2026.09.02 00:05,-1.0,1.0,5,1
2026.09.02 00:10,-1.0,1.0,10,1
2026.09.02 00:15,1.0,1.0,0,0
2026.09.02 00:20,1.0,1.0,5,0
2026.09.02 00:25,1.0,1.0,10,0
2026.09.02 00:30,1.0,1.0,0,0
2026.09.02 00:35,1.0,1.0,5,0
2026.09.02 00:40,1.0,1.0,10,0
2026.09.02 00:45,1.0,1.0,0,0
2026.09.02 00:50,1.0,1.0,5,0
2026.09.02 00:55,1.0,1.0,10,0
2026.09.02 01:00,1.0,1.0,0,0
2026.09.02 01:05,1.0,1.0,5,0
2026.09.02 01:10,1.0,1.0,10,0
2026.09.02 01:15,1.0,1.0,0,0
2026.09.02 01:20,1.0,1.0,5,0
2026.09.02 01:25,1.0,1.0,10,0
2026.09.02 01:30,1.0,1.0,0,0
2026.09.02 01:35,-1.0,1.0,5,1
2026.09.02 01:40,-1.0,1.0,10,1
2026.09.02 01:45,-1.0,1.0,0,1
2026.09.02 01:50,-1.0,1.0,5,1
2026.09.02 01:55,-1.0,1.0,10,1
2026.09.02 02:00,1.0,1.0,0,0
2026.09.02 02:05,1.0,1.0,5,0
2026.09.02 02:10,1.0,1.0,10,0
2026.09.02 02:15,1.0,1.0,0,0
2026.09.02 02:20,1.0,1.0,5,0
2026.09.02 02:25,1.0,1.0,10,0
2026.09.02 02:30,-1.0,-1.0,0,0
2026.09.02 02:35,-1.0,-1.0,5,0
2026.09.02 02:40,-1.0,-1.0,10,0
2026.09.02 02:45,-1.0,-1.0,0,0
2026.09.02 02:50,-1.0,-1.0,5,0
2026.09.02 02:55,1.0,-1.0,10,1
2026.09.02 03:00,-1.0,-1.0,0,0
2026.09.02 03:05,1.0,-1.0,5,1
2026.09.02 03:10,-1.0,-1.0,10,0
2026.09.02 03:15,1.0,-1.0,0,1
2026.09.02 03:20,1.0,-1.0,5,1
2026.09.02 03:25,1.0,-1.0,10,1
2026.09.02 03:30,-1.0,-1.0,0,0
2026.09.02 03:35,-1.0,-1.0,5,0
2026.09.02 03:40,-1.0,-1.0,10,0
2026.09.02 03:45,1.0,-1.0,0,1
2026.09.02 03:50,-1.0,-1.0,5,0
2026.09.02 03:55,-1.0,-1.0,10,0
2026.09.02 04:00,-1.0,-1.0,0,0
2026.09.02 04:05,-1.0,-1.0,5,0
2026.09.02 04:10,-1.0,-1.0,10,0
2026.09.02 04:15,-1.0,-1.0,0,0
2026.09.02 04:20,1.0,-1.0,5,1
2026.09.02 04:25,1.0,-1.0,10,1
2026.09.02 04:30,1.0,-1.0,0,1
2026.09.02 04:35,-1.0,-1.0,5,0
2026.09.02 04:40,-1.0,-1.0,10,0
2026.09.02 04:45,-1.0,-1.0,0,0
2026.09.02 04:50,-1.0,-1.0,5,0
2026.09.02 04:55,-1.0,-1.0,10,0
2026.09.02 05:00,1.0,-1.0,0,1
2026.09.02 05:05,-1.0,-1.0,5,0
2026.09.02 05:10,-1.0,-1.0,10,0
2026.09.02 05:15,1.0,1.0,0,0
2026.09.02 05:20,1.0,1.0,5,0
2026.09.02 05:25,-1.0,1.0,10,1
2026.09.02 05:30,-1.0,1.0,0,1
2026.09.02 05:35,-1.0,1.0,5,1
2026.09.02 05:40,1.0,1.0,10,0
2026.09.02 05:45,1.0,1.0,0,0
2026.09.02 05:50,1.0,1.0,5,0
2026.09.02 05:55,1.0,1.0,10,0
2026.09.02 06:00,1.0,1.0,0,0
2026.09.02 06:05,1.0,1.0,5,0
2026.09.02 06:10,-1.0,1.0,10,1
2026.09.02 06:15,-1.0,1.0,0,1
2026.09.02 06:20,-1.0,1.0,5,1
2026.09.02 06:25,-1.0,1.0,10,1
2026.09.02 06:30,-1.0,-1.0,0,0
2026.09.02 06:35,-1.0,-1.0,5,0
2026.09.02 06:40,1.0,-1.0,10,1
2026.09.02 06:45,1.0,-1.0,0,1
2026.09.02 06:50,1.0,-1.0,5,1
2026.09.02 06:55,1.0,-1.0,10,1
2026.09.02 07:00,1.0,-1.0,0,1
2026.09.02 07:05,-1.0,-1.0,5,0
2026.09.02 07:10,-1.0,-1.0,10,0
2026.09.02 07:15,-1.0,-1.0,0,0
2026.09.02 07:20,-1.0,-1.0,5,0
2026.09.02 07:25,-1.0,-1.0,10,0
2026.09.02 07:30,-1.0,-1.0,0,0
2026.09.02 07:35,-1.0,-1.0,5,0
2026.09.02 07:40,-1.0,-1.0,10,0
2026.09.02 07:45,-1.0,-1.0,0,0
2026.09.02 07:50,-1.0,-1.0,5,0
2026.09.02 07:55,1.0,1.0,10,0
2026.09.02 08:00,1.0,1.0,0,0
2026.09.02 08:05,-1.0,1.0,5,1
2026.09.02 08:10,-1.0,1.0,10,1
2026.09.02 08:15,1.0,1.0,0,0
2026.09.02 08:20,1.0,1.0,5,0
2026.09.02 08:25,1.0,1.0,10,0
2026.09.02 08:30,1.0,1.0,0,0
2026.09.02 08:35,1.0,1.0,5,0
2026.09.02 08:40,-1.0,1.0,10,1
2026.09.02 08:45,-1.0,1.0,0,1
2026.09.02 08:50,1.0,1.0,5,0
2026.09.02 08:55,1.0,1.0,10,0
2026.09.02 09:00,1.0,1.0,0,0
2026.09.02 09:05,-1.0,1.0,5,1
2026.09.02 09:10,-1.0,1.0,10,1
2026.09.02 09:15,-1.0,1.0,0,1
2026.09.02 09:20,-1.0,-1.0,5,0
2026.09.02 09:25,1.0,-1.0,10,1
2026.09.02 09:30,-1.0,-1.0,0,0
2026.09.02 09:35,-1.0,-1.0,5,0
2026.09.02 09:40,-1.0,-1.0,10,0
2026.09.02 09:45,1.0,-1.0,0,1
2026.09.02 09:50,-1.0,-1.0,5,0
2026.09.02 09:55,-1.0,-1.0,10,0
2026.09.02 10:00,-1.0,-1.0,0,0
2026.09.02 10:05,-1.0,-1.0,5,0
2026.09.02 10:10,1.0,-1.0,10,1
2026.09.02 10:15,1.0,-1.0,0,1
2026.09.02 10:20,1.0,-1.0,5,1
2026.09.02 10:25,-1.0,-1.0,10,0
2026.09.02 10:30,1.0,1.0,0,0
2026.09.02 10:35,1.0,1.0,5,0
2026.09.02 10:40,1.0,1.0,10,0
2026.09.02 10:45,-1.0,1.0,0,1
2026.09.02 10:50,-1.0,1.0,5,1
2026.09.02 10:55,1.0,1.0,10,0
2026.09.02 11:00,1.0,1.0,0,0
2026.09.02 11:05,1.0,1.0,5,0
2026.09.02 11:10,1.0,1.0,10,0
2026.09.02 11:15,-1.0,1.0,0,1
2026.09.02 11:20,-1.0,1.0,5,1
2026.09.02 11:25,1.0,1.0,10,0
2026.09.02 11:30,1.0,1.0,0,0
2026.09.02 11:35,1.0,1.0,5,0
2026.09.02 11:40,1.0,1.0,10,0
2026.09.02 11:45,1.0,1.0,0,0
2026.09.02 11:50,-1.0,1.0,5,1
2026.09.02 11:55,-1.0,1.0,10,1
2026.09.02 12:00,-1.0,-1.0,0,0
2026.09.02 12:05,1.0,-1.0,5,1
2026.09.02 12:10,1.0,-1.0,10,1
2026.09.02 12:15,-1.0,-1.0,0,0
2026.09.02 12:20,1.0,-1.0,5,1
2026.09.02 12:25,1.0,-1.0,10,1
2026.09.02 12:30,1.0,-1.0,0,1
2026.09.02 12:35,-1.0,-1.0,5,0
2026.09.02 12:40,-1.0,-1.0,10,0
2026.09.02 12:45,-1.0,-1.0,0,0
2026.09.02 12:50,1.0,-1.0,5,1
2026.09.02 12:55,-1.0,-1.0,10,0
2026.09.02 13:00,-1.0,-1.0,0,0
2026.09.02 13:05,-1.0,-1.0,5,0
2026.09.02 13:10,1.0,-1.0,10,1
2026.09.02 13:15,1.0,-1.0,0,1
2026.09.02 13:20,-1.0,-1.0,5,0
2026.09.02 13:25,-1.0,-1.0,10,0
2026.09.02 13:30,-1.0,-1.0,0,0
2026.09.02 13:35,-1.0,-1.0,5,0
2026.09.02 13:40,1.0,-1.0,10,1
2026.09.02 13:45,-1.0,-1.0,0,0
2026.09.02 13:50,-1.0,-1.0,5,0
2026.09.02 13:55,1.0,-1.0,10,1
2026.09.02 14:00,1.0,-1.0,0,1
2026.09.02 14:05,1.0,-1.0,5,1
2026.09.02 14:10,1.0,1.0,10,0
2026.09.02 14:15,1.0,1.0,0,0
2026.09.02 14:20,1.0,1.0,5,0
2026.09.02 14:25,1.0,1.0,10,0
2026.09.02 14:30,-1.0,1.0,0,1
2026.09.02 14:35,1.0,1.0,5,0
2026.09.02 14:40,1.0,1.0,10,0
2026.09.02 14:45,-1.0,-1.0,0,0
2026.09.02 14:50,-1.0,-1.0,5,0
2026.09.02 14:55,1.0,-1.0,10,1
2026.09.02 15:00,1.0,-1.0,0,1
2026.09.02 15:05,1.0,-1.0,5,1
2026.09.02 15:10,-1.0,-1.0,10,0
2026.09.02 15:15,-1.0,-1.0,0,0
2026.09.02 15:20,-1.0,-1.0,5,0
2026.09.02 15:25,1.0,1.0,10,0
2026.09.02 15:30,1.0,1.0,0,0
2026.09.02 15:35,-1.0,1.0,5,1
2026.09.02 15:40,-1.0,-1.0,10,0
2026.09.02 15:45,-1.0,-1.0,0,0
2026.09.02 15:50,1.0,-1.0,5,1
2026.09.02 15:55,1.0,-1.0,10,1
2026.09.02 16:00,-1.0,-1.0,0,0
2026.09.02 16:05,1.0,-1.0,5,1
2026.09.02 16:10,1.0,-1.0,10,1
2026.09.02 16:15,-1.0,-1.0,0,0
2026.09.02 16:20,1.0,1.0,5,0
2026.09.02 16:25,1.0,1.0,10,0
2026.09.02 16:30,-1.0,1.0,0,1
2026.09.02 16:35,-1.0,-1.0,5,0
2026.09.02 16:40,-1.0,-1.0,10,0
2026.09.02 16:45,1.0,1.0,0,0
2026.09.02 16:50,1.0,1.0,5,0
2026.09.02 16:55,1.0,1.0,10,0
2026.09.02 17:00,1.0,1.0,0,0
2026.09.02 17:05,1.0,1.0,5,0
2026.09.02 17:10,-1.0,1.0,10,1
2026.09.02 17:15,-1.0,1.0,0,1
2026.09.02 17:20,-1.0,1.0,5,1
2026.09.02 17:25,-1.0,-1.0,10,0
2026.09.02 17:30,-1.0,-1.0,0,0
2026.09.02 17:35,1.0,-1.0,5,1
2026.09.02 17:40,1.0,-1.0,10,1
2026.09.02 17:45,-1.0,-1.0,0,0
2026.09.02 17:50,-1.0,-1.0,5,0
2026.09.02 17:55,-1.0,-1.0,10,0
2026.09.02 18:00,1.0,-1.0,0,1
2026.09.02 18:05,1.0,-1.0,5,1
2026.09.02 18:10,1.0,-1.0,10,1
2026.09.02 18:15,-1.0,-1.0,0,0
2026.09.02 18:20,-1.0,-1.0,5,0
2026.09.02 18:25,-1.0,-1.0,10,0
2026.09.02 18:30,1.0,1.0,0,0
2026.09.02 18:35,-1.0,1.0,5,1
2026.09.02 18:40,1.0,1.0,10,0
2026.09.02 18:45,-1.0,1.0,0,1
2026.09.02 18:50,-1.0,1.0,5,1
2026.09.02 18:55,-1.0,1.0,10,1
2026.09.02 19:00,1.0,1.0,0,0
2026.09.02 19:05,1.0,1.0,5,0
2026.09.02 19:10,-1.0,1.0,10,1
2026.09.02 19:15,1.0,1.0,0,0
2026.09.02 19:20,1.0,1.0,5,0
2026.09.02 19:25,-1.0,1.0,10,1
2026.09.02 19:30,-1.0,-1.0,0,0
2026.09.02 19:35,-1.0,-1.0,5,0
2026.09.02 19:40,1.0,-1.0,10,1
2026.09.02 19:45,-1.0,-1.0,0,0
2026.09.02 19:50,-1.0,-1.0,5,0
2026.09.02 19:55,1.0,1.0,10,0
2026.09.02 20:00,-1.0,1.0,0,1
2026.09.02 20:05,-1.0,1.0,5,1
2026.09.02 20:10,-1.0,1.0,10,1
2026.09.02 20:15,-1.0,1.0,0,1
2026.09.02 20:20,-1.0,1.0,5,1
2026.09.02 20:25,-1.0,1.0,10,1
2026.09.02 20:30,1.0,1.0,0,0
2026.09.02 20:35,-1.0,1.0,5,1
2026.09.02 20:40,-1.0,1.0,10,1
2026.09.02 20:45,1.0,1.0,0,0
2026.09.02 20:50,1.0,1.0,5,0
2026.09.02 20:55,-1.0,1.0,10,1
2026.09.02 21:00,-1.0,1.0,0,1
2026.09.02 21:05,1.0,1.0,5,0
2026.09.02 21:10,1.0,1.0,10,0
2026.09.02 21:15,-1.0,1.0,0,1
2026.09.02 21:20,1.0,1.0,5,0
2026.09.02 21:25,-1.0,-1.0,10,0
2026.09.02 21:30,1.0,-1.0,0,1
2026.09.02 21:35,1.0,-1.0,5,1
2026.09.02 21:40,1.0,-1.0,10,1
2026.09.02 21:45,-1.0,-1.0,0,0
2026.09.02 21:50,-1.0,-1.0,5,0
2026.09.02 21:55,-1.0,-1.0,10,0
2026.09.02 22:00,-1.0,-1.0,0,0
2026.09.02 22:05,-1.0,-1.0,5,0
2026.09.02 22:10,-1.0,-1.0,10,0
2026.09.02 22:15,-1.0,-1.0,0,0
2026.09.02 22:20,1.0,-1.0,5,1
2026.09.02 22:25,1.0,-1.0,10,1
2026.09.02 22:30,-1.0,-1.0,0,0
2026.09.02 22:35,-1.0,-1.0,5,0
2026.09.02 22:40,-1.0,-1.0,10,0
2026.09.02 22:45,1.0,-1.0,0,1
2026.09.02 22:50,-1.0,-1.0,5,0
2026.09.02 22:55,-1.0,-1.0,10,0
2026.09.02 23:00,1.0,1.0,0,0
2026.09.02 23:05,1.0,1.0,5,0
2026.09.02 23:10,1.0,1.0,10,0
2026.09.02 23:15,1.0,1.0,0,0
2026.09.02 23:20,-1.0,1.0,5,1
2026.09.02 23:25,-1.0,1.0,10,1
2026.09.02 23:30,-1.0,1.0,0,1
2026.09.02 23:35,-1.0,1.0,5,1
2026.09.02 23:40,-1.0,1.0,10,1
2026.09.02 23:45,1.0,1.0,0,0
2026.09.02 23:50,1.0,1.0,5,0
2026.09.02 23:55,1.0,1.0,10,0
2026.09.03 00:00,-1.0,-1.0,0,0
2026.09.03 00:05,-1.0,-1.0,5,0
2026.09.03 00:10,-1.0,-1.0,10,0
2026.09.03 00:15,-1.0,-1.0,0,0
2026.09.03 00:20,-1.0,-1.0,5,0
2026.09.03 00:25,-1.0,-1.0,10,0
2026.09.03 00:30,1.0,-1.0,0,1
2026.09.03 00:35,1.0,-1.0,5,1
2026.09.03 00:40,1.0,-1.0,10,1
2026.09.03 00:45,1.0,-1.0,0,1
2026.09.03 00:50,-1.0,-1.0,5,0
2026.09.03 00:55,-1.0,-1.0,10,0
2026.09.03 01:00,-1.0,-1.0,0,0
2026.09.03 01:05,-1.0,-1.0,5,0
2026.09.03 01:10,-1.0,-1.0,10,0
2026.09.03 01:15,-1.0,-1.0,0,0
2026.09.03 01:20,-1.0,-1.0,5,0
2026.09.03 01:25,1.0,-1.0,10,1
2026.09.03 01:30,1.0,-1.0,0,1
2026.09.03 01:35,1.0,-1.0,5,1
2026.09.03 01:40,1.0,1.0,10,0
2026.09.03 01:45,1.0,1.0,0,0
2026.09.03 01:50,1.0,1.0,5,0
2026.09.03 01:55,1.0,1.0,10,0
2026.09.03 02:00,1.0,1.0,0,0
2026.09.03 02:05,-1.0,1.0,5,1
2026.09.03 02:10,-1.0,-1.0,10,0
2026.09.03 02:15,-1.0,-1.0,0,0
2026.09.03 02:20,-1.0,-1.0,5,0
2026.09.03 02:25,-1.0,-1.0,10,0
2026.09.03 02:30,-1.0,-1.0,0,0
2026.09.03 02:35,-1.0,-1.0,5,0
2026.09.03 02:40,-1.0,-1.0,10,0
2026.09.03 02:45,-1.0,-1.0,0,0
2026.09.03 02:50,1.0,-1.0,5,1
2026.09.03 02:55,1.0,-1.0,10,1
2026.09.03 03:00,1.0,-1.0,0,1
2026.09.03 03:05,1.0,1.0,5,0
2026.09.03 03:10,1.0,1.0,10,0
2026.09.03 03:15,1.0,1.0,0,0
2026.09.03 03:20,-1.0,1.0,5,1
2026.09.03 03:25,1.0,1.0,10,0
2026.09.03 03:30,1.0,1.0,0,0
2026.09.03 03:35,1.0,1.0,5,0
2026.09.03 03:40,-1.0,1.0,10,1
2026.09.03 03:45,-1.0,1.0,0,1
2026.09.03 03:50,1.0,1.0,5,0
2026.09.03 03:55,1.0,1.0,10,0
2026.09.03 04:00,1.0,1.0,0,0
2026.09.03 04:05,1.0,1.0,5,0
2026.09.03 04:10,-1.0,1.0,10,1
2026.09.03 04:15,-1.0,1.0,0,1
2026.09.03 04:20,-1.0,1.0,5,1
2026.09.03 04:25,-1.0,1.0,10,1
2026.09.03 04:30,1.0,1.0,0,0
2026.09.03 04:35,1.0,1.0,5,0
2026.09.03 04:40,1.0,1.0,10,0
2026.09.03 04:45,-1.0,1.0,0,1
2026.09.03 04:50,-1.0,-1.0,5,0
2026.09.03 04:55,-1.0,-1.0,10,0
2026.09.03 05:00,-1.0,-1.0,0,0
2026.09.03 05:05,1.0,-1.0,5,1
2026.09.03 05:10,1.0,-1.0,10,1
2026.09.03 05:15,1.0,-1.0,0,1
2026.09.03 05:20,1.0,-1.0,5,1
2026.09.03 05:25,1.0,1.0,10,0
2026.09.03 05:30,1.0,1.0,0,0
2026.09.03 05:35,1.0,1.0,5,0
2026.09.03 05:40,1.0,1.0,10,0
2026.09.03 05:45,-1.0,1.0,0,1
2026.09.03 05:50,-1.0,1.0,5,1
2026.09.03 05:55,1.0,1.0,10,0
2026.09.03 06:00,-1.0,1.0,0,1
2026.09.03 06:05,1.0,1.0,5,0
2026.09.03 06:10,1.0,1.0,10,0
2026.09.03 06:15,1.0,1.0,0,0
2026.09.03 06:20,1.0,1.0,5,0
2026.09.03 06:25,-1.0,1.0,10,1
2026.09.03 06:30,1.0,1.0,0,0
2026.09.03 06:35,1.0,1.0,5,0
2026.09.03 06:40,1.0,1.0,10,0
2026.09.03 06:45,1.0,1.0,0,0
2026.09.03 06:50,1.0,1.0,5,0
2026.09.03 06:55,1.0,1.0,10,0
2026.09.03 07:00,-1.0,1.0,0,1
2026.09.03 07:05,-1.0,1.0,5,1
2026.09.03 07:10,-1.0,1.0,10,1
2026.09.03 07:15,1.0,1.0,0,0
2026.09.03 07:20,-1.0,-1.0,5,0
2026.09.03 07:25,-1.0,-1.0,10,0
2026.09.03 07:30,1.0,-1.0,0,1
2026.09.03 07:35,1.0,-1.0,5,1
2026.09.03 07:40,1.0,1.0,10,0
2026.09.03 07:45,1.0,1.0,0,0
2026.09.03 07:50,-1.0,1.0,5,1
2026.09.03 07:55,-1.0,1.0,10,1
2026.09.03 08:00,-1.0,1.0,0,1
2026.09.03 08:05,-1.0,1.0,5,1
2026.09.03 08:10,-1.0,1.0,10,1
2026.09.03 08:15,-1.0,1.0,0,1
2026.09.03 08:20,1.0,1.0,5,0
2026.09.03 08:25,1.0,1.0,10,0
2026.09.03 08:30,1.0,1.0,0,0
2026.09.03 08:35,1.0,1.0,5,0
2026.09.03 08:40,1.0,1.0,10,0
2026.09.03 08:45,1.0,1.0,0,0
2026.09.03 08:50,1.0,1.0,5,0
2026.09.03 08:55,-1.0,1.0,10,1
2026.09.03 09:00,1.0,1.0,0,0
2026.09.03 09:05,1.0,1.0,5,0
2026.09.03 09:10,-1.0,1.0,10,1
2026.09.03 09:15,-1.0,1.0,0,1
2026.09.03 09:20,-1.0,1.0,5,1
2026.09.03 09:25,-1.0,1.0,10,1
2026.09.03 09:30,1.0,1.0,0,0
2026.09.03 09:35,1.0,1.0,5,0
2026.09.03 09:40,1.0,1.0,10,0
2026.09.03 09:45,1.0,1.0,0,0
2026.09.03 09:50,1.0,1.0,5,0
2026.09.03 09:55,1.0,1.0,10,0
2026.09.03 10:00,-1.0,1.0,0,1
2026.09.03 10:05,1.0,1.0,5,0
2026.09.03 10:10,1.0,1.0,10,0
2026.09.03 10:15,-1.0,1.0,0,1
2026.09.03 10:20,-1.0,-1.0,5,0
2026.09.03 10:25,1.0,-1.0,10,1
2026.09.03 10:30,-1.0,-1.0,0,0
2026.09.03 10:35,-1.0,-1.0,5,0
2026.09.03 10:40,-1.0,-1.0,10,0
2026.09.03 10:45,-1.0,-1.0,0,0
2026.09.03 10:50,1.0,-1.0,5,1
2026.09.03 10:55,1.0,-1.0,10,1
2026.09.03 11:00,-1.0,-1.0,0,0
2026.09.03 11:05,-1.0,-1.0,5,0
2026.09.03 11:10,1.0,1.0,10,0
2026.09.03 11:15,-1.0,1.0,0,1
2026.09.03 11:20,-1.0,-1.0,5,0
2026.09.03 11:25,1.0,-1.0,10,1
2026.09.03 11:30,1.0,-1.0,0,1
2026.09.03 11:35,1.0,-1.0,5,1
2026.09.03 11:40,1.0,-1.0,10,1
2026.09.03 11:45,1.0,1.0,0,0
2026.09.03 11:50,1.0,1.0,5,0
2026.09.03 11:55,1.0,1.0,10,0
2026.09.03 12:00,-1.0,1.0,0,1
2026.09.03 12:05,1.0,1.0,5,0
2026.09.03 12:10,-1.0,1.0,10,1
2026.09.03 12:15,-1.0,1.0,0,1
2026.09.03 12:20,-1.0,1.0,5,1
2026.09.03 12:25,1.0,1.0,10,0
2026.09.03 12:30,-1.0,-1.0,0,0
2026.09.03 12:35,-1.0,-1.0,5,0
2026.09.03 12:40,1.0,-1.0,10,1
2026.09.03 12:45,1.0,-1.0,0,1
2026.09.03 12:50,1.0,-1.0,5,1
2026.09.03 12:55,1.0,-1.0,10,1
2026.09.03 13:00,1.0,1.0,0,0
2026.09.03 13:05,1.0,1.0,5,0
2026.09.03 13:10,-1.0,1.0,10,1
2026.09.03 13:15,-1.0,-1.0,0,0
2026.09.03 13:20,-1.0,-1.0,5,0
2026.09.03 13:25,1.0,-1.0,10,1
2026.09.03 13:30,1.0,-1.0,0,1
2026.09.03 13:35,-1.0,-1.0,5,0
2026.09.03 13:40,-1.0,-1.0,10,0
2026.09.03 13:45,1.0,-1.0,0,1
2026.09.03 13:50,1.0,-1.0,5,1
2026.09.03 13:55,1.0,-1.0,10,1
2026.09.03 14:00,1.0,1.0,0,0
2026.09.03 14:05,-1.0,1.0,5,1
2026.09.03 14:10,1.0,1.0,10,0
2026.09.03 14:15,1.0,1.0,0,0
2026.09.03 14:20,1.0,1.0,5,0
2026.09.03 14:25,-1.0,1.0,10,1
2026.09.03 14:30,-1.0,1.0,0,1
2026.09.03 14:35,-1.0,1.0,5,1
2026.09.03 14:40,1.0,1.0,10,0
2026.09.03 14:45,-1.0,1.0,0,1
2026.09.03 14:50,1.0,1.0,5,0
2026.09.03 14:55,-1.0,1.0,10,1
2026.09.03 15:00,1.0,1.0,0,0
2026.09.03 15:05,1.0,1.0,5,0
2026.09.03 15:10,1.0,1.0,10,0
2026.09.03 15:15,-1.0,1.0,0,1
2026.09.03 15:20,-1.0,1.0,5,1
2026.09.03 15:25,-1.0,1.0,10,1
2026.09.03 15:30,-1.0,1.0,0,1
2026.09.03 15:35,1.0,1.0,5,0
2026.09.03 15:40,1.0,1.0,10,0
2026.09.03 15:45,1.0,1.0,0,0
2026.09.03 15:50,1.0,1.0,5,0
2026.09.03 15:55,1.0,1.0,10,0
2026.09.03 16:00,1.0,1.0,0,0
2026.09.03 16:05,-1.0,1.0,5,1
2026.09.03 16:10,-1.0,1.0,10,1
2026.09.03 16:15,1.0,1.0,0,0
2026.09.03 16:20,-1.0,1.0,5,1
2026.09.03 16:25,-1.0,1.0,10,1
2026.09.03 16:30,1.0,1.0,0,0
2026.09.03 16:35,1.0,1.0,5,0
2026.09.03 16:40,1.0,1.0,10,0
2026.09.03 16:45,-1.0,1.0,0,1
2026.09.03 16:50,-1.0,1.0,5,1
2026.09.03 16:55,-1.0,1.0,10,1
2026.09.03 17:00,1.0,1.0,0,0
2026.09.03 17:05,1.0,1.0,5,0
2026.09.03 17:10,-1.0,1.0,10,1
2026.09.03 17:15,1.0,1.0,0,0
2026.09.03 17:20,1.0,1.0,5,0
2026.09.03 17:25,-1.0,1.0,10,1
2026.09.03 17:30,-1.0,-1.0,0,0
2026.09.03 17:35,-1.0,-1.0,5,0
2026.09.03 17:40,-1.0,-1.0,10,0
2026.09.03 17:45,-1.0,-1.0,0,0
2026.09.03 17:50,1.0,-1.0,5,1
2026.09.03 17:55,1.0,-1.0,10,1
2026.09.03 18:00,1.0,-1.0,0,1
2026.09.03 18:05,1.0,-1.0,5,1
2026.09.03 18:10,1.0,-1.0,10,1
2026.09.03 18:15,1.0,-1.0,0,1
2026.09.03 18:20,1.0,-1.0,5,1
2026.09.03 18:25,1.0,-1.0,10,1
2026.09.03 18:30,1.0,-1.0,0,1
2026.09.03 18:35,1.0,1.0,5,0
2026.09.03 18:40,-1.0,1.0,10,1
2026.09.03 18:45,-1.0,1.0,0,1
2026.09.03 18:50,-1.0,1.0,5,1
2026.09.03 18:55,-1.0,1.0,10,1
2026.09.03 19:00,1.0,1.0,0,0
2026.09.03 19:05,1.0,1.0,5,0
2026.09.03 19:10,1.0,1.0,10,0
2026.09.03 19:15,1.0,1.0,0,0
2026.09.03 19:20,1.0,1.0,5,0
2026.09.03 19:25,1.0,1.0,10,0
2026.09.03 19:30,1.0,1.0,0,0
2026.09.03 19:35,1.0,1.0,5,0
2026.09.03 19:40,1.0,1.0,10,0
2026.09.03 19:45,1.0,1.0,0,0
2026.09.03 19:50,1.0,1.0,5,0
2026.09.03 19:55,1.0,1.0,10,0
2026.09.03 20:00,-1.0,1.0,0,1
2026.09.03 20:05,-1.0,1.0,5,1
2026.09.03 20:10,-1.0,1.0,10,1
2026.09.03 20:15,-1.0,1.0,0,1
2026.09.03 20:20,1.0,1.0,5,0
2026.09.03 20:25,1.0,1.0,10,0
2026.09.03 20:30,-1.0,1.0,0,1
2026.09.03 20:35,1.0,1.0,5,0
2026.09.03 20:40,-1.0,1.0,10,1
2026.09.03 20:45,-1.0,1.0,0,1
2026.09.03 20:50,-1.0,1.0,5,1
2026.09.03 20:55,-1.0,-1.0,10,0
2026.09.03 21:00,-1.0,-1.0,0,0
2026.09.03 21:05,-1.0,-1.0,5,0
2026.09.03 21:10,-1.0,-1.0,10,0
2026.09.03 21:15,1.0,-1.0,0,1
2026.09.03 21:20,1.0,-1.0,5,1
2026.09.03 21:25,-1.0,-1.0,10,0
2026.09.03 21:30,1.0,-1.0,0,1
2026.09.03 21:35,-1.0,-1.0,5,0
2026.09.03 21:40,-1.0,-1.0,10,0
2026.09.03 21:45,-1.0,-1.0,0,0
2026.09.03 21:50,-1.0,-1.0,5,0
2026.09.03 21:55,1.0,-1.0,10,1
2026.09.03 22:00,1.0,-1.0,0,1
2026.09.03 22:05,-1.0,-1.0,5,0
2026.09.03 22:10,-1.0,-1.0,10,0
2026.09.03 22:15,-1.0,-1.0,0,0
2026.09.03 22:20,-1.0,-1.0,5,0
2026.09.03 22:25,-1.0,-1.0,10,0
2026.09.03 22:30,-1.0,-1.0,0,0
2026.09.03 22:35,-1.0,-1.0,5,0
2026.09.03 22:40,-1.0,-1.0,10,0
2026.09.03 22:45,-1.0,-1.0,0,0
2026.09.03 22:50,1.0,1.0,5,0
2026.09.03 22:55,1.0,1.0,10,0
2026.09.03 23:00,1.0,1.0,0,0
2026.09.03 23:05,1.0,1.0,5,0
2026.09.03 23:10,1.0,1.0,10,0
2026.09.03 23:15,-1.0,1.0,0,1
2026.09.03 23:20,-1.0,1.0,5,1
2026.09.03 23:25,-1.0,-1.0,10,0
2026.09.03 23:30,-1.0,-1.0,0,0
2026.09.03 23:35,1.0,-1.0,5,1
2026.09.03 23:40,1.0,-1.0,10,1
2026.09.03 23:45,1.0,-1.0,0,1
2026.09.03 23:50,1.0,-1.0,5,1
2026.09.03 23:55,1.0,-1.0,10,1
2026.09.04 00:00,-1.0,-1.0,0,0
2026.09.04 00:05,-1.0,-1.0,5,0
2026.09.04 00:10,-1.0,-1.0,10,0
2026.09.04 00:15,1.0,-1.0,0,1
2026.09.04 00:20,1.0,-1.0,5,1
2026.09.04 00:25,1.0,-1.0,10,1
2026.09.04 00:30,-1.0,-1.0,0,0
2026.09.04 00:35,-1.0,-1.0,5,0
2026.09.04 00:40,-1.0,-1.0,10,0
2026.09.04 00:45,1.0,-1.0,0,1
2026.09.04 00:50,1.0,-1.0,5,1
2026.09.04 00:55,-1.0,-1.0,10,0
2026.09.04 01:00,1.0,-1.0,0,1
2026.09.04 01:05,1.0,-1.0,5,1
2026.09.04 01:10,1.0,-1.0,10,1
2026.09.04 01:15,1.0,1.0,0,0
2026.09.04 01:20,-1.0,1.0,5,1
2026.09.04 01:25,-1.0,1.0,10,1
2026.09.04 01:30,-1.0,1.0,0,1
2026.09.04 01:35,-1.0,1.0,5,1
2026.09.04 01:40,-1.0,1.0,10,1
2026.09.04 01:45,-1.0,1.0,0,1
2026.09.04 01:50,-1.0,1.0,5,1
2026.09.04 01:55,-1.0,-1.0,10,0
2026.09.04 02:00,-1.0,-1.0,0,0
2026.09.04 02:05,-1.0,-1.0,5,0
2026.09.04 02:10,1.0,-1.0,10,1
2026.09.04 02:15,-1.0,-1.0,0,0
2026.09.04 02:20,-1.0,-1.0,5,0
2026.09.04 02:25,1.0,-1.0,10,1
2026.09.04 02:30,1.0,-1.0,0,1
2026.09.04 02:35,-1.0,1.0,5,1
2026.09.04 02:40,-1.0,1.0,10,1
2026.09.04 02:45,-1.0,1.0,0,1
2026.09.04 02:50,-1.0,1.0,5,1
2026.09.04 02:55,1.0,1.0,10,0
2026.09.04 03:00,1.0,1.0,0,0
2026.09.04 03:05,1.0,1.0,5,0
2026.09.04 03:10,1.0,1.0,10,0
2026.09.04 03:15,-1.0,1.0,0,1
2026.09.04 03:20,-1.0,1.0,5,1
2026.09.04 03:25,1.0,1.0,10,0
2026.09.04 03:30,-1.0,-1.0,0,0
2026.09.04 03:35,-1.0,-1.0,5,0
2026.09.04 03:40,-1.0,-1.0,10,0
2026.09.04 03:45,1.0,-1.0,0,1
2026.09.04 03:50,1.0,1.0,5,0
2026.09.04 03:55,1.0,1.0,10,0
2026.09.04 04:00,-1.0,1.0,0,1
2026.09.04 04:05,-1.0,1.0,5,1
2026.09.04 04:10,-1.0,1.0,10,1
2026.09.04 04:15,-1.0,1.0,0,1
2026.09.04 04:20,-1.0,1.0,5,1
2026.09.04 04:25,1.0,1.0,10,0
2026.09.04 04:30,-1.0,1.0,0,1
2026.09.04 04:35,-1.0,-1.0,5,0
2026.09.04 04:40,1.0,-1.0,10,1
2026.09.04 04:45,1.0,-1.0,0,1
2026.09.04 04:50,1.0,-1.0,5,1
2026.09.04 04:55,1.0,-1.0,10,1
2026.09.04 05:00,1.0,1.0,0,0
2026.09.04 05:05,1.0,1.0,5,0
2026.09.04 05:10,1.0,1.0,10,0
2026.09.04 05:15,1.0,1.0,0,0
2026.09.04 05:20,-1.0,1.0,5,1
2026.09.04 05:25,-1.0,-1.0,10,0
2026.09.04 05:30,1.0,-1.0,0,1
2026.09.04 05:35,1.0,-1.0,5,1
2026.09.04 05:40,1.0,-1.0,10,1
2026.09.04 05:45,1.0,-1.0,0,1
2026.09.04 05:50,1.0,-1.0,5,1
2026.09.04 05:55,-1.0,-1.0,10,0
2026.09.04 06:00,-1.0,-1.0,0,0
2026.09.04 06:05,-1.0,1.0,5,1
2026.09.04 06:10,-1.0,1.0,10,1
2026.09.04 06:15,1.0,1.0,0,0
2026.09.04 06:20,1.0,1.0,5,0
2026.09.04 06:25,1.0,1.0,10,0
2026.09.04 06:30,-1.0,1.0,0,1
2026.09.04 06:35,-1.0,-1.0,5,0
2026.09.04 06:40,-1.0,-1.0,10,0
2026.09.04 06:45,-1.0,-1.0,0,0
2026.09.04 06:50,-1.0,-1.0,5,0
2026.09.04 06:55,1.0,-1.0,10,1
2026.09.04 07:00,-1.0,-1.0,0,0
2026.09.04 07:05,1.0,1.0,5,0
2026.09.04 07:10,-1.0,1.0,10,1
2026.09.04 07:15,-1.0,1.0,0,1
2026.09.04 07:20,-1.0,1.0,5,1
2026.09.04 07:25,-1.0,1.0,10,1
2026.09.04 07:30,1.0,1.0,0,0
2026.09.04 07:35,-1.0,1.0,5,1
2026.09.04 07:40,1.0,1.0,10,0
2026.09.04 07:45,1.0,1.0,0,0
2026.09.04 07:50,-1.0,1.0,5,1
2026.09.04 07:55,1.0,1.0,10,0
2026.09.04 08:00,-1.0,1.0,0,1
2026.09.04 08:05,-1.0,1.0,5,1
2026.09.04 08:10,-1.0,1.0,10,1
2026.09.04 08:15,1.0,1.0,0,0
2026.09.04 08:20,1.0,1.0,5,0
2026.09.04 08:25,-1.0,1.0,10,1
2026.09.04 08:30,-1.0,1.0,0,1
2026.09.04 08:35,1.0,1.0,5,0
2026.09.04 08:40,1.0,1.0,10,0
2026.09.04 08:45,-1.0,-1.0,0,0
2026.09.04 08:50,1.0,-1.0,5,1
2026.09.04 08:55,-1.0,-1.0,10,0
2026.09.04 09:00,1.0,-1.0,0,1
2026.09.04 09:05,1.0,1.0,5,0
2026.09.04 09:10,1.0,1.0,10,0
2026.09.04 09:15,1.0,1.0,0,0
2026.09.04 09:20,1.0,1.0,5,0
2026.09.04 09:25,-1.0,1.0,10,1
2026.09.04 09:30,-1.0,1.0,0,1
2026.09.04 09:35,1.0,1.0,5,0
2026.09.04 09:40,-1.0,1.0,10,1
2026.09.04 09:45,-1.0,1.0,0,1
2026.09.04 09:50,-1.0,-1.0,5,0
2026.09.04 09:55,-1.0,-1.0,10,0
2026.09.04 10:00,-1.0,-1.0,0,0
2026.09.04 10:05,1.0,-1.0,5,1
2026.09.04 10:10,1.0,-1.0,10,1
2026.09.04 10:15,-1.0,-1.0,0,0
2026.09.04 10:20,-1.0,-1.0,5,0
2026.09.04 10:25,1.0,-1.0,10,1
2026.09.04 10:30,1.0,-1.0,0,1
2026.09.04 10:35,1.0,-1.0,5,1
2026.09.04 10:40,-1.0,-1.0,10,0
2026.09.04 10:45,-1.0,-1.0,0,0
2026.09.04 10:50,-1.0,-1.0,5,0
2026.09.04 10:55,-1.0,-1.0,10,0
2026.09.04 11:00,-1.0,-1.0,0,0
2026.09.04 11:05,1.0,-1.0,5,1
2026.09.04 11:10,-1.0,-1.0,10,0
2026.09.04 11:15,-1.0,-1.0,0,0
2026.09.04 11:20,1.0,-1.0,5,1
2026.09.04 11:25,1.0,-1.0,10,1
2026.09.04 11:30,1.0,-1.0,0,1
2026.09.04 11:35,1.0,-1.0,5,1
2026.09.04 11:40,1.0,-1.0,10,1
2026.09.04 11:45,1.0,-1.0,0,1
2026.09.04 11:50,1.0,-1.0,5,1
2026.09.04 11:55,1.0,-1.0,10,1
2026.09.04 12:00,1.0,1.0,0,0
2026.09.04 12:05,-1.0,1.0,5,1
2026.09.04 12:10,-1.0,1.0,10,1
2026.09.04 12:15,-1.0,1.0,0,1
2026.09.04 12:20,1.0,1.0,5,0
2026.09.04 12:25,-1.0,1.0,10,1
2026.09.04 12:30,-1.0,1.0,0,1
2026.09.04 12:35,-1.0,1.0,5,1
2026.09.04 12:40,-1.0,1.0,10,1
2026.09.04 12:45,1.0,-1.0,0,1
2026.09.04 12:50,-1.0,-1.0,5,0
2026.09.04 12:55,-1.0,-1.0,10,0
2026.09.04 13:00,-1.0,-1.0,0,0
2026.09.04 13:05,-1.0,-1.0,5,0
2026.09.04 13:10,-1.0,-1.0,10,0
2026.09.04 13:15,1.0,-1.0,0,1
2026.09.04 13:20,1.0,1.0,5,0
2026.09.04 13:25,-1.0,1.0,10,1
2026.09.04 13:30,-1.0,1.0,0,1
2026.09.04 13:35,1.0,1.0,5,0
2026.09.04 13:40,-1.0,1.0,10,1
2026.09.04 13:45,1.0,1.0,0,0
2026.09.04 13:50,1.0,1.0,5,0
2026.09.04 13:55,-1.0,1.0,10,1
2026.09.04 14:00,1.0,1.0,0,0
2026.09.04 14:05,-1.0,1.0,5,1
2026.09.04 14:10,-1.0,1.0,10,1
2026.09.04 14:15,1.0,1.0,0,0
2026.09.04 14:20,1.0,1.0,5,0
2026.09.04 14:25,1.0,1.0,10,0
2026.09.04 14:30,-1.0,1.0,0,1
2026.09.04 14:35,-1.0,1.0,5,1
2026.09.04 14:40,-1.0,-1.0,10,0
2026.09.04 14:45,1.0,1.0,0,0
2026.09.04 14:50,-1.0,1.0,5,1
2026.09.04 14:55,-1.0,1.0,10,1
2026.09.04 15:00,-1.0,1.0,0,1
2026.09.04 15:05,1.0,1.0,5,0
2026.09.04 15:10,-1.0,1.0,10,1
2026.09.04 15:15,-1.0,1.0,0,1
2026.09.04 15:20,1.0,1.0,5,0
2026.09.04 15:25,1.0,1.0,10,0
2026.09.04 15:30,-1.0,1.0,0,1
2026.09.04 15:35,-1.0,-1.0,5,0
2026.09.04 15:40,-1.0,-1.0,10,0
2026.09.04 15:45,-1.0,-1.0,0,0
2026.09.04 15:50,1.0,-1.0,5,1
2026.09.04 15:55,1.0,-1.0,10,1
2026.09.04 16:00,1.0,-1.0,0,1
2026.09.04 16:05,1.0,-1.0,5,1
2026.09.04 16:10,1.0,-1.0,10,1
2026.09.04 16:15,1.0,1.0,0,0
2026.09.04 16:20,1.0,1.0,5,0
2026.09.04 16:25,1.0,1.0,10,0
2026.09.04 16:30,1.0,1.0,0,0
2026.09.04 16:35,-1.0,1.0,5,1
2026.09.04 16:40,-1.0,1.0,10,1
2026.09.04 16:45,1.0,1.0,0,0
2026.09.04 16:50,1.0,1.0,5,0
2026.09.04 16:55,1.0,1.0,10,0
2026.09.04 17:00,-1.0,1.0,0,1
2026.09.04 17:05,-1.0,-1.0,5,0
2026.09.04 17:10,1.0,-1.0,10,1
2026.09.04 17:15,1.0,-1.0,0,1
2026.09.04 17:20,1.0,-1.0,5,1
2026.09.04 17:25,1.0,-1.0,10,1
2026.09.04 17:30,1.0,-1.0,0,1
2026.09.04 17:35,1.0,1.0,5,0
2026.09.04 17:40,1.0,1.0,10,0
2026.09.04 17:45,1.0,1.0,0,0
2026.09.04 17:50,-1.0,1.0,5,1
2026.09.04 17:55,-1.0,1.0,10,1
2026.09.04 18:00,-1.0,1.0,0,1
2026.09.04 18:05,1.0,1.0,5,0
2026.09.04 18:10,1.0,1.0,10,0
2026.09.04 18:15,1.0,1.0,0,0
2026.09.04 18:20,1.0,1.0,5,0
2026.09.04 18:25,1.0,1.0,10,0
2026.09.04 18:30,-1.0,1.0,0,1
2026.09.04 18:35,-1.0,1.0,5,1
2026.09.04 18:40,-1.0,1.0,10,1
2026.09.04 18:45,-1.0,1.0,0,1
2026.09.04 18:50,1.0,1.0,5,0
2026.09.04 18:55,-1.0,1.0,10,1
2026.09.04 19:00,-1.0,1.0,0,1
2026.09.04 19:05,1.0,1.0,5,0
2026.09.04 19:10,1.0,1.0,10,0
2026.09.04 19:15,1.0,1.0,0,0
2026.09.04 19:20,1.0,1.0,5,0
2026.09.04 19:25,1.0,1.0,10,0
2026.09.04 19:30,1.0,1.0,0,0
2026.09.04 19:35,1.0,1.0,5,0
2026.09.04 19:40,1.0,1.0,10,0
2026.09.04 19:45,-1.0,1.0,0,1
2026.09.04 19:50,1.0,1.0,5,0
2026.09.04 19:55,1.0,1.0,10,0
2026.09.04 20:00,-1.0,1.0,0,1
2026.09.04 20:05,-1.0,1.0,5,1
2026.09.04 20:10,-1.0,1.0,10,1
2026.09.04 20:15,-1.0,1.0,0,1
2026.09.04 20:20,-1.0,1.0,5,1
2026.09.04 20:25,-1.0,1.0,10,1
2026.09.04 20:30,-1.0,1.0,0,1
2026.09.04 20:35,-1.0,1.0,5,1
2026.09.04 20:40,-1.0,1.0,10,1
2026.09.04 20:45,-1.0,1.0,0,1
2026.09.04 20:50,-1.0,1.0,5,1
2026.09.04 20:55,1.0,1.0,10,0
2026.09.04 21:00,-1.0,-1.0,0,0
2026.09.04 21:05,-1.0,-1.0,5,0
2026.09.04 21:10,-1.0,-1.0,10,0
2026.09.04 21:15,-1.0,-1.0,0,0
2026.09.04 21:20,-1.0,-1.0,5,0
2026.09.04 21:25,1.0,-1.0,10,1
2026.09.04 21:30,1.0,-1.0,0,1
2026.09.04 21:35,1.0,-1.0,5,1
2026.09.04 21:40,-1.0,-1.0,10,0
2026.09.04 21:45,-1.0,-1.0,0,0
2026.09.04 21:50,-1.0,-1.0,5,0
2026.09.04 21:55,-1.0,-1.0,10,0
2026.09.04 22:00,1.0,-1.0,0,1
2026.09.04 22:05,1.0,1.0,5,0
2026.09.04 22:10,1.0,1.0,10,0
2026.09.04 22:15,1.0,1.0,0,0
2026.09.04 22:20,1.0,1.0,5,0
2026.09.04 22:25,1.0,1.0,10,0
2026.09.04 22:30,1.0,1.0,0,0
2026.09.04 22:35,1.0,1.0,5,0
2026.09.04 22:40,-1.0,1.0,10,1
2026.09.04 22:45,1.0,1.0,0,0
2026.09.04 22:50,-1.0,1.0,5,1
2026.09.04 22:55,-1.0,1.0,10,1
2026.09.04 23:00,-1.0,1.0,0,1
2026.09.04 23:05,1.0,1.0,5,0
2026.09.04 23:10,-1.0,1.0,10,1
2026.09.04 23:15,-1.0,1.0,0,1
2026.09.04 23:20,-1.0,1.0,5,1
2026.09.04 23:25,-1.0,1.0,10,1
2026.09.04 23:30,-1.0,1.0,0,1
2026.09.04 23:35,-1.0,-1.0,5,0
2026.09.04 23:40,-1.0,-1.0,10,0
2026.09.04 23:45,-1.0,-1.0,0,0
2026.09.04 23:50,-1.0,-1.0,5,0
2026.09.04 23:55,1.0,-1.0,10,1
2026.09.07 00:00,-1.0,-1.0,0,0
2026.09.07 00:05,1.0,-1.0,5,1
2026.09.07 00:10,1.0,-1.0,10,1
2026.09.07 00:15,1.0,-1.0,0,1
2026.09.07 00:20,1.0,-1.0,5,1
2026.09.07 00:25,1.0,-1.0,10,1
2026.09.07 00:30,1.0,-1.0,0,1
2026.09.07 00:35,-1.0,-1.0,5,0
2026.09.07 00:40,-1.0,-1.0,10,0
2026.09.07 00:45,1.0,-1.0,0,1
2026.09.07 00:50,1.0,-1.0,5,1
2026.09.07 00:55,-1.0,-1.0,10,0
2026.09.07 01:00,-1.0,-1.0,0,0
2026.09.07 01:05,1.0,-1.0,5,1
2026.09.07 01:10,1.0,-1.0,10,1
2026.09.07 01:15,1.0,1.0,0,0
2026.09.07 01:20,1.0,1.0,5,0
2026.09.07 01:25,1.0,1.0,10,0
2026.09.07 01:30,-1.0,1.0,0,1
2026.09.07 01:35,-1.0,1.0,5,1
2026.09.07 01:40,-1.0,1.0,10,1
2026.09.07 01:45,-1.0,1.0,0,1
2026.09.07 01:50,1.0,1.0,5,0
2026.09.07 01:55,1.0,1.0,10,0
2026.09.07 02:00,1.0,1.0,0,0
2026.09.07 02:05,1.0,1.0,5,0
2026.09.07 02:10,1.0,1.0,10,0
2026.09.07 02:15,1.0,1.0,0,0
2026.09.07 02:20,1.0,1.0,5,0
2026.09.07 02:25,1.0,1.0,10,0
2026.09.07 02:30,1.0,1.0,0,0
2026.09.07 02:35,1.0,1.0,5,0
2026.09.07 02:40,1.0,1.0,10,0
2026.09.07 02:45,1.0,1.0,0,0
2026.09.07 02:50,-1.0,-1.0,5,0
2026.09.07 02:55,1.0,-1.0,10,1
2026.09.07 03:00,-1.0,-1.0,0,0
2026.09.07 03:05,1.0,-1.0,5,1
2026.09.07 03:10,1.0,-1.0,10,1
2026.09.07 03:15,1.0,-1.0,0,1
2026.09.07 03:20,1.0,1.0,5,0
2026.09.07 03:25,-1.0,1.0,10,1
2026.09.07 03:30,1.0,1.0,0,0
2026.09.07 03:35,1.0,1.0,5,0
2026.09.07 03:40,1.0,1.0,10,0
2026.09.07 03:45,1.0,1.0,0,0
2026.09.07 03:50,1.0,1.0,5,0
2026.09.07 03:55,-1.0,1.0,10,1
2026.09.07 04:00,-1.0,1.0,0,1
2026.09.07 04:05,-1.0,1.0,5,1
2026.09.07 04:10,-1.0,1.0,10,1
2026.09.07 04:15,1.0,1.0,0,0
2026.09.07 04:20,-1.0,1.0,5,1
2026.09.07 04:25,1.0,1.0,10,0
2026.09.07 04:30,1.0,1.0,0,0
2026.09.07 04:35,1.0,1.0,5,0
2026.09.07 04:40,-1.0,1.0,10,1
2026.09.07 04:45,-1.0,1.0,0,1
2026.09.07 04:50,-1.0,1.0,5,1
2026.09.07 04:55,1.0,1.0,10,0
2026.09.07 05:00,-1.0,-1.0,0,0
2026.09.07 05:05,-1.0,-1.0,5,0
2026.09.07 05:10,-1.0,-1.0,10,0
2026.09.07 05:15,-1.0,-1.0,0,0
2026.09.07 05:20,-1.0,-1.0,5,0
2026.09.07 05:25,1.0,-1.0,10,1
2026.09.07 05:30,1.0,-1.0,0,1
2026.09.07 05:35,1.0,-1.0,5,1
2026.09.07 05:40,1.0,-1.0,10,1
2026.09.07 05:45,-1.0,-1.0,0,0
2026.09.07 05:50,-1.0,-1.0,5,0
2026.09.07 05:55,-1.0,-1.0,10,0
2026.09.07 06:00,-1.0,-1.0,0,0
2026.09.07 06:05,1.0,-1.0,5,1
2026.09.07 06:10,-1.0,-1.0,10,0
2026.09.07 06:15,-1.0,-1.0,0,0
2026.09.07 06:20,-1.0,-1.0,5,0
2026.09.07 06:25,1.0,-1.0,10,1
2026.09.07 06:30,1.0,-1.0,0,1
2026.09.07 06:35,-1.0,-1.0,5,0
2026.09.07 06:40,-1.0,-1.0,10,0
2026.09.07 06:45,-1.0,-1.0,0,0
2026.09.07 06:50,-1.0,-1.0,5,0
2026.09.07 06:55,-1.0,-1.0,10,0
2026.09.07 07:00,1.0,-1.0,0,1
2026.09.07 07:05,1.0,-1.0,5,1
2026.09.07 07:10,1.0,-1.0,10,1
2026.09.07 07:15,1.0,-1.0,0,1
2026.09.07 07:20,1.0,-1.0,5,1
2026.09.07 07:25,-1.0,-1.0,10,0
2026.09.07 07:30,-1.0,-1.0,0,0
2026.09.07 07:35,-1.0,-1.0,5,0
2026.09.07 07:40,-1.0,-1.0,10,0
2026.09.07 07:45,-1.0,-1.0,0,0
2026.09.07 07:50,1.0,-1.0,5,1
2026.09.07 07:55,-1.0,1.0,10,1
2026.09.07 08:00,1.0,1.0,0,0
2026.09.07 08:05,-1.0,1.0,5,1
2026.09.07 08:10,-1.0,1.0,10,1
2026.09.07 08:15,-1.0,1.0,0,1
2026.09.07 08:20,-1.0,1.0,5,1
2026.09.07 08:25,1.0,1.0,10,0
2026.09.07 08:30,1.0,1.0,0,0
2026.09.07 08:35,-1.0,1.0,5,1
2026.09.07 08:40,1.0,1.0,10,0
2026.09.07 08:45,1.0,1.0,0,0
2026.09.07 08:50,1.0,1.0,5,0
2026.09.07 08:55,1.0,1.0,10,0
2026.09.07 09:00,1.0,1.0,0,0
2026.09.07 09:05,-1.0,1.0,5,1
2026.09.07 09:10,-1.0,1.0,10,1
2026.09.07 09:15,-1.0,1.0,0,1
2026.09.07 09:20,1.0,1.0,5,0
2026.09.07 09:25,1.0,1.0,10,0
2026.09.07 09:30,1.0,1.0,0,0
2026.09.07 09:35,1.0,1.0,5,0
2026.09.07 09:40,1.0,1.0,10,0
2026.09.07 09:45,-1.0,1.0,0,1
2026.09.07 09:50,-1.0,1.0,5,1
2026.09.07 09:55,-1.0,1.0,10,1
2026.09.07 10:00,-1.0,-1.0,0,0
2026.09.07 10:05,-1.0,-1.0,5,0
2026.09.07 10:10,-1.0,-1.0,10,0
2026.09.07 10:15,1.0,-1.0,0,1
2026.09.07 10:20,1.0,-1.0,5,1
2026.09.07 10:25,1.0,-1.0,10,1
2026.09.07 10:30,1.0,1.0,0,0
2026.09.07 10:35,1.0,1.0,5,0
2026.09.07 10:40,-1.0,1.0,10,1
2026.09.07 10:45,1.0,1.0,0,0
2026.09.07 10:50,1.0,1.0,5,0
2026.09.07 10:55,1.0,1.0,10,0
2026.09.07 11:00,1.0,1.0,0,0
2026.09.07 11:05,-1.0,1.0,5,1
2026.09.07 11:10,1.0,1.0,10,0
2026.09.07 11:15,1.0,1.0,0,0
2026.09.07 11:20,1.0,1.0,5,0
2026.09.07 11:25,-1.0,1.0,10,1
2026.09.07 11:30,-1.0,1.0,0,1
2026.09.07 11:35,-1.0,1.0,5,1
2026.09.07 11:40,-1.0,1.0,10,1
2026.09.07 11:45,-1.0,-1.0,0,0
2026.09.07 11:50,-1.0,-1.0,5,0
2026.09.07 11:55,-1.0,-1.0,10,0
2026.09.07 12:00,-1.0,-1.0,0,0
2026.09.07 12:05,1.0,-1.0,5,1
2026.09.07 12:10,1.0,-1.0,10,1
2026.09.07 12:15,-1.0,-1.0,0,0
2026.09.07 12:20,1.0,-1.0,5,1
2026.09.07 12:25,1.0,-1.0,10,1
2026.09.07 12:30,1.0,-1.0,0,1
2026.09.07 12:35,1.0,-1.0,5,1
2026.09.07 12:40,1.0,-1.0,10,1
2026.09.07 12:45,-1.0,-1.0,0,0
2026.09.07 12:50,1.0,-1.0,5,1
2026.09.07 12:55,-1.0,-1.0,10,0
2026.09.07 13:00,-1.0,-1.0,0,0
2026.09.07 13:05,1.0,-1.0,5,1
2026.09.07 13:10,1.0,1.0,10,0
2026.09.07 13:15,1.0,1.0,0,0
2026.09.07 13:20,1.0,1.0,5,0
2026.09.07 13:25,1.0,1.0,10,0
2026.09.07 13:30,-1.0,1.0,0,1
2026.09.07 13:35,-1.0,1.0,5,1
2026.09.07 13:40,-1.0,1.0,10,1
2026.09.07 13:45,1.0,1.0,0,0
2026.09.07 13:50,1.0,1.0,5,0
2026.09.07 13:55,1.0,1.0,10,0
2026.09.07 14:00,-1.0,1.0,0,1
2026.09.07 14:05,-1.0,1.0,5,1
2026.09.07 14:10,1.0,1.0,10,0
2026.09.07 14:15,-1.0,-1.0,0,0
2026.09.07 14:20,-1.0,-1.0,5,0
2026.09.07 14:25,-1.0,-1.0,10,0
2026.09.07 14:30,-1.0,-1.0,0,0
2026.09.07 14:35,1.0,-1.0,5,1
2026.09.07 14:40,1.0,-1.0,10,1
2026.09.07 14:45,-1.0,-1.0,0,0
2026.09.07 14:50,1.0,-1.0,5,1
2026.09.07 14:55,-1.0,-1.0,10,0
2026.09.07 15:00,-1.0,-1.0,0,0
2026.09.07 15:05,-1.0,-1.0,5,0
2026.09.07 15:10,-1.0,-1.0,10,0
2026.09.07 15:15,-1.0,-1.0,0,0
2026.09.07 15:20,1.0,-1.0,5,1
2026.09.07 15:25,1.0,1.0,10,0
2026.09.07 15:30,1.0,1.0,0,0
2026.09.07 15:35,1.0,1.0,5,0
2026.09.07 15:40,1.0,1.0,10,0
2026.09.07 15:45,1.0,1.0,0,0
2026.09.07 15:50,-1.0,1.0,5,1
2026.09.07 15:55,-1.0,1.0,10,1
2026.09.07 16:00,-1.0,1.0,0,1
2026.09.07 16:05,-1.0,1.0,5,1
2026.09.07 16:10,-1.0,1.0,10,1
2026.09.07 16:15,1.0,1.0,0,0
2026.09.07 16:20,-1.0,1.0,5,1
2026.09.07 16:25,-1.0,1.0,10,1
2026.09.07 16:30,1.0,1.0,0,0
2026.09.07 16:35,1.0,1.0,5,0
2026.09.07 16:40,1.0,1.0,10,0
2026.09.07 16:45,-1.0,1.0,0,1
2026.09.07 16:50,1.0,1.0,5,0
2026.09.07 16:55,1.0,1.0,10,0
2026.09.07 17:00,1.0,1.0,0,0
2026.09.07 17:05,1.0,1.0,5,0
2026.09.07 17:10,1.0,1.0,10,0
2026.09.07 17:15,1.0,1.0,0,0
2026.09.07 17:20,1.0,1.0,5,0
2026.09.07 17:25,-1.0,1.0,10,1
2026.09.07 17:30,1.0,1.0,0,0
2026.09.07 17:35,-1.0,1.0,5,1
2026.09.07 17:40,-1.0,1.0,10,1
2026.09.07 17:45,-1.0,1.0,0,1
2026.09.07 17:50,-1.0,-1.0,5,0
2026.09.07 17:55,-1.0,-1.0,10,0
2026.09.07 18:00,1.0,1.0,0,0
2026.09.07 18:05,-1.0,1.0,5,1
2026.09.07 18:10,-1.0,1.0,10,1
2026.09.07 18:15,-1.0,-1.0,0,0
2026.09.07 18:20,-1.0,-1.0,5,0
2026.09.07 18:25,1.0,-1.0,10,1
2026.09.07 18:30,1.0,1.0,0,0
2026.09.07 18:35,-1.0,1.0,5,1
2026.09.07 18:40,-1.0,1.0,10,1
2026.09.07 18:45,-1.0,1.0,0,1
2026.09.07 18:50,-1.0,1.0,5,1
2026.09.07 18:55,-1.0,1.0,10,1
2026.09.07 19:00,-1.0,1.0,0,1
2026.09.07 19:05,-1.0,-1.0,5,0
2026.09.07 19:10,1.0,-1.0,10,1
2026.09.07 19:15,-1.0,-1.0,0,0
2026.09.07 19:20,-1.0,-1.0,5,0
2026.09.07 19:25,1.0,-1.0,10,1
2026.09.07 19:30,1.0,-1.0,0,1
2026.09.07 19:35,1.0,-1.0,5,1
2026.09.07 19:40,1.0,-1.0,10,1
2026.09.07 19:45,1.0,1.0,0,0
2026.09.07 19:50,1.0,1.0,5,0
2026.09.07 19:55,-1.0,1.0,10,1
2026.09.07 20:00,-1.0,1.0,0,1
2026.09.07 20:05,-1.0,-1.0,5,0
2026.09.07 20:10,-1.0,-1.0,10,0
2026.09.07 20:15,-1.0,-1.0,0,0
2026.09.07 20:20,-1.0,-1.0,5,0
2026.09.07 20:25,-1.0,-1.0,10,0
2026.09.07 20:30,-1.0,-1.0,0,0
2026.09.07 20:35,-1.0,-1.0,5,0
2026.09.07 20:40,-1.0,-1.0,10,0
2026.09.07 20:45,-1.0,-1.0,0,0
2026.09.07 20:50,-1.0,-1.0,5,0
2026.09.07 20:55,-1.0,-1.0,10,0
2026.09.07 21:00,1.0,-1.0,0,1
2026.09.07 21:05,1.0,-1.0,5,1
2026.09.07 21:10,-1.0,-1.0,10,0
2026.09.07 21:15,-1.0,-1.0,0,0
2026.09.07 21:20,-1.0,-1.0,5,0
2026.09.07 21:25,-1.0,-1.0,10,0
2026.09.07 21:30,-1.0,-1.0,0,0
2026.09.07 21:35,1.0,-1.0,5,1
2026.09.07 21:40,1.0,-1.0,10,1
2026.09.07 21:45,1.0,-1.0,0,1
2026.09.07 21:50,-1.0,-1.0,5,0
2026.09.07 21:55,-1.0,-1.0,10,0
2026.09.07 22:00,-1.0,-1.0,0,0
2026.09.07 22:05,-1.0,-1.0,5,0
2026.09.07 22:10,-1.0,-1.0,10,0
2026.09.07 22:15,-1.0,-1.0,0,0
2026.09.07 22:20,-1.0,-1.0,5,0
2026.09.07 22:25,-1.0,-1.0,10,0
2026.09.07 22:30,-1.0,-1.0,0,0
2026.09.07 22:35,-1.0,-1.0,5,0
2026.09.07 22:40,1.0,-1.0,10,1
2026.09.07 22:45,-1.0,-1.0,0,0
2026.09.07 22:50,-1.0,-1.0,5,0
2026.09.07 22:55,-1.0,-1.0,10,0
2026.09.07 23:00,-1.0,-1.0,0,0
2026.09.07 23:05,1.0,-1.0,5,1
2026.09.07 23:10,1.0,-1.0,10,1
2026.09.07 23:15,1.0,-1.0,0,1
2026.09.07 23:20,1.0,-1.0,5,1
2026.09.07 23:25,1.0,-1.0,10,1
2026.09.07 23:30,-1.0,-1.0,0,0
2026.09.07 23:35,1.0,-1.0,5,1
2026.09.07 23:40,1.0,-1.0,10,1
2026.09.07 23:45,1.0,-1.0,0,1
2026.09.07 23:50,1.0,-1.0,5,1
2026.09.07 23:55,-1.0,-1.0,10,0
2026.09.08 00:00,-1.0,-1.0,0,0
2026.09.08 00:05,-1.0,-1.0,5,0
2026.09.08 00:10,-1.0,-1.0,10,0
2026.09.08 00:15,-1.0,-1.0,0,0
2026.09.08 00:20,1.0,-1.0,5,1
2026.09.08 00:25,1.0,1.0,10,0
2026.09.08 00:30,1.0,1.0,0,0
2026.09.08 00:35,1.0,1.0,5,0
2026.09.08 00:40,1.0,1.0,10,0
2026.09.08 00:45,1.0,1.0,0,0
2026.09.08 00:50,1.0,1.0,5,0
2026.09.08 00:55,1.0,1.0,10,0
2026.09.08 01:00,1.0,1.0,0,0
2026.09.08 01:05,1.0,1.0,5,0
2026.09.08 01:10,1.0,1.0,10,0
2026.09.08 01:15,1.0,1.0,0,0
2026.09.08 01:20,1.0,1.0,5,0
2026.09.08 01:25,1.0,1.0,10,0
2026.09.08 01:30,1.0,1.0,0,0
2026.09.08 01:35,1.0,1.0,5,0
2026.09.08 01:40,-1.0,1.0,10,1
2026.09.08 01:45,-1.0,1.0,0,1
2026.09.08 01:50,-1.0,1.0,5,1
2026.09.08 01:55,1.0,1.0,10,0
2026.09.08 02:00,-1.0,1.0,0,1
2026.09.08 02:05,1.0,1.0,5,0
2026.09.08 02:10,1.0,1.0,10,0
2026.09.08 02:15,1.0,1.0,0,0
2026.09.08 02:20,1.0,1.0,5,0
2026.09.08 02:25,1.0,1.0,10,0
2026.09.08 02:30,-1.0,1.0,0,1
2026.09.08 02:35,-1.0,1.0,5,1
2026.09.08 02:40,1.0,1.0,10,0
2026.09.08 02:45,1.0,1.0,0,0
2026.09.08 02:50,1.0,1.0,5,0
2026.09.08 02:55,-1.0,-1.0,10,0
2026.09.08 03:00,1.0,-1.0,0,1
2026.09.08 03:05,1.0,-1.0,5,1
2026.09.08 03:10,-1.0,-1.0,10,0
2026.09.08 03:15,-1.0,-1.0,0,0
2026.09.08 03:20,1.0,-1.0,5,1
2026.09.08 03:25,1.0,-1.0,10,1
2026.09.08 03:30,1.0,-1.0,0,1
2026.09.08 03:35,1.0,1.0,5,0
2026.09.08 03:40,-1.0,1.0,10,1
2026.09.08 03:45,-1.0,1.0,0,1
2026.09.08 03:50,-1.0,1.0,5,1
2026.09.08 03:55,1.0,1.0,10,0
2026.09.08 04:00,-1.0,1.0,0,1
2026.09.08 04:05,1.0,1.0,5,0
2026.09.08 04:10,1.0,1.0,10,0
2026.09.08 04:15,1.0,1.0,0,0
2026.09.08 04:20,1.0,1.0,5,0
2026.09.08 04:25,1.0,1.0,10,0
2026.09.08 04:30,1.0,1.0,0,0
2026.09.08 04:35,1.0,1.0,5,0
2026.09.08 04:40,-1.0,1.0,10,1
2026.09.08 04:45,1.0,1.0,0,0
2026.09.08 04:50,1.0,1.0,5,0
2026.09.08 04:55,1.0,1.0,10,0
2026.09.08 05:00,1.0,1.0,0,0
2026.09.08 05:05,1.0,1.0,5,0
2026.09.08 05:10,-1.0,1.0,10,1
2026.09.08 05:15,-1.0,1.0,0,1
2026.09.08 05:20,1.0,1.0,5,0
2026.09.08 05:25,-1.0,-1.0,10,0
2026.09.08 05:30,-1.0,-1.0,0,0
2026.09.08 05:35,-1.0,-1.0,5,0
2026.09.08 05:40,-1.0,-1.0,10,0
2026.09.08 05:45,-1.0,-1.0,0,0
2026.09.08 05:50,-1.0,-1.0,5,0
2026.09.08 05:55,-1.0,-1.0,10,0
2026.09.08 06:00,-1.0,-1.0,0,0
2026.09.08 06:05,-1.0,-1.0,5,0
2026.09.08 06:10,1.0,-1.0,10,1
2026.09.08 06:15,-1.0,-1.0,0,0
2026.09.08 06:20,1.0,1.0,5,0
2026.09.08 06:25,1.0,1.0,10,0
2026.09.08 06:30,1.0,1.0,0,0
2026.09.08 06:35,-1.0,1.0,5,1
2026.09.08 06:40,-1.0,1.0,10,1
2026.09.08 06:45,-1.0,1.0,0,1
2026.09.08 06:50,1.0,1.0,5,0
2026.09.08 06:55,-1.0,1.0,10,1
2026.09.08 07:00,-1.0,-1.0,0,0
2026.09.08 07:05,1.0,-1.0,5,1
2026.09.08 07:10,-1.0,-1.0,10,0
2026.09.08 07:15,-1.0,-1.0,0,0
2026.09.08 07:20,-1.0,-1.0,5,0
2026.09.08 07:25,1.0,1.0,10,0
2026.09.08 07:30,-1.0,1.0,0,1
2026.09.08 07:35,-1.0,1.0,5,1
2026.09.08 07:40,-1.0,1.0,10,1
2026.09.08 07:45,-1.0,1.0,0,1
2026.09.08 07:50,-1.0,1.0,5,1
2026.09.08 07:55,-1.0,1.0,10,1
2026.09.08 08:00,1.0,1.0,0,0
2026.09.08 08:05,1.0,1.0,5,0
2026.09.08 08:10,1.0,1.0,10,0
2026.09.08 08:15,-1.0,1.0,0,1
2026.09.08 08:20,1.0,1.0,5,0
2026.09.08 08:25,-1.0,-1.0,10,0
2026.09.08 08:30,-1.0,-1.0,0,0
2026.09.08 08:35,-1.0,-1.0,5,0
2026.09.08 08:40,-1.0,-1.0,10,0
2026.09.08 08:45,1.0,1.0,0,0
2026.09.08 08:50,1.0,1.0,5,0
2026.09.08 08:55,1.0,1.0,10,0
2026.09.08 09:00,1.0,1.0,0,0
2026.09.08 09:05,1.0,1.0,5,0
2026.09.08 09:10,1.0,1.0,10,0
2026.09.08 09:15,-1.0,1.0,0,1
2026.09.08 09:20,-1.0,-1.0,5,0
2026.09.08 09:25,-1.0,-1.0,10,0
2026.09.08 09:30,-1.0,-1.0,0,0
2026.09.08 09:35,-1.0,-1.0,5,0
2026.09.08 09:40,-1.0,-1.0,10,0
2026.09.08 09:45,1.0,-1.0,0,1
2026.09.08 09:50,1.0,-1.0,5,1
2026.09.08 09:55,1.0,-1.0,10,1
2026.09.08 10:00,-1.0,-1.0,0,0
2026.09.08 10:05,1.0,-1.0,5,1
2026.09.08 10:10,1.0,-1.0,10,1
2026.09.08 10:15,-1.0,-1.0,0,0
2026.09.08 10:20,-1.0,-1.0,5,0
2026.09.08 10:25,-1.0,-1.0,10,0
2026.09.08 10:30,1.0,-1.0,0,1
2026.09.08 10:35,-1.0,-1.0,5,0
2026.09.08 10:40,-1.0,-1.0,10,0
2026.09.08 10:45,1.0,-1.0,0,1
2026.09.08 10:50,1.0,-1.0,5,1
2026.09.08 10:55,-1.0,-1.0,10,0
2026.09.08 11:00,1.0,-1.0,0,1
2026.09.08 11:05,1.0,-1.0,5,1
2026.09.08 11:10,-1.0,-1.0,10,0
2026.09.08 11:15,-1.0,-1.0,0,0
2026.09.08 11:20,1.0,-1.0,5,1
2026.09.08 11:25,1.0,1.0,10,0
2026.09.08 11:30,1.0,1.0,0,0
2026.09.08 11:35,1.0,1.0,5,0
2026.09.08 11:40,1.0,1.0,10,0
2026.09.08 11:45,-1.0,1.0,0,1
2026.09.08 11:50,-1.0,1.0,5,1
2026.09.08 11:55,-1.0,1.0,10,1
2026.09.08 12:00,-1.0,1.0,0,1
2026.09.08 12:05,-1.0,1.0,5,1
2026.09.08 12:10,1.0,-1.0,10,1
2026.09.08 12:15,1.0,-1.0,0,1
2026.09.08 12:20,1.0,-1.0,5,1
2026.09.08 12:25,1.0,-1.0,10,1
2026.09.08 12:30,-1.0,-1.0,0,0
2026.09.08 12:35,1.0,-1.0,5,1
2026.09.08 12:40,1.0,-1.0,10,1
2026.09.08 12:45,1.0,-1.0,0,1
2026.09.08 12:50,-1.0,-1.0,5,0
2026.09.08 12:55,-1.0,-1.0,10,0
2026.09.08 13:00,1.0,-1.0,0,1
2026.09.08 13:05,-1.0,-1.0,5,0
2026.09.08 13:10,-1.0,-1.0,10,0
2026.09.08 13:15,1.0,-1.0,0,1
2026.09.08 13:20,-1.0,-1.0,5,0
2026.09.08 13:25,-1.0,-1.0,10,0
2026.09.08 13:30,-1.0,-1.0,0,0
2026.09.08 13:35,-1.0,-1.0,5,0
2026.09.08 13:40,-1.0,-1.0,10,0
2026.09.08 13:45,-1.0,-1.0,0,0
2026.09.08 13:50,-1.0,-1.0,5,0
2026.09.08 13:55,-1.0,1.0,10,1
2026.09.08 14:00,1.0,1.0,0,0
2026.09.08 14:05,-1.0,1.0,5,1
2026.09.08 14:10,-1.0,1.0,10,1
2026.09.08 14:15,-1.0,1.0,0,1
2026.09.08 14:20,1.0,1.0,5,0
2026.09.08 14:25,1.0,1.0,10,0
2026.09.08 14:30,1.0,1.0,0,0
2026.09.08 14:35,1.0,1.0,5,0
2026.09.08 14:40,1.0,1.0,10,0
2026.09.08 14:45,-1.0,1.0,0,1
2026.09.08 14:50,-1.0,1.0,5,1
2026.09.08 14:55,-1.0,-1.0,10,0
2026.09.08 15:00,-1.0,-1.0,0,0
2026.09.08 15:05,1.0,-1.0,5,1
2026.09.08 15:10,1.0,-1.0,10,1
2026.09.08 15:15,-1.0,-1.0,0,0
2026.09.08 15:20,-1.0,-1.0,5,0
2026.09.08 15:25,-1.0,-1.0,10,0
2026.09.08 15:30,1.0,-1.0,0,1
2026.09.08 15:35,1.0,1.0,5,0
2026.09.08 15:40,1.0,1.0,10,0
2026.09.08 15:45,1.0,1.0,0,0
2026.09.08 15:50,1.0,1.0,5,0
2026.09.08 15:55,-1.0,1.0,10,1
2026.09.08 16:00,1.0,1.0,0,0
2026.09.08 16:05,1.0,1.0,5,0
2026.09.08 16:10,1.0,1.0,10,0
2026.09.08 16:15,1.0,1.0,0,0
2026.09.08 16:20,1.0,1.0,5,0
2026.09.08 16:25,1.0,1.0,10,0
2026.09.08 16:30,-1.0,1.0,0,1
2026.09.08 16:35,-1.0,-1.0,5,0
2026.09.08 16:40,1.0,-1.0,10,1
2026.09.08 16:45,1.0,-1.0,0,1
2026.09.08 16:50,1.0,-1.0,5,1
2026.09.08 16:55,-1.0,-1.0,10,0
2026.09.08 17:00,-1.0,-1.0,0,0
2026.09.08 17:05,1.0,-1.0,5,1
2026.09.08 17:10,-1.0,-1.0,10,0
2026.09.08 17:15,-1.0,-1.0,0,0
2026.09.08 17:20,-1.0,-1.0,5,0
2026.09.08 17:25,1.0,1.0,10,0
2026.09.08 17:30,1.0,1.0,0,0
2026.09.08 17:35,1.0,1.0,5,0
2026.09.08 17:40,1.0,1.0,10,0
2026.09.08 17:45,1.0,1.0,0,0
2026.09.08 17:50,1.0,1.0,5,0
2026.09.08 17:55,-1.0,1.0,10,1
2026.09.08 18:00,1.0,1.0,0,0
2026.09.08 18:05,1.0,1.0,5,0
2026.09.08 18:10,1.0,1.0,10,0
2026.09.08 18:15,1.0,1.0,0,0
2026.09.08 18:20,-1.0,1.0,5,1
2026.09.08 18:25,-1.0,1.0,10,1
2026.09.08 18:30,-1.0,1.0,0,1
2026.09.08 18:35,-1.0,-1.0,5,0
2026.09.08 18:40,-1.0,-1.0,10,0
2026.09.08 18:45,-1.0,-1.0,0,0
2026.09.08 18:50,-1.0,-1.0,5,0
2026.09.08 18:55,-1.0,-1.0,10,0
2026.09.08 19:00,1.0,-1.0,0,1
2026.09.08 19:05,-1.0,-1.0,5,0
2026.09.08 19:10,-1.0,-1.0,10,0
2026.09.08 19:15,-1.0,-1.0,0,0
2026.09.08 19:20,-1.0,-1.0,5,0
2026.09.08 19:25,-1.0,-1.0,10,0
2026.09.08 19:30,-1.0,-1.0,0,0
2026.09.08 19:35,-1.0,-1.0,5,0
2026.09.08 19:40,-1.0,-1.0,10,0
2026.09.08 19:45,-1.0,-1.0,0,0
2026.09.08 19:50,-1.0,-1.0,5,0
2026.09.08 19:55,1.0,-1.0,10,1
2026.09.08 20:00,1.0,-1.0,0,1
2026.09.08 20:05,1.0,1.0,5,0
2026.09.08 20:10,1.0,1.0,10,0
2026.09.08 20:15,1.0,1.0,0,0
2026.09.08 20:20,1.0,1.0,5,0
2026.09.08 20:25,1.0,1.0,10,0
2026.09.08 20:30,-1.0,1.0,0,1
2026.09.08 20:35,-1.0,1.0,5,1
2026.09.08 20:40,-1.0,1.0,10,1
2026.09.08 20:45,-1.0,1.0,0,1
2026.09.08 20:50,-1.0,1.0,5,1
2026.09.08 20:55,1.0,1.0,10,0
2026.09.08 21:00,1.0,1.0,0,0
2026.09.08 21:05,1.0,1.0,5,0
2026.09.08 21:10,-1.0,1.0,10,1
2026.09.08 21:15,1.0,1.0,0,0
2026.09.08 21:20,-1.0,1.0,5,1
2026.09.08 21:25,1.0,1.0,10,0
2026.09.08 21:30,1.0,1.0,0,0
2026.09.08 21:35,1.0,1.0,5,0
2026.09.08 21:40,1.0,1.0,10,0
2026.09.08 21:45,1.0,1.0,0,0
2026.09.08 21:50,-1.0,-1.0,5,0
2026.09.08 21:55,1.0,-1.0,10,1
2026.09.08 22:00,1.0,-1.0,0,1
2026.09.08 22:05,1.0,-1.0,5,1
2026.09.08 22:10,1.0,-1.0,10,1
2026.09.08 22:15,-1.0,-1.0,0,0
2026.09.08 22:20,-1.0,-1.0,5,0
2026.09.08 22:25,-1.0,-1.0,10,0
2026.09.08 22:30,-1.0,-1.0,0,0
2026.09.08 22:35,-1.0,-1.0,5,0
2026.09.08 22:40,1.0,-1.0,10,1
2026.09.08 22:45,1.0,-1.0,0,1
2026.09.08 22:50,-1.0,-1.0,5,0
2026.09.08 22:55,-1.0,-1.0,10,0
2026.09.08 23:00,-1.0,-1.0,0,0
2026.09.08 23:05,-1.0,-1.0,5,0
2026.09.08 23:10,-1.0,-1.0,10,0
2026.09.08 23:15,-1.0,-1.0,0,0
2026.09.08 23:20,1.0,-1.0,5,1
2026.09.08 23:25,1.0,-1.0,10,1
2026.09.08 23:30,-1.0,-1.0,0,0
2026.09.08 23:35,-1.0,-1.0,5,0
2026.09.08 23:40,1.0,-1.0,10,1
2026.09.08 23:45,-1.0,-1.0,0,0
2026.09.08 23:50,-1.0,-1.0,5,0
2026.09.08 23:55,1.0,-1.0,10,1
2026.09.09 00:00,1.0,1.0,0,0
2026.09.09 00:05,-1.0,-1.0,5,0
2026.09.09 00:10,-1.0,-1.0,10,0
2026.09.09 00:15,1.0,-1.0,0,1
2026.09.09 00:20,1.0,-1.0,5,1
2026.09.09 00:25,-1.0,-1.0,10,0
2026.09.09 00:30,-1.0,-1.0,0,0
2026.09.09 00:35,-1.0,-1.0,5,0
2026.09.09 00:40,-1.0,-1.0,10,0
2026.09.09 00:45,1.0,-1.0,0,1
2026.09.09 00:50,1.0,1.0,5,0
2026.09.09 00:55,1.0,1.0,10,0
2026.09.09 01:00,1.0,1.0,0,0
2026.09.09 01:05,-1.0,1.0,5,1
2026.09.09 01:10,1.0,1.0,10,0
2026.09.09 01:15,1.0,1.0,0,0
2026.09.09 01:20,1.0,1.0,5,0
2026.09.09 01:25,1.0,1.0,10,0
2026.09.09 01:30,1.0,1.0,0,0
2026.09.09 01:35,-1.0,1.0,5,1
2026.09.09 01:40,-1.0,1.0,10,1
2026.09.09 01:45,-1.0,1.0,0,1
2026.09.09 01:50,-1.0,1.0,5,1
2026.09.09 01:55,-1.0,1.0,10,1
2026.09.09 02:00,-1.0,1.0,0,1
2026.09.09 02:05,-1.0,1.0,5,1
2026.09.09 02:10,1.0,1.0,10,0
2026.09.09 02:15,1.0,1.0,0,0
2026.09.09 02:20,1.0,1.0,5,0
2026.09.09 02:25,1.0,1.0,10,0
2026.09.09 02:30,1.0,1.0,0,0
2026.09.09 02:35,-1.0,1.0,5,1
2026.09.09 02:40,1.0,1.0,10,0
2026.09.09 02:45,1.0,1.0,0,0
2026.09.09 02:50,1.0,1.0,5,0
2026.09.09 02:55,-1.0,1.0,10,1
2026.09.09 03:00,-1.0,1.0,0,1
2026.09.09 03:05,1.0,1.0,5,0
2026.09.09 03:10,1.0,1.0,10,0
2026.09.09 03:15,1.0,1.0,0,0
2026.09.09 03:20,1.0,1.0,5,0
2026.09.09 03:25,1.0,1.0,10,0
2026.09.09 03:30,1.0,1.0,0,0
2026.09.09 03:35,-1.0,1.0,5,1
2026.09.09 03:40,1.0,1.0,10,0
2026.09.09 03:45,1.0,1.0,0,0
2026.09.09 03:50,1.0,1.0,5,0
2026.09.09 03:55,1.0,1.0,10,0
2026.09.09 04:00,1.0,1.0,0,0
2026.09.09 04:05,-1.0,1.0,5,1
2026.09.09 04:10,-1.0,1.0,10,1
2026.09.09 04:15,1.0,1.0,0,0
2026.09.09 04:20,-1.0,1.0,5,1
2026.09.09 04:25,-1.0,1.0,10,1
2026.09.09 04:30,-1.0,1.0,0,1
2026.09.09 04:35,-1.0,1.0,5,1
2026.09.09 04:40,-1.0,1.0,10,1
2026.09.09 04:45,1.0,1.0,0,0
2026.09.09 04:50,1.0,1.0,5,0
2026.09.09 04:55,-1.0,1.0,10,1
2026.09.09 05:00,1.0,1.0,0,0
2026.09.09 05:05,-1.0,1.0,5,1
2026.09.09 05:10,1.0,1.0,10,0
2026.09.09 05:15,-1.0,1.0,0,1
2026.09.09 05:20,-1.0,1.0,5,1
2026.09.09 05:25,-1.0,1.0,10,1
2026.09.09 05:30,-1.0,1.0,0,1
2026.09.09 05:35,1.0,1.0,5,0
2026.09.09 05:40,-1.0,1.0,10,1
2026.09.09 05:45,-1.0,1.0,0,1
2026.09.09 05:50,1.0,1.0,5,0
2026.09.09 05:55,1.0,1.0,10,0
2026.09.09 06:00,-1.0,1.0,0,1
2026.09.09 06:05,-1.0,1.0,5,1
2026.09.09 06:10,-1.0,1.0,10,1
2026.09.09 06:15,-1.0,1.0,0,1
2026.09.09 06:20,1.0,1.0,5,0
2026.09.09 06:25,-1.0,-1.0,10,0
2026.09.09 06:30,-1.0,-1.0,0,0
2026.09.09 06:35,-1.0,-1.0,5,0
2026.09.09 06:40,1.0,-1.0,10,1
2026.09.09 06:45,1.0,1.0,0,0
2026.09.09 06:50,1.0,1.0,5,0
2026.09.09 06:55,-1.0,1.0,10,1
2026.09.09 07:00,-1.0,-1.0,0,0
2026.09.09 07:05,-1.0,-1.0,5,0
2026.09.09 07:10,-1.0,-1.0,10,0
2026.09.09 07:15,-1.0,-1.0,0,0
2026.09.09 07:20,-1.0,-1.0,5,0
2026.09.09 07:25,1.0,-1.0,10,1
2026.09.09 07:30,1.0,1.0,0,0
2026.09.09 07:35,1.0,1.0,5,0
2026.09.09 07:40,-1.0,1.0,10,1
2026.09.09 07:45,-1.0,1.0,0,1
2026.09.09 07:50,1.0,1.0,5,0
2026.09.09 07:55,1.0,1.0,10,0
2026.09.09 08:00,1.0,1.0,0,0
2026.09.09 08:05,1.0,1.0,5,0
2026.09.09 08:10,1.0,1.0,10,0
2026.09.09 08:15,1.0,1.0,0,0
2026.09.09 08:20,1.0,1.0,5,0
2026.09.09 08:25,1.0,1.0,10,0
2026.09.09 08:30,1.0,1.0,0,0
2026.09.09 08:35,-1.0,1.0,5,1
2026.09.09 08:40,-1.0,1.0,10,1
2026.09.09 08:45,-1.0,1.0,0,1
2026.09.09 08:50,-1.0,1.0,5,1
2026.09.09 08:55,1.0,1.0,10,0
2026.09.09 09:00,-1.0,1.0,0,1
2026.09.09 09:05,-1.0,1.0,5,1
2026.09.09 09:10,-1.0,1.0,10,1
2026.09.09 09:15,1.0,1.0,0,0
2026.09.09 09:20,1.0,1.0,5,0
2026.09.09 09:25,1.0,1.0,10,0
2026.09.09 09:30,-1.0,1.0,0,1
2026.09.09 09:35,-1.0,1.0,5,1
2026.09.09 09:40,-1.0,1.0,10,1
2026.09.09 09:45,-1.0,1.0,0,1
2026.09.09 09:50,-1.0,1.0,5,1
2026.09.09 09:55,1.0,1.0,10,0
2026.09.09 10:00,1.0,1.0,0,0
2026.09.09 10:05,1.0,1.0,5,0
2026.09.09 10:10,1.0,1.0,10,0
2026.09.09 10:15,1.0,1.0,0,0
2026.09.09 10:20,1.0,1.0,5,0
2026.09.09 10:25,-1.0,-1.0,10,0
2026.09.09 10:30,-1.0,-1.0,0,0
2026.09.09 10:35,-1.0,-1.0,5,0
2026.09.09 10:40,1.0,-1.0,10,1
2026.09.09 10:45,1.0,1.0,0,0
2026.09.09 10:50,1.0,1.0,5,0
2026.09.09 10:55,1.0,1.0,10,0
2026.09.09 11:00,1.0,1.0,0,0
2026.09.09 11:05,1.0,-1.0,5,1
2026.09.09 11:10,-1.0,-1.0,10,0
2026.09.09 11:15,1.0,-1.0,0,1
2026.09.09 11:20,1.0,-1.0,5,1
2026.09.09 11:25,-1.0,-1.0,10,0
2026.09.09 11:30,-1.0,-1.0,0,0
2026.09.09 11:35,-1.0,-1.0,5,0
2026.09.09 11:40,-1.0,-1.0,10,0
2026.09.09 11:45,-1.0,-1.0,0,0
2026.09.09 11:50,1.0,-1.0,5,1
2026.09.09 11:55,-1.0,-1.0,10,0
2026.09.09 12:00,-1.0,-1.0,0,0
2026.09.09 12:05,-1.0,-1.0,5,0
2026.09.09 12:10,-1.0,-1.0,10,0
2026.09.09 12:15,-1.0,-1.0,0,0
2026.09.09 12:20,-1.0,-1.0,5,0
2026.09.09 12:25,1.0,-1.0,10,1
2026.09.09 12:30,1.0,-1.0,0,1
2026.09.09 12:35,1.0,-1.0,5,1
2026.09.09 12:40,1.0,-1.0,10,1
2026.09.09 12:45,-1.0,-1.0,0,0
2026.09.09 12:50,-1.0,-1.0,5,0
2026.09.09 12:55,-1.0,-1.0,10,0
2026.09.09 13:00,-1.0,-1.0,0,0
2026.09.09 13:05,1.0,-1.0,5,1
2026.09.09 13:10,1.0,-1.0,10,1
2026.09.09 13:15,1.0,-1.0,0,1
2026.09.09 13:20,-1.0,-1.0,5,0
2026.09.09 13:25,1.0,1.0,10,0
2026.09.09 13:30,1.0,1.0,0,0
2026.09.09 13:35,1.0,1.0,5,0
2026.09.09 13:40,1.0,1.0,10,0
2026.09.09 13:45,-1.0,1.0,0,1
2026.09.09 13:50,1.0,1.0,5,0
2026.09.09 13:55,1.0,1.0,10,0
2026.09.09 14:00,1.0,1.0,0,0
2026.09.09 14:05,1.0,1.0,5,0
2026.09.09 14:10,1.0,1.0,10,0
2026.09.09 14:15,1.0,1.0,0,0
2026.09.09 14:20,1.0,1.0,5,0
2026.09.09 14:25,1.0,1.0,10,0
2026.09.09 14:30,1.0,1.0,0,0
2026.09.09 14:35,1.0,1.0,5,0
2026.09.09 14:40,-1.0,1.0,10,1
2026.09.09 14:45,-1.0,1.0,0,1
2026.09.09 14:50,1.0,1.0,5,0
2026.09.09 14:55,1.0,1.0,10,0
2026.09.09 15:00,1.0,1.0,0,0
2026.09.09 15:05,1.0,1.0,5,0
2026.09.09 15:10,1.0,1.0,10,0
2026.09.09 15:15,1.0,1.0,0,0
2026.09.09 15:20,1.0,1.0,5,0
2026.09.09 15:25,-1.0,1.0,10,1
2026.09.09 15:30,-1.0,1.0,0,1
2026.09.09 15:35,-1.0,-1.0,5,0
2026.09.09 15:40,-1.0,-1.0,10,0
2026.09.09 15:45,-1.0,-1.0,0,0
2026.09.09 15:50,-1.0,-1.0,5,0
2026.09.09 15:55,-1.0,-1.0,10,0
2026.09.09 16:00,1.0,-1.0,0,1
2026.09.09 16:05,1.0,1.0,5,0
2026.09.09 16:10,1.0,1.0,10,0
2026.09.09 16:15,1.0,1.0,0,0
2026.09.09 16:20,1.0,1.0,5,0
2026.09.09 16:25,1.0,1.0,10,0
2026.09.09 16:30,1.0,1.0,0,0
2026.09.09 16:35,1.0,1.0,5,0
2026.09.09 16:40,-1.0,1.0,10,1
2026.09.09 16:45,1.0,1.0,0,0
2026.09.09 16:50,1.0,1.0,5,0
2026.09.09 16:55,-1.0,-1.0,10,0
2026.09.09 17:00,-1.0,-1.0,0,0
2026.09.09 17:05,1.0,-1.0,5,1
2026.09.09 17:10,1.0,-1.0,10,1
2026.09.09 17:15,1.0,-1.0,0,1
2026.09.09 17:20,1.0,-1.0,5,1
2026.09.09 17:25,-1.0,-1.0,10,0
2026.09.09 17:30,-1.0,-1.0,0,0
2026.09.09 17:35,-1.0,-1.0,5,0
2026.09.09 17:40,-1.0,-1.0,10,0
2026.09.09 17:45,-1.0,-1.0,0,0
2026.09.09 17:50,-1.0,-1.0,5,0
2026.09.09 17:55,1.0,-1.0,10,1
2026.09.09 18:00,1.0,1.0,0,0
2026.09.09 18:05,-1.0,-1.0,5,0
2026.09.09 18:10,-1.0,-1.0,10,0
2026.09.09 18:15,-1.0,-1.0,0,0
2026.09.09 18:20,1.0,-1.0,5,1
2026.09.09 18:25,-1.0,-1.0,10,0
2026.09.09 18:30,1.0,1.0,0,0
2026.09.09 18:35,1.0,1.0,5,0
2026.09.09 18:40,1.0,1.0,10,0
2026.09.09 18:45,1.0,1.0,0,0
2026.09.09 18:50,-1.0,1.0,5,1
2026.09.09 18:55,-1.0,1.0,10,1
2026.09.09 19:00,-1.0,1.0,0,1
2026.09.09 19:05,1.0,1.0,5,0
2026.09.09 19:10,-1.0,1.0,10,1
2026.09.09 19:15,-1.0,1.0,0,1
2026.09.09 19:20,-1.0,1.0,5,1
2026.09.09 19:25,-1.0,1.0,10,1
2026.09.09 19:30,1.0,1.0,0,0
2026.09.09 19:35,1.0,1.0,5,0
2026.09.09 19:40,1.0,1.0,10,0
2026.09.09 19:45,1.0,1.0,0,0
2026.09.09 19:50,1.0,1.0,5,0
2026.09.09 19:55,1.0,1.0,10,0
2026.09.09 20:00,-1.0,1.0,0,1
2026.09.09 20:05,1.0,1.0,5,0
2026.09.09 20:10,1.0,1.0,10,0
2026.09.09 20:15,-1.0,1.0,0,1
2026.09.09 20:20,-1.0,1.0,5,1
2026.09.09 20:25,1.0,1.0,10,0
2026.09.09 20:30,1.0,1.0,0,0
2026.09.09 20:35,-1.0,1.0,5,1
2026.09.09 20:40,-1.0,-1.0,10,0
2026.09.09 20:45,1.0,-1.0,0,1
2026.09.09 20:50,1.0,-1.0,5,1
2026.09.09 20:55,1.0,-1.0,10,1
2026.09.09 21:00,-1.0,-1.0,0,0
2026.09.09 21:05,-1.0,-1.0,5,0
2026.09.09 21:10,1.0,-1.0,10,1
2026.09.09 21:15,1.0,-1.0,0,1
2026.09.09 21:20,-1.0,-1.0,5,0
2026.09.09 21:25,-1.0,-1.0,10,0
2026.09.09 21:30,-1.0,-1.0,0,0
2026.09.09 21:35,-1.0,-1.0,5,0
2026.09.09 21:40,-1.0,-1.0,10,0
2026.09.09 21:45,-1.0,-1.0,0,0
2026.09.09 21:50,-1.0,-1.0,5,0
2026.09.09 21:55,-1.0,-1.0,10,0
2026.09.09 22:00,-1.0,-1.0,0,0
2026.09.09 22:05,-1.0,-1.0,5,0
2026.09.09 22:10,-1.0,-1.0,10,0
2026.09.09 22:15,-1.0,-1.0,0,0
2026.09.09 22:20,1.0,-1.0,5,1
2026.09.09 22:25,1.0,-1.0,10,1
2026.09.09 22:30,1.0,-1.0,0,1
2026.09.09 22:35,1.0,-1.0,5,1
2026.09.09 22:40,1.0,1.0,10,0
2026.09.09 22:45,1.0,1.0,0,0
2026.09.09 22:50,1.0,1.0,5,0
2026.09.09 22:55,1.0,1.0,10,0
2026.09.09 23:00,1.0,1.0,0,0
2026.09.09 23:05,-1.0,1.0,5,1
2026.09.09 23:10,-1.0,1.0,10,1
2026.09.09 23:15,1.0,1.0,0,0
2026.09.09 23:20,1.0,-1.0,5,1
2026.09.09 23:25,1.0,-1.0,10,1
2026.09.09 23:30,1.0,-1.0,0,1
2026.09.09 23:35,1.0,-1.0,5,1
2026.09.09 23:40,1.0,1.0,10,0
2026.09.09 23:45,1.0,1.0,0,0
2026.09.09 23:50,1.0,1.0,5,0
2026.09.09 23:55,NA,NA,10,0
