time,open,high,low,close
2026.08.18 00:00,1.15779,1.15781,1.15760,1.15781
2026.08.18 00:05,1.15773,1.15786,1.15765,1.15772
2026.08.18 00:10,1.15773,1.15775,1.15772,1.15774
2026.08.18 00:15,1.15778,1.15814,1.15772,1.15772
2026.08.18 00:20,1.15770,1.15778,1.15770,1.15771
2026.08.18 00:25,1.15772,1.15780,1.15769,1.15772
2026.08.18 00:30,1.15772,1.15781,1.15771,1.15775
2026.08.18 00:35,1.15775,1.15783,1.15775,1.15780
2026.08.18 00:40,1.15779,1.15782,1.15778,1.15779
2026.08.18 00:45,1.15778,1.15779,1.15770,1.15770
2026.08.18 00:50,1.15772,1.15785,1.15771,1.15773
2026.08.18 00:55,1.15772,1.15775,1.15771,1.15772
2026.08.18 01:00,1.15769,1.15798,1.15769,1.15790
2026.08.18 01:05,1.15791,1.15791,1.15784,1.15784
2026.08.18 01:10,1.15785,1.15787,1.15781,1.15786
2026.08.18 01:15,1.15786,1.15791,1.15777,1.15777
2026.08.18 01:20,1.15779,1.15786,1.15776,1.15786
2026.08.18 01:25,1.15789,1.15800,1.15789,1.15797
2026.08.18 01:30,1.15796,1.15796,1.15786,1.15787
2026.08.18 01:35,1.15788,1.15791,1.15781,1.15782
2026.08.18 01:40,1.15784,1.15791,1.15783,1.15787
2026.08.18 01:45,1.15786,1.15793,1.15786,1.15791
2026.08.18 01:50,1.15791,1.15791,1.15785,1.15786
2026.08.18 01:55,1.15787,1.15789,1.15782,1.15785
2026.08.18 02:00,1.15786,1.15787,1.15780,1.15787
2026.08.18 02:05,1.15787,1.15802,1.15786,1.15801
2026.08.18 02:10,1.15801,1.15803,1.15797,1.15800
2026.08.18 02:15,1.15800,1.15801,1.15796,1.15801
2026.08.18 02:20,1.15801,1.15806,1.15799,1.15803
2026.08.18 02:25,1.15802,1.15811,1.15802,1.15811
2026.08.18 02:30,1.15809,1.15819,1.15807,1.15816
2026.08.18 02:35,1.15817,1.15817,1.15813,1.15815
2026.08.18 02:40,1.15815,1.15830,1.15814,1.15827
2026.08.18 02:45,1.15828,1.15835,1.15827,1.15834
2026.08.18 02:50,1.15832,1.15833,1.15824,1.15826
2026.08.18 02:55,1.15826,1.15828,1.15820,1.15825
2026.08.18 03:00,1.15827,1.15843,1.15820,1.15838
2026.08.18 03:05,1.15838,1.15848,1.15829,1.15829
2026.08.18 03:10,1.15831,1.15832,1.15817,1.15825
2026.08.18 03:15,1.15826,1.15833,1.15822,1.15828
2026.08.18 03:20,1.15829,1.15829,1.15812,1.15812
2026.08.18 03:25,1.15813,1.15816,1.15793,1.15797
2026.08.18 03:30,1.15795,1.15798,1.15775,1.15793
2026.08.18 03:35,1.15792,1.15818,1.15787,1.15815
2026.08.18 03:40,1.15814,1.15816,1.15804,1.15810
2026.08.18 03:45,1.15809,1.15810,1.15794,1.15804
2026.08.18 03:50,1.15806,1.15817,1.15802,1.15806
2026.08.18 03:55,1.15806,1.15826,1.15805,1.15823
2026.08.18 04:00,1.15825,1.15831,1.15811,1.15819
2026.08.18 04:05,1.15818,1.15838,1.15818,1.15838
2026.08.18 04:10,1.15837,1.15857,1.15835,1.15851
2026.08.18 04:15,1.15851,1.15853,1.15811,1.15820
2026.08.18 04:20,1.15820,1.15825,1.15806,1.15816
2026.08.18 04:25,1.15816,1.15820,1.15794,1.15817
2026.08.18 04:30,1.15816,1.15830,1.15815,1.15828
2026.08.18 04:35,1.15829,1.15841,1.15826,1.15830
2026.08.18 04:40,1.15832,1.15832,1.15809,1.15811
2026.08.18 04:45,1.15810,1.15812,1.15788,1.15795
2026.08.18 04:50,1.15795,1.15813,1.15794,1.15808
2026.08.18 04:55,1.15806,1.15811,1.15786,1.15795
2026.08.18 05:00,1.15795,1.15795,1.15771,1.15785
2026.08.18 05:05,1.15787,1.15794,1.15772,1.15777
2026.08.18 05:10,1.15776,1.15777,1.15765,1.15767
2026.08.18 05:15,1.15768,1.15774,1.15761,1.15765
2026.08.18 05:20,1.15765,1.15768,1.15759,1.15761
2026.08.18 05:25,1.15761,1.15773,1.15759,1.15769
2026.08.18 05:30,1.15771,1.15772,1.15752,1.15769
2026.08.18 05:35,1.15769,1.15771,1.15760,1.15762
2026.08.18 05:40,1.15765,1.15767,1.15760,1.15766
2026.08.18 05:45,1.15766,1.15786,1.15765,1.15784
2026.08.18 05:50,1.15784,1.15798,1.15784,1.15798
2026.08.18 05:55,1.15796,1.15804,1.15793,1.15801
2026.08.18 06:00,1.15801,1.15801,1.15780,1.15787
2026.08.18 06:05,1.15787,1.15788,1.15775,1.15781
2026.08.18 06:10,1.15781,1.15785,1.15773,1.15774
2026.08.18 06:15,1.15773,1.15773,1.15757,1.15758
2026.08.18 06:20,1.15759,1.15761,1.15747,1.15750
2026.08.18 06:25,1.15750,1.15758,1.15746,1.15757
2026.08.18 06:30,1.15758,1.15758,1.15738,1.15738
2026.08.18 06:35,1.15739,1.15741,1.15722,1.15724
2026.08.18 06:40,1.15722,1.15731,1.15718,1.15726
2026.08.18 06:45,1.15726,1.15728,1.15715,1.15717
2026.08.18 06:50,1.15717,1.15727,1.15715,1.15722
2026.08.18 06:55,1.15722,1.15739,1.15722,1.15731
2026.08.18 07:00,1.15732,1.15739,1.15726,1.15730
2026.08.18 07:05,1.15730,1.15733,1.15716,1.15716
2026.08.18 07:10,1.15717,1.15721,1.15702,1.15705
2026.08.18 07:15,1.15706,1.15708,1.15697,1.15706
2026.08.18 07:20,1.15705,1.15720,1.15700,1.15720
2026.08.18 07:25,1.15718,1.15731,1.15715,1.15723
2026.08.18 07:30,1.15722,1.15725,1.15706,1.15708
2026.08.18 07:35,1.15708,1.15723,1.15708,1.15715
2026.08.18 07:40,1.15715,1.15731,1.15715,1.15728
2026.08.18 07:45,1.15727,1.15747,1.15718,1.15747
2026.08.18 07:50,1.15745,1.15747,1.15737,1.15740
2026.08.18 07:55,1.15741,1.15742,1.15712,1.15712
2026.08.18 08:00,1.15714,1.15716,1.15698,1.15706
2026.08.18 08:05,1.15703,1.15707,1.15691,1.15702
2026.08.18 08:10,1.15705,1.15707,1.15694,1.15697
2026.08.18 08:15,1.15696,1.15707,1.15692,1.15703
2026.08.18 08:20,1.15704,1.15715,1.15704,1.15713
2026.08.18 08:25,1.15712,1.15728,1.15709,1.15725
2026.08.18 08:30,1.15725,1.15728,1.15714,1.15716
2026.08.18 08:35,1.15715,1.15723,1.15711,1.15715
2026.08.18 08:40,1.15716,1.15725,1.15703,1.15721
2026.08.18 08:45,1.15721,1.15739,1.15721,1.15739
2026.08.18 08:50,1.15741,1.15741,1.15725,1.15730
2026.08.18 08:55,1.15731,1.15737,1.15726,1.15730
2026.08.18 09:00,1.15731,1.15747,1.15677,1.15682
2026.08.18 09:05,1.15679,1.15692,1.15669,1.15691
2026.08.18 09:10,1.15691,1.15713,1.15688,1.15696
2026.08.18 09:15,1.15694,1.15713,1.15687,1.15697
2026.08.18 09:20,1.15695,1.15707,1.15688,1.15704
2026.08.18 09:25,1.15705,1.15725,1.15703,1.15724
2026.08.18 09:30,1.15722,1.15724,1.15689,1.15689
2026.08.18 09:35,1.15690,1.15700,1.15665,1.15686
2026.08.18 09:40,1.15687,1.15708,1.15685,1.15707
2026.08.18 09:45,1.15705,1.15705,1.15689,1.15700
2026.08.18 09:50,1.15701,1.15708,1.15679,1.15700
2026.08.18 09:55,1.15697,1.15721,1.15689,1.15720
2026.08.18 10:00,1.15720,1.15741,1.15709,1.15741
2026.08.18 10:05,1.15741,1.15742,1.15722,1.15740
2026.08.18 10:10,1.15740,1.15740,1.15706,1.15707
2026.08.18 10:15,1.15706,1.15719,1.15693,1.15711
2026.08.18 10:20,1.15710,1.15734,1.15710,1.15734
2026.08.18 10:25,1.15733,1.15760,1.15733,1.15745
2026.08.18 10:30,1.15744,1.15756,1.15734,1.15735
2026.08.18 10:35,1.15737,1.15765,1.15737,1.15756
2026.08.18 10:40,1.15756,1.15770,1.15748,1.15754
2026.08.18 10:45,1.15754,1.15770,1.15751,1.15766
2026.08.18 10:50,1.15766,1.15774,1.15747,1.15752
2026.08.18 10:55,1.15753,1.15757,1.15735,1.15738
2026.08.18 11:00,1.15740,1.15740,1.15709,1.15728
2026.08.18 11:05,1.15728,1.15731,1.15700,1.15712
2026.08.18 11:10,1.15711,1.15722,1.15705,1.15715
2026.08.18 11:15,1.15715,1.15719,1.15701,1.15709
2026.08.18 11:20,1.15708,1.15708,1.15689,1.15697
2026.08.18 11:25,1.15696,1.15714,1.15694,1.15714
2026.08.18 11:30,1.15712,1.15731,1.15712,1.15725
2026.08.18 11:35,1.15723,1.15736,1.15715,1.15731
2026.08.18 11:40,1.15730,1.15748,1.15728,1.15746
2026.08.18 11:45,1.15747,1.15757,1.15743,1.15756
2026.08.18 11:50,1.15758,1.15758,1.15747,1.15755
2026.08.18 11:55,1.15757,1.15774,1.15757,1.15761
2026.08.18 12:00,1.15760,1.15761,1.15744,1.15751
2026.08.18 12:05,1.15753,1.15755,1.15740,1.15747
2026.08.18 12:10,1.15745,1.15747,1.15734,1.15741
2026.08.18 12:15,1.15738,1.15746,1.15725,1.15746
2026.08.18 12:20,1.15745,1.15767,1.15743,1.15754
2026.08.18 12:25,1.15755,1.15777,1.15755,1.15772
2026.08.18 12:30,1.15770,1.15792,1.15769,1.15780
2026.08.18 12:35,1.15780,1.15787,1.15762,1.15769
2026.08.18 12:40,1.15770,1.15771,1.15741,1.15759
2026.08.18 12:45,1.15762,1.15774,1.15754,1.15771
2026.08.18 12:50,1.15770,1.15778,1.15764,1.15778
2026.08.18 12:55,1.15779,1.15798,1.15772,1.15791
2026.08.18 13:00,1.15790,1.15792,1.15762,1.15767
2026.08.18 13:05,1.15769,1.15775,1.15760,1.15769
2026.08.18 13:10,1.15770,1.15773,1.15745,1.15746
2026.08.18 13:15,1.15744,1.15765,1.15743,1.15756
2026.08.18 13:20,1.15756,1.15758,1.15751,1.15756
2026.08.18 13:25,1.15754,1.15766,1.15739,1.15766
2026.08.18 13:30,1.15766,1.15767,1.15749,1.15750
2026.08.18 13:35,1.15749,1.15755,1.15744,1.15753
2026.08.18 13:40,1.15751,1.15754,1.15745,1.15751
2026.08.18 13:45,1.15753,1.15767,1.15753,1.15762
2026.08.18 13:50,1.15764,1.15764,1.15746,1.15752
2026.08.18 13:55,1.15750,1.15766,1.15749,1.15760
2026.08.18 14:00,1.15761,1.15765,1.15749,1.15750
2026.08.18 14:05,1.15750,1.15756,1.15744,1.15754
2026.08.18 14:10,1.15752,1.15754,1.15739,1.15739
2026.08.18 14:15,1.15741,1.15746,1.15736,1.15741
2026.08.18 14:20,1.15741,1.15751,1.15741,1.15750
2026.08.18 14:25,1.15750,1.15750,1.15726,1.15729
2026.08.18 14:30,1.15730,1.15744,1.15724,1.15724
2026.08.18 14:35,1.15728,1.15752,1.15727,1.15742
2026.08.18 14:40,1.15741,1.15757,1.15734,1.15740
2026.08.18 14:45,1.15741,1.15745,1.15732,1.15741
2026.08.18 14:50,1.15738,1.15739,1.15729,1.15739
2026.08.18 14:55,1.15737,1.15767,1.15734,1.15765
2026.08.18 15:00,1.15764,1.15792,1.15748,1.15786
2026.08.18 15:05,1.15785,1.15786,1.15756,1.15762
2026.08.18 15:10,1.15762,1.15773,1.15753,1.15773
2026.08.18 15:15,1.15774,1.15775,1.15755,1.15774
2026.08.18 15:20,1.15776,1.15792,1.15765,1.15766
2026.08.18 15:25,1.15764,1.15777,1.15737,1.15740
2026.08.18 15:30,1.15738,1.15755,1.15726,1.15727
2026.08.18 15:35,1.15727,1.15736,1.15716,1.15728
2026.08.18 15:40,1.15729,1.15748,1.15720,1.15747
2026.08.18 15:45,1.15750,1.15762,1.15734,1.15760
2026.08.18 15:50,1.15762,1.15777,1.15760,1.15775
2026.08.18 15:55,1.15776,1.15781,1.15744,1.15744
2026.08.18 16:00,1.15744,1.15793,1.15737,1.15791
2026.08.18 16:05,1.15791,1.15791,1.15755,1.15774
2026.08.18 16:10,1.15770,1.15789,1.15769,1.15785
2026.08.18 16:15,1.15787,1.15791,1.15761,1.15763
2026.08.18 16:20,1.15762,1.15775,1.15749,1.15756
2026.08.18 16:25,1.15757,1.15766,1.15738,1.15750
2026.08.18 16:30,1.15751,1.15803,1.15703,1.15798
2026.08.18 16:35,1.15798,1.15848,1.15785,1.15842
2026.08.18 16:40,1.15841,1.15849,1.15799,1.15803
2026.08.18 16:45,1.15804,1.15821,1.15784,1.15815
2026.08.18 16:50,1.15814,1.15828,1.15778,1.15787
2026.08.18 16:55,1.15788,1.15804,1.15786,1.15803
2026.08.18 17:00,1.15804,1.15832,1.15801,1.15824
2026.08.18 17:05,1.15825,1.15846,1.15805,1.15846
2026.08.18 17:10,1.15845,1.15869,1.15830,1.15830
2026.08.18 17:15,1.15832,1.15880,1.15820,1.15866
2026.08.18 17:20,1.15868,1.15882,1.15852,1.15871
2026.08.18 17:25,1.15873,1.15876,1.15836,1.15850
2026.08.18 17:30,1.15849,1.15852,1.15828,1.15840
2026.08.18 17:35,1.15840,1.15840,1.15804,1.15816
2026.08.18 17:40,1.15815,1.15850,1.15811,1.15845
2026.08.18 17:45,1.15845,1.15860,1.15837,1.15850
2026.08.18 17:50,1.15851,1.15882,1.15813,1.15829
2026.08.18 17:55,1.15831,1.15857,1.15807,1.15809
2026.08.18 18:00,1.15807,1.15856,1.15789,1.15852
2026.08.18 18:05,1.15853,1.15862,1.15789,1.15791
2026.08.18 18:10,1.15793,1.15805,1.15771,1.15771
2026.08.18 18:15,1.15772,1.15794,1.15769,1.15787
2026.08.18 18:20,1.15785,1.15813,1.15774,1.15780
2026.08.18 18:25,1.15779,1.15792,1.15765,1.15779
2026.08.18 18:30,1.15779,1.15785,1.15761,1.15777
2026.08.18 18:35,1.15779,1.15803,1.15773,1.15791
2026.08.18 18:40,1.15792,1.15802,1.15778,1.15788
2026.08.18 18:45,1.15788,1.15812,1.15787,1.15810
2026.08.18 18:50,1.15810,1.15817,1.15794,1.15800
2026.08.18 18:55,1.15800,1.15804,1.15787,1.15790
2026.08.18 19:00,1.15790,1.15811,1.15783,1.15805
2026.08.18 19:05,1.15805,1.15828,1.15801,1.15824
2026.08.18 19:10,1.15825,1.15844,1.15824,1.15831
2026.08.18 19:15,1.15832,1.15847,1.15828,1.15841
2026.08.18 19:20,1.15841,1.15855,1.15840,1.15846
2026.08.18 19:25,1.15847,1.15852,1.15809,1.15811
2026.08.18 19:30,1.15811,1.15818,1.15793,1.15798
2026.08.18 19:35,1.15798,1.15802,1.15785,1.15797
2026.08.18 19:40,1.15796,1.15818,1.15795,1.15816
2026.08.18 19:45,1.15818,1.15827,1.15811,1.15816
2026.08.18 19:50,1.15815,1.15819,1.15803,1.15812
2026.08.18 19:55,1.15810,1.15810,1.15795,1.15797
2026.08.18 20:00,1.15795,1.15802,1.15773,1.15776
2026.08.18 20:05,1.15774,1.15775,1.15757,1.15763
2026.08.18 20:10,1.15764,1.15764,1.15757,1.15762
2026.08.18 20:15,1.15762,1.15771,1.15757,1.15766
2026.08.18 20:20,1.15767,1.15781,1.15766,1.15773
2026.08.18 20:25,1.15774,1.15774,1.15754,1.15768
2026.08.18 20:30,1.15769,1.15770,1.15741,1.15755
2026.08.18 20:35,1.15754,1.15761,1.15743,1.15756
2026.08.18 20:40,1.15756,1.15771,1.15756,1.15761
2026.08.18 20:45,1.15762,1.15767,1.15756,1.15757
2026.08.18 20:50,1.15758,1.15767,1.15755,1.15757
2026.08.18 20:55,1.15757,1.15766,1.15753,1.15763
2026.08.18 21:00,1.15762,1.15762,1.15747,1.15747
2026.08.18 21:05,1.15749,1.15766,1.15748,1.15766
2026.08.18 21:10,1.15766,1.15774,1.15758,1.15772
2026.08.18 21:15,1.15773,1.15782,1.15773,1.15781
2026.08.18 21:20,1.15779,1.15786,1.15772,1.15775
2026.08.18 21:25,1.15773,1.15777,1.15770,1.15770
2026.08.18 21:30,1.15771,1.15772,1.15763,1.15766
2026.08.18 21:35,1.15767,1.15768,1.15755,1.15761
2026.08.18 21:40,1.15762,1.15762,1.15741,1.15742
2026.08.18 21:45,1.15741,1.15747,1.15741,1.15742
2026.08.18 21:50,1.15744,1.15751,1.15744,1.15747
2026.08.18 21:55,1.15748,1.15760,1.15746,1.15756
2026.08.18 22:00,1.15756,1.15757,1.15747,1.15751
2026.08.18 22:05,1.15751,1.15756,1.15746,1.15750
2026.08.18 22:10,1.15751,1.15778,1.15751,1.15766
2026.08.18 22:15,1.15767,1.15771,1.15760,1.15764
2026.08.18 22:20,1.15764,1.15773,1.15761,1.15770
2026.08.18 22:25,1.15770,1.15770,1.15757,1.15765
2026.08.18 22:30,1.15763,1.15778,1.15762,1.15778
2026.08.18 22:35,1.15778,1.15791,1.15773,1.15791
2026.08.18 22:40,1.15790,1.15807,1.15787,1.15787
2026.08.18 22:45,1.15786,1.15792,1.15769,1.15777
2026.08.18 22:50,1.15778,1.15782,1.15761,1.15767
2026.08.18 22:55,1.15767,1.15769,1.15739,1.15746
2026.08.18 23:00,1.15747,1.15747,1.15722,1.15726
2026.08.18 23:05,1.15723,1.15727,1.15718,1.15720
2026.08.18 23:10,1.15717,1.15731,1.15717,1.15726
2026.08.18 23:15,1.15728,1.15730,1.15725,1.15728
2026.08.18 23:20,1.15729,1.15731,1.15721,1.15727
2026.08.18 23:25,1.15729,1.15732,1.15722,1.15730
2026.08.18 23:30,1.15731,1.15742,1.15728,1.15742
2026.08.18 23:35,1.15746,1.15747,1.15742,1.15742
2026.08.18 23:40,1.15742,1.15746,1.15737,1.15737
2026.08.18 23:45,1.15737,1.15742,1.15728,1.15740
2026.08.18 23:50,1.15739,1.15745,1.15735,1.15744
2026.08.18 23:55,1.15745,1.15763,1.15739,1.15749
ROWS,288
