pack_line,run,ea_sha,journal_file,journal_line,server_date,server_time,tag,raw
1,RECON62-B131,90240F238A0668885E2D39BDA5271CE3C08D81B7EA1836DB77F52A42E631AF3,Tester/logs/20261009.log,881306,2026-09-02,09:00,CQDRECHECK,"OR	0	16:38:41.119	Core 04	2026.09.02 09:00:00   [SRJ-EA] CQDRECHECK shift=2 passA=-2.0 passB=-2.0 diff=0 bar=2026.09.02 08:50 state=IDLE dir=NONE divLatch=0 hit1=0 hit2=410 mism=0"
2,RECON62-B131,90240F238A0668885E2D39BDA5271CE3C08D81B7EA1836DB77F52A42E631AF3,Tester/logs/20261009.log,881311,2026-09-02,09:05,CQDRECHECK,"FS	0	16:38:41.119	Core 04	2026.09.02 09:05:00   [SRJ-EA] CQDRECHECK shift=2 passA=-2.0 passB=-2.0 diff=0 bar=2026.09.02 08:55 state=IDLE dir=NONE divLatch=0 hit1=0 hit2=411 mism=0"
3,RECON62-B131,90240F238A0668885E2D39BDA5271CE3C08D81B7EA1836DB77F52A42E631AF3,Tester/logs/20261009.log,881331,2026-09-02,09:15,CONFIRMPOLL,"KJ	0	16:38:47.238	Core 04	2026.09.02 09:15:00   [SRJ-EA] CONFIRMPOLL bar=2026.09.02 09:10 anchor=Daily-VWAP dir=SHORT oppCandle=1 bodyDir=1 body=3pts doji=0 touchAttr=0 confirm=0 shadow=true"
4,RECON62-B131,90240F238A0668885E2D39BDA5271CE3C08D81B7EA1836DB77F52A42E631AF3,Tester/logs/20261009.log,881333,2026-09-02,09:15,STATE,"FJ	0	16:38:47.238	Core 04	2026.09.02 09:15:00   [SRJ-EA] 2026.09.02 09:15:00 STATE IDLE->S1_REGIME dir=SHORT poi=Daily-VWAP"
5,RECON62-B131,90240F238A0668885E2D39BDA5271CE3C08D81B7EA1836DB77F52A42E631AF3,Tester/logs/20261009.log,881334,2026-09-02,09:15,ANCHOR_ELECT,"EK	0	16:38:47.238	Core 04	2026.09.02 09:15:00   [SRJ-EA] ANCHOR_ELECT bar=2026.09.02 09:10 action=SEED poi=Daily-VWAP rank=11 tier=5 dir=SHORT"
6,RECON62-B131,90240F238A0668885E2D39BDA5271CE3C08D81B7EA1836DB77F52A42E631AF3,Tester/logs/20261009.log,881335,2026-09-02,09:15,SIDE1T_SEEDBIAS,"MH	0	16:38:47.238	Core 04	2026.09.02 09:15:00   [SRJ-EA] SIDE1T_SEEDBIAS bar=2026.09.02 09:10 dir=SHORT biasAligned=0 verdict=REJECT-BIAS-TIMING"
7,RECON62-B131,90240F238A0668885E2D39BDA5271CE3C08D81B7EA1836DB77F52A42E631AF3,Tester/logs/20261009.log,881344,2026-09-02,09:15,STATE,"DE	0	16:38:47.238	Core 04	2026.09.02 09:15:00   [SRJ-EA] 2026.09.02 09:15:00 STATE S1_REGIME->S2_LTF_ALIGN dir=SHORT poi=Daily-VWAP"
8,RECON62-B131,90240F238A0668885E2D39BDA5271CE3C08D81B7EA1836DB77F52A42E631AF3,Tester/logs/20261009.log,881346,2026-09-02,09:15,S2SEEDBIAS_KILL,"FP	0	16:38:47.238	Core 04	2026.09.02 09:15:00   [SRJ-EA] S2SEEDBIAS_KILL bar=2026.09.02 09:10 dir=SHORT poi=Daily-VWAP - seedbias refused, promotion killed (Fix B2)"
9,RECON62-B131,90240F238A0668885E2D39BDA5271CE3C08D81B7EA1836DB77F52A42E631AF3,Tester/logs/20261009.log,881347,2026-09-02,09:15,ABORT,"PK	0	16:38:47.238	Core 04	2026.09.02 09:15:00   [SRJ-EA] 2026.09.02 09:15:00 ABORT reason=SEEDBIAS_REFUSED state=S2_LTF_ALIGN poi=Daily-VWAP dir=SHORT"
10,RECON62-B131,90240F238A0668885E2D39BDA5271CE3C08D81B7EA1836DB77F52A42E631AF3,Tester/logs/20261009.log,881348,2026-09-02,09:15,A6REFUSED,"LD	0	16:38:47.238	Core 04	2026.09.02 09:15:00   [SRJ-EA] A6REFUSED class=ABSENT_DECLINED bar=2026.09.02 09:15 state=S2_LTF_ALIGN dir=SHORT predicate=SEEDBIAS_REFUSED"
11,RECON62-B131,90240F238A0668885E2D39BDA5271CE3C08D81B7EA1836DB77F52A42E631AF3,Tester/logs/20261009.log,881349,2026-09-02,09:15,STATE,"NR	0	16:38:47.238	Core 04	2026.09.02 09:15:00   [SRJ-EA] 2026.09.02 09:15:00 STATE S2_LTF_ALIGN->ABORT dir=SHORT poi=Daily-VWAP"
12,RECON62-B131,90240F238A0668885E2D39BDA5271CE3C08D81B7EA1836DB77F52A42E631AF3,Tester/logs/20261009.log,881358,2026-09-02,09:20,CQDRECHECK,"FD	0	16:38:47.238	Core 04	2026.09.02 09:20:00   [SRJ-EA] CQDRECHECK shift=2 passA=-2.0 passB=-2.0 diff=0 bar=2026.09.02 09:10 state=IDLE dir=NONE divLatch=0 hit1=0 hit2=412 mism=0"
13,RECON62-B131,90240F238A0668885E2D39BDA5271CE3C08D81B7EA1836DB77F52A42E631AF3,Tester/logs/20261009.log,881367,2026-09-02,09:25,CQDRECHECK,"MD	0	16:38:47.238	Core 04	2026.09.02 09:25:00   [SRJ-EA] CQDRECHECK shift=2 passA=1.0 passB=1.0 diff=0 bar=2026.09.02 09:15 state=IDLE dir=NONE divLatch=0 hit1=0 hit2=413 mism=0"
14,RECON62-B131,90240F238A0668885E2D39BDA5271CE3C08D81B7EA1836DB77F52A42E631AF3,Tester/logs/20261009.log,881391,2026-09-02,09:40,CQDRECHECK,"RN	0	16:38:47.238	Core 04	2026.09.02 09:40:02   [SRJ-EA] CQDRECHECK shift=2 passA=1.0 passB=1.0 diff=0 bar=2026.09.02 09:30 state=IDLE dir=NONE divLatch=0 hit1=0 hit2=414 mism=0"
15,RECON62-B131,90240F238A0668885E2D39BDA5271CE3C08D81B7EA1836DB77F52A42E631AF3,Tester/logs/20261009.log,881403,2026-09-02,09:45,CQDRECHECK,"KS	0	16:38:47.238	Core 04	2026.09.02 09:45:00   [SRJ-EA] CQDRECHECK shift=2 passA=1.0 passB=1.0 diff=0 bar=2026.09.02 09:35 state=IDLE dir=NONE divLatch=0 hit1=0 hit2=415 mism=0"
16,RECON62-B131,90240F238A0668885E2D39BDA5271CE3C08D81B7EA1836DB77F52A42E631AF3,Tester/logs/20261009.log,881421,2026-09-02,09:55,CQDRECHECK,"QD	0	16:38:47.238	Core 04	2026.09.02 09:55:03   [SRJ-EA] CQDRECHECK shift=2 passA=1.0 passB=1.0 diff=0 bar=2026.09.02 09:45 state=IDLE dir=NONE divLatch=0 hit1=0 hit2=416 mism=0"
17,RECON62-B131,90240F238A0668885E2D39BDA5271CE3C08D81B7EA1836DB77F52A42E631AF3,Tester/logs/20261009.log,881436,2026-09-02,10:00,CQDRECHECK,"QR	0	16:38:47.238	Core 04	2026.09.02 10:00:00   [SRJ-EA] CQDRECHECK shift=2 passA=1.0 passB=1.0 diff=0 bar=2026.09.02 09:50 state=IDLE dir=NONE divLatch=0 hit1=0 hit2=417 mism=0"
18,RECON62-B131,90240F238A0668885E2D39BDA5271CE3C08D81B7EA1836DB77F52A42E631AF3,Tester/logs/20261009.log,881444,2026-09-02,10:05,CQDRECHECK,"LQ	0	16:38:47.238	Core 04	2026.09.02 10:05:00   [SRJ-EA] CQDRECHECK shift=2 passA=1.0 passB=1.0 diff=0 bar=2026.09.02 09:55 state=IDLE dir=NONE divLatch=0 hit1=0 hit2=418 mism=0"
19,RECON62-B131,90240F238A0668885E2D39BDA5271CE3C08D81B7EA1836DB77F52A42E631AF3,Tester/logs/20261009.log,881459,2026-09-02,10:15,CQDRECHECK,"EF	0	16:38:47.238	Core 04	2026.09.02 10:15:00   [SRJ-EA] CQDRECHECK shift=2 passA=1.0 passB=1.0 diff=0 bar=2026.09.02 10:05 state=IDLE dir=NONE divLatch=0 hit1=0 hit2=419 mism=0"
20,RECON62-B131,90240F238A0668885E2D39BDA5271CE3C08D81B7EA1836DB77F52A42E631AF3,Tester/logs/20261009.log,881477,2026-09-02,10:25,CONFIRMPOLL,"KN	0	16:38:47.238	Core 04	2026.09.02 10:25:01   [SRJ-EA] CONFIRMPOLL bar=2026.09.02 10:20 anchor=FOMC-VWAP dir=LONG oppCandle=0 bodyDir=0 body=15pts doji=0 touchAttr=0 confirm=0 shadow=true"
21,RECON62-B131,90240F238A0668885E2D39BDA5271CE3C08D81B7EA1836DB77F52A42E631AF3,Tester/logs/20261009.log,881479,2026-09-02,10:25,STATE,"LS	0	16:38:47.238	Core 04	2026.09.02 10:25:01   [SRJ-EA] 2026.09.02 10:25:01 STATE IDLE->S1_REGIME dir=LONG poi=FOMC-VWAP"
22,RECON62-B131,90240F238A0668885E2D39BDA5271CE3C08D81B7EA1836DB77F52A42E631AF3,Tester/logs/20261009.log,881480,2026-09-02,10:25,ANCHOR_ELECT,"LF	0	16:38:47.238	Core 04	2026.09.02 10:25:01   [SRJ-EA] ANCHOR_ELECT bar=2026.09.02 10:20 action=SEED poi=FOMC-VWAP rank=1 tier=0 dir=LONG"
23,RECON62-B131,90240F238A0668885E2D39BDA5271CE3C08D81B7EA1836DB77F52A42E631AF3,Tester/logs/20261009.log,881481,2026-09-02,10:25,SIDE1T_SEEDBIAS,"DO	0	16:38:47.238	Core 04	2026.09.02 10:25:01   [SRJ-EA] SIDE1T_SEEDBIAS bar=2026.09.02 10:20 dir=LONG biasAligned=0 verdict=REJECT-BIAS-TIMING"
24,RECON62-B131,90240F238A0668885E2D39BDA5271CE3C08D81B7EA1836DB77F52A42E631AF3,Tester/logs/20261009.log,881505,2026-09-02,10:30,CONFIRMPOLL,"OK	0	16:38:47.238	Core 04	2026.09.02 10:30:02   [SRJ-EA] CONFIRMPOLL bar=2026.09.02 10:25 anchor=FOMC-VWAP dir=LONG oppCandle=1 bodyDir=1 body=8pts doji=0 touchAttr=1 confirm=1 shadow=true"
25,RECON62-B131,90240F238A0668885E2D39BDA5271CE3C08D81B7EA1836DB77F52A42E631AF3,Tester/logs/20261009.log,881514,2026-09-02,10:35,CONFIRMPOLL,"HG	0	16:38:47.238	Core 04	2026.09.02 10:35:00   [SRJ-EA] CONFIRMPOLL bar=2026.09.02 10:30 anchor=FOMC-VWAP dir=LONG oppCandle=0 bodyDir=1 body=28pts doji=0 touchAttr=1 confirm=0 shadow=true"
26,RECON62-B131,90240F238A0668885E2D39BDA5271CE3C08D81B7EA1836DB77F52A42E631AF3,Tester/logs/20261009.log,881523,2026-09-02,10:40,CQDRECHECK,"IJ	0	16:38:47.238	Core 04	2026.09.02 10:40:00   [SRJ-EA] CQDRECHECK shift=2 passA=-2.0 passB=-2.0 diff=0 bar=2026.09.02 10:30 state=S1_REGIME dir=LONG divLatch=0 hit1=0 hit2=420 mism=0"
27,RECON62-B131,90240F238A0668885E2D39BDA5271CE3C08D81B7EA1836DB77F52A42E631AF3,Tester/logs/20261009.log,881527,2026-09-02,10:40,CONFIRMPOLL,"CG	0	16:38:47.238	Core 04	2026.09.02 10:40:00   [SRJ-EA] CONFIRMPOLL bar=2026.09.02 10:35 anchor=FOMC-VWAP dir=LONG oppCandle=0 bodyDir=1 body=7pts doji=0 touchAttr=0 confirm=0 shadow=true"
28,RECON62-B131,90240F238A0668885E2D39BDA5271CE3C08D81B7EA1836DB77F52A42E631AF3,Tester/logs/20261009.log,881537,2026-09-02,10:45,CQDRECHECK,"JP	0	16:38:47.238	Core 04	2026.09.02 10:45:00   [SRJ-EA] CQDRECHECK shift=2 passA=-2.0 passB=-2.0 diff=0 bar=2026.09.02 10:35 state=S1_REGIME dir=LONG divLatch=0 hit1=0 hit2=421 mism=0"
29,RECON62-B131,90240F238A0668885E2D39BDA5271CE3C08D81B7EA1836DB77F52A42E631AF3,Tester/logs/20261009.log,881541,2026-09-02,10:45,CONFIRMPOLL,"JI	0	16:38:47.238	Core 04	2026.09.02 10:45:00   [SRJ-EA] CONFIRMPOLL bar=2026.09.02 10:40 anchor=FOMC-VWAP dir=LONG oppCandle=0 bodyDir=0 body=6pts doji=0 touchAttr=0 confirm=0 shadow=true"
30,RECON62-B131,90240F238A0668885E2D39BDA5271CE3C08D81B7EA1836DB77F52A42E631AF3,Tester/logs/20261009.log,881550,2026-09-02,10:50,CONFIRMPOLL,"FJ	0	16:38:47.238	Core 04	2026.09.02 10:50:00   [SRJ-EA] CONFIRMPOLL bar=2026.09.02 10:45 anchor=FOMC-VWAP dir=LONG oppCandle=1 bodyDir=1 body=9pts doji=0 touchAttr=0 confirm=0 shadow=true"
31,RECON62-B131,90240F238A0668885E2D39BDA5271CE3C08D81B7EA1836DB77F52A42E631AF3,Tester/logs/20261009.log,881559,2026-09-02,10:55,CONFIRMPOLL,"PD	0	16:38:47.238	Core 04	2026.09.02 10:55:00   [SRJ-EA] CONFIRMPOLL bar=2026.09.02 10:50 anchor=FOMC-VWAP dir=LONG oppCandle=0 bodyDir=1 body=1pts doji=0 touchAttr=0 confirm=0 shadow=true"
32,RECON62-B131,90240F238A0668885E2D39BDA5271CE3C08D81B7EA1836DB77F52A42E631AF3,Tester/logs/20261009.log,881573,2026-09-02,11:00,CONFIRMPOLL,"RJ	0	16:38:47.238	Core 04	2026.09.02 11:00:00   [SRJ-EA] CONFIRMPOLL bar=2026.09.02 10:55 anchor=FOMC-VWAP dir=LONG oppCandle=0 bodyDir=1 body=7pts doji=0 touchAttr=0 confirm=0 shadow=true"
33,RECON62-B131,90240F238A0668885E2D39BDA5271CE3C08D81B7EA1836DB77F52A42E631AF3,Tester/logs/20261009.log,881584,2026-09-02,11:05,CQDRECHECK,"LK	0	16:38:47.238	Core 04	2026.09.02 11:05:00   [SRJ-EA] CQDRECHECK shift=2 passA=-1.0 passB=-1.0 diff=0 bar=2026.09.02 10:55 state=S1_REGIME dir=LONG divLatch=0 hit1=0 hit2=422 mism=0"
34,RECON62-B131,90240F238A0668885E2D39BDA5271CE3C08D81B7EA1836DB77F52A42E631AF3,Tester/logs/20261009.log,881594,2026-09-02,11:05,CONFIRMPOLL,"LQ	0	16:38:47.238	Core 04	2026.09.02 11:05:00   [SRJ-EA] CONFIRMPOLL bar=2026.09.02 11:00 anchor=Daily-VWAP dir=SHORT oppCandle=1 bodyDir=0 body=23pts doji=0 touchAttr=0 confirm=0 shadow=true"
35,RECON62-B131,90240F238A0668885E2D39BDA5271CE3C08D81B7EA1836DB77F52A42E631AF3,Tester/logs/20261009.log,881596,2026-09-02,11:05,STATE,"HK	0	16:38:47.238	Core 04	2026.09.02 11:05:00   [SRJ-EA] 2026.09.02 11:05:00 STATE S1_REGIME->S2_LTF_ALIGN dir=SHORT poi=Daily-VWAP"
36,RECON62-B131,90240F238A0668885E2D39BDA5271CE3C08D81B7EA1836DB77F52A42E631AF3,Tester/logs/20261009.log,881599,2026-09-02,11:05,STATE,"EQ	0	16:38:47.238	Core 04	2026.09.02 11:05:00   [SRJ-EA] 2026.09.02 11:05:00 STATE S2_LTF_ALIGN->S3_ZONE_WAIT dir=SHORT poi=Daily-VWAP"
37,RECON62-B131,90240F238A0668885E2D39BDA5271CE3C08D81B7EA1836DB77F52A42E631AF3,Tester/logs/20261009.log,881602,2026-09-02,11:05,ZONEID,"JR	0	16:38:47.238	Core 04	2026.09.02 11:05:00   [SRJ-EA] ZONEID bar=2026.09.02 11:00 site=S3PICK xobId=2668 fvgId=0"
38,RECON62-B131,90240F238A0668885E2D39BDA5271CE3C08D81B7EA1836DB77F52A42E631AF3,Tester/logs/20261009.log,881603,2026-09-02,11:05,XOBPROMO,"QN	0	16:38:47.238	Core 04	2026.09.02 11:05:00   [SRJ-EA] XOBPROMO bar=2026.09.02 11:00 site=S3PICK xobId=2668 raw=1788346800.0 promoT=2026.09.02 11:00"
39,RECON62-B131,90240F238A0668885E2D39BDA5271CE3C08D81B7EA1836DB77F52A42E631AF3,Tester/logs/20261009.log,881604,2026-09-02,11:05,ZONEPICK,"CL	0	16:38:47.238	Core 04	2026.09.02 11:05:00   [SRJ-EA] ZONEPICK bar=2026.09.02 11:00 dir=SHORT haveFvg=0 fvgInPlay=0 haveXob=1 xobInPlay=0 downgraded=0 fvg=--- xob=1.15755-1.15770"
40,RECON62-B131,90240F238A0668885E2D39BDA5271CE3C08D81B7EA1836DB77F52A42E631AF3,Tester/logs/20261009.log,881620,2026-09-02,11:05,INPLAYCOMMIT,"GR	0	16:38:47.238	Core 04	2026.09.02 11:05:00   [SRJ-EA] INPLAYCOMMIT bar=2026.09.02 11:00 dir=SHORT zoneSrc=XOB zoneLo=1.15755 zoneHi=1.15770 promoT=2026.09.02 11:00 applied=1 bounded=1 scanned=19 swings=5 hits=0 firstShift=-1 firstVal=- commitVia=none legacy=0 legacyVia=none committed=0 changed=0 haveStop=1"
41,RECON62-B131,90240F238A0668885E2D39BDA5271CE3C08D81B7EA1836DB77F52A42E631AF3,Tester/logs/20261009.log,881630,2026-09-02,11:10,FRESHSKIP,"CH	0	16:38:47.238	Core 04	2026.09.02 11:10:01   [SRJ-EA] FRESHSKIP bar=2026.09.02 11:05 dir=SHORT state=S3_ZONE_WAIT poi=Daily-VWAP reason=PRE_BINDING"
42,RECON62-B131,90240F238A0668885E2D39BDA5271CE3C08D81B7EA1836DB77F52A42E631AF3,Tester/logs/20261009.log,881760,2026-09-02,11:10,CONFIRMPOLL,"JO	0	16:38:47.238	Core 04	2026.09.02 11:10:01   [SRJ-EA] CONFIRMPOLL bar=2026.09.02 11:05 anchor=Daily-VWAP dir=SHORT oppCandle=1 bodyDir=1 body=6pts doji=0 touchAttr=1 confirm=1 shadow=true"
43,RECON62-B131,90240F238A0668885E2D39BDA5271CE3C08D81B7EA1836DB77F52A42E631AF3,Tester/logs/20261009.log,881763,2026-09-02,11:10,ABORT,"OF	0	16:38:47.238	Core 04	2026.09.02 11:10:01   [SRJ-EA] 2026.09.02 11:10:01 ABORT reason=LTF_MISALIGN state=S3_ZONE_WAIT poi=Daily-VWAP dir=SHORT"
44,RECON62-B131,90240F238A0668885E2D39BDA5271CE3C08D81B7EA1836DB77F52A42E631AF3,Tester/logs/20261009.log,881764,2026-09-02,11:10,A6REFUSED,"DI	0	16:38:47.238	Core 04	2026.09.02 11:10:01   [SRJ-EA] A6REFUSED class=ABSENT_DECLINED bar=2026.09.02 11:10 state=S3_ZONE_WAIT dir=SHORT predicate=LTF_MISALIGN"
45,RECON62-B131,90240F238A0668885E2D39BDA5271CE3C08D81B7EA1836DB77F52A42E631AF3,Tester/logs/20261009.log,881765,2026-09-02,11:10,STATE,"EQ	0	16:38:47.238	Core 04	2026.09.02 11:10:01   [SRJ-EA] 2026.09.02 11:10:01 STATE S3_ZONE_WAIT->ABORT dir=SHORT poi=Daily-VWAP"
46,RECON62-B131,90240F238A0668885E2D39BDA5271CE3C08D81B7EA1836DB77F52A42E631AF3,Tester/logs/20261009.log,881787,2026-09-02,11:25,CONFIRMPOLL,"DL	0	16:38:47.238	Core 04	2026.09.02 11:25:00   [SRJ-EA] CONFIRMPOLL bar=2026.09.02 11:20 anchor=Daily-VWAP dir=SHORT oppCandle=1 bodyDir=0 body=5pts doji=0 touchAttr=0 confirm=0 shadow=true"
47,RECON62-B131,90240F238A0668885E2D39BDA5271CE3C08D81B7EA1836DB77F52A42E631AF3,Tester/logs/20261009.log,881789,2026-09-02,11:25,STATE,"DD	0	16:38:47.238	Core 04	2026.09.02 11:25:00   [SRJ-EA] 2026.09.02 11:25:00 STATE IDLE->S1_REGIME dir=SHORT poi=Daily-VWAP"
48,RECON62-B131,90240F238A0668885E2D39BDA5271CE3C08D81B7EA1836DB77F52A42E631AF3,Tester/logs/20261009.log,881790,2026-09-02,11:25,ANCHOR_ELECT,"GE	0	16:38:47.238	Core 04	2026.09.02 11:25:00   [SRJ-EA] ANCHOR_ELECT bar=2026.09.02 11:20 action=SEED poi=Daily-VWAP rank=11 tier=5 dir=SHORT"
49,RECON62-B131,90240F238A0668885E2D39BDA5271CE3C08D81B7EA1836DB77F52A42E631AF3,Tester/logs/20261009.log,881791,2026-09-02,11:25,SIDE1T_SEEDBIAS,"OR	0	16:38:47.238	Core 04	2026.09.02 11:25:00   [SRJ-EA] SIDE1T_SEEDBIAS bar=2026.09.02 11:20 dir=SHORT biasAligned=0 verdict=REJECT-BIAS-TIMING"
50,RECON62-B131,90240F238A0668885E2D39BDA5271CE3C08D81B7EA1836DB77F52A42E631AF3,Tester/logs/20261009.log,881801,2026-09-02,11:25,STATE,"PI	0	16:38:47.238	Core 04	2026.09.02 11:25:00   [SRJ-EA] 2026.09.02 11:25:00 STATE S1_REGIME->S2_LTF_ALIGN dir=SHORT poi=Daily-VWAP"
51,RECON62-B131,90240F238A0668885E2D39BDA5271CE3C08D81B7EA1836DB77F52A42E631AF3,Tester/logs/20261009.log,881804,2026-09-02,11:25,STATE,"MD	0	16:38:47.238	Core 04	2026.09.02 11:25:00   [SRJ-EA] 2026.09.02 11:25:00 STATE S2_LTF_ALIGN->S3_ZONE_WAIT dir=SHORT poi=Daily-VWAP"
52,RECON62-B131,90240F238A0668885E2D39BDA5271CE3C08D81B7EA1836DB77F52A42E631AF3,Tester/logs/20261009.log,881807,2026-09-02,11:25,ZONEID,"RM	0	16:38:47.238	Core 04	2026.09.02 11:25:00   [SRJ-EA] ZONEID bar=2026.09.02 11:20 site=S3PICK xobId=2668 fvgId=0"
53,RECON62-B131,90240F238A0668885E2D39BDA5271CE3C08D81B7EA1836DB77F52A42E631AF3,Tester/logs/20261009.log,881808,2026-09-02,11:25,XOBPROMO,"IL	0	16:38:47.238	Core 04	2026.09.02 11:25:00   [SRJ-EA] XOBPROMO bar=2026.09.02 11:20 site=S3PICK xobId=2668 raw=1788346800.0 promoT=2026.09.02 11:00"
54,RECON62-B131,90240F238A0668885E2D39BDA5271CE3C08D81B7EA1836DB77F52A42E631AF3,Tester/logs/20261009.log,881809,2026-09-02,11:25,ZONEPICK,"KN	0	16:38:47.238	Core 04	2026.09.02 11:25:00   [SRJ-EA] ZONEPICK bar=2026.09.02 11:20 dir=SHORT haveFvg=0 fvgInPlay=0 haveXob=1 xobInPlay=0 downgraded=0 fvg=--- xob=1.15755-1.15770"
55,RECON62-B131,90240F238A0668885E2D39BDA5271CE3C08D81B7EA1836DB77F52A42E631AF3,Tester/logs/20261009.log,881824,2026-09-02,11:25,INPLAYCOMMIT,"MJ	0	16:38:47.238	Core 04	2026.09.02 11:25:00   [SRJ-EA] INPLAYCOMMIT bar=2026.09.02 11:20 dir=SHORT zoneSrc=XOB zoneLo=1.15755 zoneHi=1.15770 promoT=2026.09.02 11:00 applied=1 bounded=1 scanned=4 swings=1 hits=0 firstShift=-1 firstVal=- commitVia=none legacy=0 legacyVia=none committed=0 changed=0 haveStop=1"
56,RECON62-B131,90240F238A0668885E2D39BDA5271CE3C08D81B7EA1836DB77F52A42E631AF3,Tester/logs/20261009.log,881835,2026-09-02,11:30,FRESHSKIP,"PF	0	16:38:47.238	Core 04	2026.09.02 11:30:00   [SRJ-EA] FRESHSKIP bar=2026.09.02 11:25 dir=SHORT state=S3_ZONE_WAIT poi=Daily-VWAP reason=PRE_BINDING"
57,RECON62-B131,90240F238A0668885E2D39BDA5271CE3C08D81B7EA1836DB77F52A42E631AF3,Tester/logs/20261009.log,881965,2026-09-02,11:30,CONFIRMPOLL,"QQ	0	16:38:47.238	Core 04	2026.09.02 11:30:00   [SRJ-EA] CONFIRMPOLL bar=2026.09.02 11:25 anchor=Daily-VWAP dir=SHORT oppCandle=1 bodyDir=1 body=2pts doji=0 touchAttr=1 confirm=1 shadow=true"
58,RECON62-B131,90240F238A0668885E2D39BDA5271CE3C08D81B7EA1836DB77F52A42E631AF3,Tester/logs/20261009.log,881968,2026-09-02,11:30,ABORT,"KQ	0	16:38:47.238	Core 04	2026.09.02 11:30:00   [SRJ-EA] 2026.09.02 11:30:00 ABORT reason=LTF_MISALIGN state=S3_ZONE_WAIT poi=Daily-VWAP dir=SHORT"
59,RECON62-B131,90240F238A0668885E2D39BDA5271CE3C08D81B7EA1836DB77F52A42E631AF3,Tester/logs/20261009.log,881969,2026-09-02,11:30,A6REFUSED,"GP	0	16:38:47.238	Core 04	2026.09.02 11:30:00   [SRJ-EA] A6REFUSED class=ABSENT_DECLINED bar=2026.09.02 11:30 state=S3_ZONE_WAIT dir=SHORT predicate=LTF_MISALIGN"
60,RECON62-B131,90240F238A0668885E2D39BDA5271CE3C08D81B7EA1836DB77F52A42E631AF3,Tester/logs/20261009.log,881970,2026-09-02,11:30,STATE,"IH	0	16:38:47.238	Core 04	2026.09.02 11:30:00   [SRJ-EA] 2026.09.02 11:30:00 STATE S3_ZONE_WAIT->ABORT dir=SHORT poi=Daily-VWAP"
61,RECON62-B131,90240F238A0668885E2D39BDA5271CE3C08D81B7EA1836DB77F52A42E631AF3,Tester/logs/20261009.log,882005,2026-09-02,11:50,CONFIRMPOLL,"KF	0	16:38:47.238	Core 04	2026.09.02 11:50:00   [SRJ-EA] CONFIRMPOLL bar=2026.09.02 11:45 anchor=Daily-VWAP dir=SHORT oppCandle=0 bodyDir=1 body=8pts doji=0 touchAttr=1 confirm=0 shadow=true"
62,RECON62-B131,90240F238A0668885E2D39BDA5271CE3C08D81B7EA1836DB77F52A42E631AF3,Tester/logs/20261009.log,882007,2026-09-02,11:50,STATE,"PN	0	16:38:47.238	Core 04	2026.09.02 11:50:00   [SRJ-EA] 2026.09.02 11:50:00 STATE IDLE->S1_REGIME dir=SHORT poi=Daily-VWAP"
63,RECON62-B131,90240F238A0668885E2D39BDA5271CE3C08D81B7EA1836DB77F52A42E631AF3,Tester/logs/20261009.log,882008,2026-09-02,11:50,ANCHOR_ELECT,"LN	0	16:38:47.238	Core 04	2026.09.02 11:50:00   [SRJ-EA] ANCHOR_ELECT bar=2026.09.02 11:45 action=SEED poi=Daily-VWAP rank=11 tier=5 dir=SHORT"
64,RECON62-B131,90240F238A0668885E2D39BDA5271CE3C08D81B7EA1836DB77F52A42E631AF3,Tester/logs/20261009.log,882009,2026-09-02,11:50,SIDE1T_SEEDBIAS,"DM	0	16:38:47.238	Core 04	2026.09.02 11:50:00   [SRJ-EA] SIDE1T_SEEDBIAS bar=2026.09.02 11:45 dir=SHORT biasAligned=0 verdict=REJECT-BIAS-TIMING"
65,RECON62-B131,90240F238A0668885E2D39BDA5271CE3C08D81B7EA1836DB77F52A42E631AF3,Tester/logs/20261009.log,882018,2026-09-02,11:50,STATE,"PP	0	16:38:47.238	Core 04	2026.09.02 11:50:00   [SRJ-EA] 2026.09.02 11:50:00 STATE S1_REGIME->S2_LTF_ALIGN dir=SHORT poi=Daily-VWAP"
66,RECON62-B131,90240F238A0668885E2D39BDA5271CE3C08D81B7EA1836DB77F52A42E631AF3,Tester/logs/20261009.log,882021,2026-09-02,11:50,STATE,"MM	0	16:38:47.238	Core 04	2026.09.02 11:50:00   [SRJ-EA] 2026.09.02 11:50:00 STATE S2_LTF_ALIGN->S3_ZONE_WAIT dir=SHORT poi=Daily-VWAP"
67,RECON62-B131,90240F238A0668885E2D39BDA5271CE3C08D81B7EA1836DB77F52A42E631AF3,Tester/logs/20261009.log,882024,2026-09-02,11:50,ZONEID,"IF	0	16:38:47.238	Core 04	2026.09.02 11:50:00   [SRJ-EA] ZONEID bar=2026.09.02 11:45 site=S3PICK xobId=2673 fvgId=0"
68,RECON62-B131,90240F238A0668885E2D39BDA5271CE3C08D81B7EA1836DB77F52A42E631AF3,Tester/logs/20261009.log,882025,2026-09-02,11:50,XOBPROMO,"ME	0	16:38:47.238	Core 04	2026.09.02 11:50:00   [SRJ-EA] XOBPROMO bar=2026.09.02 11:45 site=S3PICK xobId=2673 raw=1788349200.0 promoT=2026.09.02 11:40"
69,RECON62-B131,90240F238A0668885E2D39BDA5271CE3C08D81B7EA1836DB77F52A42E631AF3,Tester/logs/20261009.log,882026,2026-09-02,11:50,ZONEPICK,"NI	0	16:38:47.238	Core 04	2026.09.02 11:50:00   [SRJ-EA] ZONEPICK bar=2026.09.02 11:45 dir=SHORT haveFvg=0 fvgInPlay=0 haveXob=1 xobInPlay=1 downgraded=0 fvg=--- xob=1.15784-1.15801"
70,RECON62-B131,90240F238A0668885E2D39BDA5271CE3C08D81B7EA1836DB77F52A42E631AF3,Tester/logs/20261009.log,882041,2026-09-02,11:50,INPLAYCOMMIT,"FM	0	16:38:47.238	Core 04	2026.09.02 11:50:00   [SRJ-EA] INPLAYCOMMIT bar=2026.09.02 11:45 dir=SHORT zoneSrc=XOB zoneLo=1.15784 zoneHi=1.15801 promoT=2026.09.02 11:40 applied=1 bounded=1 scanned=1 swings=1 hits=0 firstShift=-1 firstVal=- commitVia=BAR legacy=1 legacyVia=BAR committed=1 changed=0 haveStop=1"
71,RECON62-B131,90240F238A0668885E2D39BDA5271CE3C08D81B7EA1836DB77F52A42E631AF3,Tester/logs/20261009.log,882042,2026-09-02,11:50,STATE,"HI	0	16:38:47.238	Core 04	2026.09.02 11:50:00   [SRJ-EA] 2026.09.02 11:50:00 STATE S3_ZONE_WAIT->S4_ARMED dir=SHORT poi=Daily-VWAP"
72,RECON62-B131,90240F238A0668885E2D39BDA5271CE3C08D81B7EA1836DB77F52A42E631AF3,Tester/logs/20261009.log,882045,2026-09-02,11:50,ZONEID,"JD	0	16:38:47.238	Core 04	2026.09.02 11:50:00   [SRJ-EA] ZONEID bar=2026.09.02 11:45 site=S4RQZ xobId=2673 fvgId=0"
73,RECON62-B131,90240F238A0668885E2D39BDA5271CE3C08D81B7EA1836DB77F52A42E631AF3,Tester/logs/20261009.log,882188,2026-09-02,11:55,CQDRECHECK,"MK	0	16:38:47.238	Core 04	2026.09.02 11:55:00   [SRJ-EA] CQDRECHECK shift=2 passA=2.0 passB=2.0 diff=0 bar=2026.09.02 11:45 state=S4_ARMED dir=SHORT divLatch=0 hit1=0 hit2=423 mism=0"
74,RECON62-B131,90240F238A0668885E2D39BDA5271CE3C08D81B7EA1836DB77F52A42E631AF3,Tester/logs/20261009.log,882192,2026-09-02,11:55,CONFIRMPOLL,"CE	0	16:38:47.238	Core 04	2026.09.02 11:55:00   [SRJ-EA] CONFIRMPOLL bar=2026.09.02 11:50 anchor=Daily-VWAP dir=SHORT oppCandle=0 bodyDir=1 body=25pts doji=0 touchAttr=1 confirm=0 shadow=true"
75,RECON62-B131,90240F238A0668885E2D39BDA5271CE3C08D81B7EA1836DB77F52A42E631AF3,Tester/logs/20261009.log,882194,2026-09-02,11:55,ZONEID,"ID	0	16:38:47.238	Core 04	2026.09.02 11:55:00   [SRJ-EA] ZONEID bar=2026.09.02 11:50 site=S4RQZ xobId=2620 fvgId=0"
76,RECON62-B131,90240F238A0668885E2D39BDA5271CE3C08D81B7EA1836DB77F52A42E631AF3,Tester/logs/20261009.log,882342,2026-09-02,12:00,CONFIRMPOLL,"NE	0	16:38:47.238	Core 04	2026.09.02 12:00:01   [SRJ-EA] CONFIRMPOLL bar=2026.09.02 11:55 anchor=Daily-VWAP dir=SHORT oppCandle=0 bodyDir=1 body=40pts doji=0 touchAttr=0 confirm=0 shadow=true"
77,RECON62-B131,90240F238A0668885E2D39BDA5271CE3C08D81B7EA1836DB77F52A42E631AF3,Tester/logs/20261009.log,882344,2026-09-02,12:00,ZONEID,"ID	0	16:38:47.238	Core 04	2026.09.02 12:00:01   [SRJ-EA] ZONEID bar=2026.09.02 11:55 site=S4RQZ xobId=2674 fvgId=0"
78,RECON62-B131,90240F238A0668885E2D39BDA5271CE3C08D81B7EA1836DB77F52A42E631AF3,Tester/logs/20261009.log,882468,2026-09-02,14:05,CQDRECHECK,"KH	0	16:38:47.238	Core 04	2026.09.02 14:05:02   [SRJ-EA] CQDRECHECK shift=2 passA=-1.0 passB=-1.0 diff=0 bar=2026.09.02 13:55 state=IDLE dir=NONE divLatch=0 hit1=0 hit2=432 mism=0"
79,RECON62-B131,90240F238A0668885E2D39BDA5271CE3C08D81B7EA1836DB77F52A42E631AF3,Tester/logs/20261009.log,882473,2026-09-02,14:05,CONFIRMPOLL,"DN	0	16:38:47.238	Core 04	2026.09.02 14:05:02   [SRJ-EA] CONFIRMPOLL bar=2026.09.02 14:00 anchor=FOMC-VWAP dir=LONG oppCandle=0 bodyDir=0 body=0pts doji=1 touchAttr=1 confirm=0 shadow=true"
80,RECON62-B131,90240F238A0668885E2D39BDA5271CE3C08D81B7EA1836DB77F52A42E631AF3,Tester/logs/20261009.log,882475,2026-09-02,14:05,STATE,"PF	0	16:38:47.238	Core 04	2026.09.02 14:05:02   [SRJ-EA] 2026.09.02 14:05:02 STATE IDLE->S1_REGIME dir=LONG poi=FOMC-VWAP"
81,RECON62-B131,90240F238A0668885E2D39BDA5271CE3C08D81B7EA1836DB77F52A42E631AF3,Tester/logs/20261009.log,882476,2026-09-02,14:05,ANCHOR_ELECT,"QE	0	16:38:47.238	Core 04	2026.09.02 14:05:02   [SRJ-EA] ANCHOR_ELECT bar=2026.09.02 14:00 action=SEED poi=FOMC-VWAP rank=1 tier=0 dir=LONG"
82,RECON62-B131,90240F238A0668885E2D39BDA5271CE3C08D81B7EA1836DB77F52A42E631AF3,Tester/logs/20261009.log,882477,2026-09-02,14:05,SIDE1T_SEEDBIAS,"IH	0	16:38:47.238	Core 04	2026.09.02 14:05:02   [SRJ-EA] SIDE1T_SEEDBIAS bar=2026.09.02 14:00 dir=LONG biasAligned=0 verdict=REJECT-BIAS-TIMING"
83,RECON62-B131,90240F238A0668885E2D39BDA5271CE3C08D81B7EA1836DB77F52A42E631AF3,Tester/logs/20261009.log,882499,2026-09-02,14:10,CONFIRMPOLL,"DI	0	16:38:47.238	Core 04	2026.09.02 14:10:00   [SRJ-EA] CONFIRMPOLL bar=2026.09.02 14:05 anchor=FOMC-VWAP dir=LONG oppCandle=0 bodyDir=1 body=12pts doji=0 touchAttr=1 confirm=0 shadow=true"
84,RECON62-B131,90240F238A0668885E2D39BDA5271CE3C08D81B7EA1836DB77F52A42E631AF3,Tester/logs/20261009.log,882514,2026-09-02,14:15,CONFIRMPOLL,"CK	0	16:38:47.238	Core 04	2026.09.02 14:15:00   [SRJ-EA] CONFIRMPOLL bar=2026.09.02 14:10 anchor=FOMC-VWAP dir=LONG oppCandle=0 bodyDir=1 body=25pts doji=0 touchAttr=1 confirm=0 shadow=true"
85,RECON62-B131,90240F238A0668885E2D39BDA5271CE3C08D81B7EA1836DB77F52A42E631AF3,Tester/logs/20261009.log,882523,2026-09-02,14:20,CONFIRMPOLL,"RE	0	16:38:47.238	Core 04	2026.09.02 14:20:00   [SRJ-EA] CONFIRMPOLL bar=2026.09.02 14:15 anchor=FOMC-VWAP dir=LONG oppCandle=0 bodyDir=0 body=2pts doji=0 touchAttr=1 confirm=0 shadow=true"
86,RECON62-B131,90240F238A0668885E2D39BDA5271CE3C08D81B7EA1836DB77F52A42E631AF3,Tester/logs/20261009.log,882534,2026-09-02,14:25,CONFIRMPOLL,"OL	0	16:38:47.238	Core 04	2026.09.02 14:25:03   [SRJ-EA] CONFIRMPOLL bar=2026.09.02 14:20 anchor=FOMC-VWAP dir=LONG oppCandle=1 bodyDir=1 body=6pts doji=0 touchAttr=0 confirm=0 shadow=true"
87,RECON62-B131,90240F238A0668885E2D39BDA5271CE3C08D81B7EA1836DB77F52A42E631AF3,Tester/logs/20261009.log,882543,2026-09-02,14:30,CQDRECHECK,"JF	0	16:38:47.238	Core 04	2026.09.02 14:30:09   [SRJ-EA] CQDRECHECK shift=2 passA=-1.0 passB=-1.0 diff=0 bar=2026.09.02 14:20 state=S1_REGIME dir=LONG divLatch=0 hit1=0 hit2=433 mism=0"
88,RECON62-B131,90240F238A0668885E2D39BDA5271CE3C08D81B7EA1836DB77F52A42E631AF3,Tester/logs/20261009.log,882547,2026-09-02,14:30,CONFIRMPOLL,"HQ	0	16:38:47.238	Core 04	2026.09.02 14:30:09   [SRJ-EA] CONFIRMPOLL bar=2026.09.02 14:25 anchor=FOMC-VWAP dir=LONG oppCandle=0 bodyDir=0 body=22pts doji=0 touchAttr=0 confirm=0 shadow=true"
89,RECON62-B131,90240F238A0668885E2D39BDA5271CE3C08D81B7EA1836DB77F52A42E631AF3,Tester/logs/20261009.log,882556,2026-09-02,14:35,CONFIRMPOLL,"NL	0	16:38:47.238	Core 04	2026.09.02 14:35:02   [SRJ-EA] CONFIRMPOLL bar=2026.09.02 14:30 anchor=FOMC-VWAP dir=LONG oppCandle=1 bodyDir=1 body=20pts doji=0 touchAttr=0 confirm=0 shadow=true"
90,RECON62-B131,90240F238A0668885E2D39BDA5271CE3C08D81B7EA1836DB77F52A42E631AF3,Tester/logs/20261009.log,882565,2026-09-02,14:40,CQDRECHECK,"OR	0	16:38:47.238	Core 04	2026.09.02 14:40:00   [SRJ-EA] CQDRECHECK shift=2 passA=2.0 passB=2.0 diff=0 bar=2026.09.02 14:30 state=S1_REGIME dir=LONG divLatch=1 hit1=0 hit2=434 mism=0"
91,RECON62-B131,90240F238A0668885E2D39BDA5271CE3C08D81B7EA1836DB77F52A42E631AF3,Tester/logs/20261009.log,882575,2026-09-02,14:40,CONFIRMPOLL,"HF	0	16:38:47.238	Core 04	2026.09.02 14:40:00   [SRJ-EA] CONFIRMPOLL bar=2026.09.02 14:35 anchor=Daily-VWAP dir=SHORT oppCandle=1 bodyDir=0 body=24pts doji=0 touchAttr=0 confirm=0 shadow=true"
92,RECON62-B131,90240F238A0668885E2D39BDA5271CE3C08D81B7EA1836DB77F52A42E631AF3,Tester/logs/20261009.log,882577,2026-09-02,14:40,STATE,"LR	0	16:38:47.238	Core 04	2026.09.02 14:40:00   [SRJ-EA] 2026.09.02 14:40:00 STATE S1_REGIME->S2_LTF_ALIGN dir=SHORT poi=Daily-VWAP"
93,RECON62-B131,90240F238A0668885E2D39BDA5271CE3C08D81B7EA1836DB77F52A42E631AF3,Tester/logs/20261009.log,882588,2026-09-02,14:45,FRESHSKIP,"KR	0	16:38:47.238	Core 04	2026.09.02 14:45:01   [SRJ-EA] FRESHSKIP bar=2026.09.02 14:40 dir=SHORT state=S2_LTF_ALIGN poi=Daily-VWAP reason=PRE_BINDING"
94,RECON62-B131,90240F238A0668885E2D39BDA5271CE3C08D81B7EA1836DB77F52A42E631AF3,Tester/logs/20261009.log,882717,2026-09-02,14:45,CQDRECHECK,"IK	0	16:38:47.238	Core 04	2026.09.02 14:45:01   [SRJ-EA] CQDRECHECK shift=2 passA=-1.0 passB=-1.0 diff=0 bar=2026.09.02 14:35 state=S2_LTF_ALIGN dir=SHORT divLatch=1 hit1=0 hit2=435 mism=0"
95,RECON62-B131,90240F238A0668885E2D39BDA5271CE3C08D81B7EA1836DB77F52A42E631AF3,Tester/logs/20261009.log,882721,2026-09-02,14:45,CONFIRMPOLL,"NG	0	16:38:47.238	Core 04	2026.09.02 14:45:01   [SRJ-EA] CONFIRMPOLL bar=2026.09.02 14:40 anchor=Daily-VWAP dir=SHORT oppCandle=1 bodyDir=1 body=32pts doji=0 touchAttr=1 confirm=1 shadow=true"
96,RECON62-B131,90240F238A0668885E2D39BDA5271CE3C08D81B7EA1836DB77F52A42E631AF3,Tester/logs/20261009.log,882722,2026-09-02,14:45,STATE,"OS	0	16:38:47.238	Core 04	2026.09.02 14:45:01   [SRJ-EA] 2026.09.02 14:45:01 STATE S2_LTF_ALIGN->S3_ZONE_WAIT dir=SHORT poi=Daily-VWAP"
97,RECON62-B131,90240F238A0668885E2D39BDA5271CE3C08D81B7EA1836DB77F52A42E631AF3,Tester/logs/20261009.log,882724,2026-09-02,14:45,ZONEID,"FN	0	16:38:47.238	Core 04	2026.09.02 14:45:01   [SRJ-EA] ZONEID bar=2026.09.02 14:40 site=S3PICK xobId=2674 fvgId=0"
98,RECON62-B131,90240F238A0668885E2D39BDA5271CE3C08D81B7EA1836DB77F52A42E631AF3,Tester/logs/20261009.log,882725,2026-09-02,14:45,XOBPROMO,"GM	0	16:38:47.238	Core 04	2026.09.02 14:45:01   [SRJ-EA] XOBPROMO bar=2026.09.02 14:40 site=S3PICK xobId=2674 raw=1788350100.0 promoT=2026.09.02 11:55"
99,RECON62-B131,90240F238A0668885E2D39BDA5271CE3C08D81B7EA1836DB77F52A42E631AF3,Tester/logs/20261009.log,882726,2026-09-02,14:45,ZONEPICK,"LQ	0	16:38:47.238	Core 04	2026.09.02 14:45:01   [SRJ-EA] ZONEPICK bar=2026.09.02 14:40 dir=SHORT haveFvg=0 fvgInPlay=0 haveXob=1 xobInPlay=1 downgraded=0 fvg=--- xob=1.15788-1.15818"
100,RECON62-B131,90240F238A0668885E2D39BDA5271CE3C08D81B7EA1836DB77F52A42E631AF3,Tester/logs/20261009.log,882735,2026-09-02,14:45,INPLAYCOMMIT,"CI	0	16:38:47.238	Core 04	2026.09.02 14:45:01   [SRJ-EA] INPLAYCOMMIT bar=2026.09.02 14:40 dir=SHORT zoneSrc=XOB zoneLo=1.15788 zoneHi=1.15818 promoT=2026.09.02 11:55 applied=1 bounded=1 scanned=36 swings=8 hits=1 firstShift=1 firstVal=1.15791 commitVia=SWING legacy=1 legacyVia=SWING1 committed=1 changed=0 haveStop=1"
101,RECON62-B131,90240F238A0668885E2D39BDA5271CE3C08D81B7EA1836DB77F52A42E631AF3,Tester/logs/20261009.log,882736,2026-09-02,14:45,STATE,"HL	0	16:38:47.238	Core 04	2026.09.02 14:45:01   [SRJ-EA] 2026.09.02 14:45:01 STATE S3_ZONE_WAIT->S4_ARMED dir=SHORT poi=Daily-VWAP"
102,RECON62-B131,90240F238A0668885E2D39BDA5271CE3C08D81B7EA1836DB77F52A42E631AF3,Tester/logs/20261009.log,882739,2026-09-02,14:45,B60C,"PD	0	16:38:47.238	Core 04	2026.09.02 14:45:01   [SRJ-EA] B60C bar=2026.09.02 14:40 dir=SHORT poi=Daily-VWAP rt=2026.09.02 14:00 rSh=9 rBar=2026.09.02 14:00 cSrc=PRIOR xt=0 zxob=1.15788-1.15818 xpromo=2026.09.02 11:55 - C satisfied by the prior candle ([B-61 C2][B-129 XT])"
103,RECON62-B131,90240F238A0668885E2D39BDA5271CE3C08D81B7EA1836DB77F52A42E631AF3,Tester/logs/20261009.log,882740,2026-09-02,14:45,ZONEID,"CG	0	16:38:47.238	Core 04	2026.09.02 14:45:01   [SRJ-EA] ZONEID bar=2026.09.02 14:40 site=S4RQZ xobId=2674 fvgId=0"
104,RECON62-B131,90240F238A0668885E2D39BDA5271CE3C08D81B7EA1836DB77F52A42E631AF3,Tester/logs/20261009.log,882744,2026-09-02,14:45,B60C,"JS	0	16:38:47.238	Core 04	2026.09.02 14:45:01   [SRJ-EA] B60C bar=2026.09.02 14:40 dir=SHORT poi=Daily-VWAP rt=2026.09.02 14:00 rSh=9 rBar=2026.09.02 14:00 cSrc=PRIOR xt=0 zxob=1.15788-1.15818 xpromo=2026.09.02 11:55 - C satisfied by the prior candle ([B-61 C2][B-129 XT])"
105,RECON62-B131,90240F238A0668885E2D39BDA5271CE3C08D81B7EA1836DB77F52A42E631AF3,Tester/logs/20261009.log,882745,2026-09-02,14:45,STATE,"PS	0	16:38:47.238	Core 04	2026.09.02 14:45:01   [SRJ-EA] 2026.09.02 14:45:01 STATE S4_ARMED->S5_GATE_CHECK dir=SHORT poi=Daily-VWAP"
106,RECON62-B131,90240F238A0668885E2D39BDA5271CE3C08D81B7EA1836DB77F52A42E631AF3,Tester/logs/20261009.log,882746,2026-09-02,14:45,D130LATCH,"RD	0	16:38:47.238	Core 04	2026.09.02 14:45:01   [SRJ-EA] D130LATCH pass=2026.09.02 14:45:01 confBar=2026.09.02 14:40 dir=SHORT verdict=-1 verdictBar=2026.09.02 14:35 walkShift=2 oppPassed=2 oppBar=2026.09.02 14:30"
107,RECON62-B131,90240F238A0668885E2D39BDA5271CE3C08D81B7EA1836DB77F52A42E631AF3,Tester/logs/20261009.log,882917,2026-09-02,14:45,TP_ELECT,"PK	0	16:38:47.238	Core 04	2026.09.02 14:45:01   [SRJ-EA] TP_ELECT shadow=true entry=1.15747 sl=1.15822 tp=1.15718 R=0.38 bar=2026.09.02 14:40 latchBar=2026.09.02 14:45"
108,RECON62-B131,90240F238A0668885E2D39BDA5271CE3C08D81B7EA1836DB77F52A42E631AF3,Tester/logs/20261009.log,882922,2026-09-02,14:45,ABORT,"JH	0	16:38:47.238	Core 04	2026.09.02 14:45:01   [SRJ-EA] 2026.09.02 14:45:01 ABORT reason=TP_RR_FAIL state=S5_GATE_CHECK poi=Daily-VWAP dir=SHORT"
109,RECON62-B131,90240F238A0668885E2D39BDA5271CE3C08D81B7EA1836DB77F52A42E631AF3,Tester/logs/20261009.log,882923,2026-09-02,14:45,A6REFUSED,"KQ	0	16:38:47.238	Core 04	2026.09.02 14:45:01   [SRJ-EA] A6REFUSED class=ABSENT_DECLINED bar=2026.09.02 14:45 state=S5_GATE_CHECK dir=SHORT predicate=TP_RR_FAIL"
110,RECON62-B131,90240F238A0668885E2D39BDA5271CE3C08D81B7EA1836DB77F52A42E631AF3,Tester/logs/20261009.log,882925,2026-09-02,14:45,STATE,"QQ	0	16:38:47.238	Core 04	2026.09.02 14:45:01   [SRJ-EA] 2026.09.02 14:45:01 STATE S5_GATE_CHECK->ABORT dir=SHORT poi=Daily-VWAP"
111,RECON62-B131,90240F238A0668885E2D39BDA5271CE3C08D81B7EA1836DB77F52A42E631AF3,Tester/logs/20261009.log,882944,2026-09-02,15:00,CQDRECHECK,"KG	0	16:38:47.238	Core 04	2026.09.02 15:00:00   [SRJ-EA] CQDRECHECK shift=2 passA=2.0 passB=2.0 diff=0 bar=2026.09.02 14:50 state=IDLE dir=NONE divLatch=0 hit1=0 hit2=436 mism=0"
112,RECON62-B131,90240F238A0668885E2D39BDA5271CE3C08D81B7EA1836DB77F52A42E631AF3,Tester/logs/20261009.log,882965,2026-09-02,15:15,CQDRECHECK,"QD	0	16:38:47.238	Core 04	2026.09.02 15:15:00   [SRJ-EA] CQDRECHECK shift=2 passA=2.0 passB=2.0 diff=0 bar=2026.09.02 15:05 state=IDLE dir=NONE divLatch=0 hit1=0 hit2=437 mism=0"
113,RECON62-B131,90240F238A0668885E2D39BDA5271CE3C08D81B7EA1836DB77F52A42E631AF3,Tester/logs/20261009.log,882994,2026-09-02,15:30,CQDRECHECK,"RR	0	16:38:47.238	Core 04	2026.09.02 15:30:00   [SRJ-EA] CQDRECHECK shift=2 passA=2.0 passB=2.0 diff=0 bar=2026.09.02 15:20 state=IDLE dir=NONE divLatch=0 hit1=0 hit2=438 mism=0"
114,RECON62-B131,90240F238A0668885E2D39BDA5271CE3C08D81B7EA1836DB77F52A42E631AF3,Tester/logs/20261009.log,883028,2026-09-02,15:45,CONFIRMPOLL,"FP	0	16:38:47.238	Core 04	2026.09.02 15:45:01   [SRJ-EA] CONFIRMPOLL bar=2026.09.02 15:40 anchor=Daily-VWAP dir=SHORT oppCandle=0 bodyDir=1 body=16pts doji=0 touchAttr=1 confirm=0 shadow=true"
115,RECON62-B131,90240F238A0668885E2D39BDA5271CE3C08D81B7EA1836DB77F52A42E631AF3,Tester/logs/20261009.log,883030,2026-09-02,15:45,STATE,"FQ	0	16:38:47.238	Core 04	2026.09.02 15:45:01   [SRJ-EA] 2026.09.02 15:45:01 STATE IDLE->S1_REGIME dir=SHORT poi=Daily-VWAP"
116,RECON62-B131,90240F238A0668885E2D39BDA5271CE3C08D81B7EA1836DB77F52A42E631AF3,Tester/logs/20261009.log,883031,2026-09-02,15:45,ANCHOR_ELECT,"FP	0	16:38:47.238	Core 04	2026.09.02 15:45:01   [SRJ-EA] ANCHOR_ELECT bar=2026.09.02 15:40 action=SEED poi=Daily-VWAP rank=11 tier=5 dir=SHORT"
117,RECON62-B131,90240F238A0668885E2D39BDA5271CE3C08D81B7EA1836DB77F52A42E631AF3,Tester/logs/20261009.log,883032,2026-09-02,15:45,SIDE1T_SEEDBIAS,"JO	0	16:38:47.238	Core 04	2026.09.02 15:45:01   [SRJ-EA] SIDE1T_SEEDBIAS bar=2026.09.02 15:40 dir=SHORT biasAligned=1 verdict=CONSIDER"
118,RECON62-B131,90240F238A0668885E2D39BDA5271CE3C08D81B7EA1836DB77F52A42E631AF3,Tester/logs/20261009.log,883041,2026-09-02,15:45,STATE,"RM	0	16:38:47.238	Core 04	2026.09.02 15:45:01   [SRJ-EA] 2026.09.02 15:45:01 STATE S1_REGIME->S2_LTF_ALIGN dir=SHORT poi=Daily-VWAP"
119,RECON62-B131,90240F238A0668885E2D39BDA5271CE3C08D81B7EA1836DB77F52A42E631AF3,Tester/logs/20261009.log,883042,2026-09-02,15:45,STATE,"OP	0	16:38:47.238	Core 04	2026.09.02 15:45:01   [SRJ-EA] 2026.09.02 15:45:01 STATE S2_LTF_ALIGN->S3_ZONE_WAIT dir=SHORT poi=Daily-VWAP"
120,RECON62-B131,90240F238A0668885E2D39BDA5271CE3C08D81B7EA1836DB77F52A42E631AF3,Tester/logs/20261009.log,883045,2026-09-02,15:45,ZONEID,"QQ	0	16:38:47.238	Core 04	2026.09.02 15:45:01   [SRJ-EA] ZONEID bar=2026.09.02 15:40 site=S3PICK xobId=2620 fvgId=0"
121,RECON62-B131,90240F238A0668885E2D39BDA5271CE3C08D81B7EA1836DB77F52A42E631AF3,Tester/logs/20261009.log,883046,2026-09-02,15:45,XOBPROMO,"QP	0	16:38:47.238	Core 04	2026.09.02 15:45:01   [SRJ-EA] XOBPROMO bar=2026.09.02 15:40 site=S3PICK xobId=2620 raw=1788321900.0 promoT=2026.09.02 04:05"
122,RECON62-B131,90240F238A0668885E2D39BDA5271CE3C08D81B7EA1836DB77F52A42E631AF3,Tester/logs/20261009.log,883047,2026-09-02,15:45,ZONEPICK,"LJ	0	16:38:47.238	Core 04	2026.09.02 15:45:01   [SRJ-EA] ZONEPICK bar=2026.09.02 15:40 dir=SHORT haveFvg=0 fvgInPlay=0 haveXob=1 xobInPlay=1 downgraded=0 fvg=--- xob=1.15844-1.15857"
123,RECON62-B131,90240F238A0668885E2D39BDA5271CE3C08D81B7EA1836DB77F52A42E631AF3,Tester/logs/20261009.log,883062,2026-09-02,15:45,INPLAYCOMMIT,"KD	0	16:38:47.238	Core 04	2026.09.02 15:45:01   [SRJ-EA] INPLAYCOMMIT bar=2026.09.02 15:40 dir=SHORT zoneSrc=XOB zoneLo=1.15844 zoneHi=1.15857 promoT=2026.09.02 04:05 applied=1 bounded=1 scanned=141 swings=31 hits=2 firstShift=4 firstVal=1.15856 commitVia=SWING legacy=1 legacyVia=SWING1 committed=1 changed=0 haveStop=1"
124,RECON62-B131,90240F238A0668885E2D39BDA5271CE3C08D81B7EA1836DB77F52A42E631AF3,Tester/logs/20261009.log,883063,2026-09-02,15:45,STATE,"HQ	0	16:38:47.238	Core 04	2026.09.02 15:45:01   [SRJ-EA] 2026.09.02 15:45:01 STATE S3_ZONE_WAIT->S4_ARMED dir=SHORT poi=Daily-VWAP"
125,RECON62-B131,90240F238A0668885E2D39BDA5271CE3C08D81B7EA1836DB77F52A42E631AF3,Tester/logs/20261009.log,883066,2026-09-02,15:45,ZONEID,"HL	0	16:38:47.238	Core 04	2026.09.02 15:45:01   [SRJ-EA] ZONEID bar=2026.09.02 15:40 site=S4RQZ xobId=2620 fvgId=0"
126,RECON62-B131,90240F238A0668885E2D39BDA5271CE3C08D81B7EA1836DB77F52A42E631AF3,Tester/logs/20261009.log,883207,2026-09-02,15:50,CONFIRMPOLL,"FG	0	16:38:47.238	Core 04	2026.09.02 15:50:06   [SRJ-EA] CONFIRMPOLL bar=2026.09.02 15:45 anchor=Daily-VWAP dir=SHORT oppCandle=0 bodyDir=0 body=37pts doji=0 touchAttr=1 confirm=0 shadow=true"
127,RECON62-B131,90240F238A0668885E2D39BDA5271CE3C08D81B7EA1836DB77F52A42E631AF3,Tester/logs/20261009.log,883209,2026-09-02,15:50,ZONEID,"FS	0	16:38:47.238	Core 04	2026.09.02 15:50:06   [SRJ-EA] ZONEID bar=2026.09.02 15:45 site=S4RQZ xobId=2697 fvgId=0"
128,RECON62-B131,90240F238A0668885E2D39BDA5271CE3C08D81B7EA1836DB77F52A42E631AF3,Tester/logs/20261009.log,883348,2026-09-02,15:55,CQDRECHECK,"MS	0	16:38:47.238	Core 04	2026.09.02 15:55:00   [SRJ-EA] CQDRECHECK shift=2 passA=-2.0 passB=-2.0 diff=0 bar=2026.09.02 15:45 state=S4_ARMED dir=SHORT divLatch=1 hit1=0 hit2=439 mism=0"
129,RECON62-B131,90240F238A0668885E2D39BDA5271CE3C08D81B7EA1836DB77F52A42E631AF3,Tester/logs/20261009.log,883356,2026-09-02,15:55,CONFIRMPOLL,"CG	0	16:38:47.238	Core 04	2026.09.02 15:55:00   [SRJ-EA] CONFIRMPOLL bar=2026.09.02 15:50 anchor=Daily-VWAP dir=SHORT oppCandle=1 bodyDir=1 body=9pts doji=0 touchAttr=1 confirm=1 shadow=true"
130,RECON62-B131,90240F238A0668885E2D39BDA5271CE3C08D81B7EA1836DB77F52A42E631AF3,Tester/logs/20261009.log,883359,2026-09-02,15:55,ZONEID,"GM	0	16:38:47.238	Core 04	2026.09.02 15:55:00   [SRJ-EA] ZONEID bar=2026.09.02 15:50 site=S4RQZ xobId=2697 fvgId=0"
131,RECON62-B131,90240F238A0668885E2D39BDA5271CE3C08D81B7EA1836DB77F52A42E631AF3,Tester/logs/20261009.log,883501,2026-09-02,16:00,CONFIRMPOLL,"DF	0	16:38:47.238	Core 04	2026.09.02 16:00:00   [SRJ-EA] CONFIRMPOLL bar=2026.09.02 15:55 anchor=Daily-VWAP dir=SHORT oppCandle=0 bodyDir=1 body=8pts doji=0 touchAttr=1 confirm=0 shadow=true"
132,RECON62-B131,90240F238A0668885E2D39BDA5271CE3C08D81B7EA1836DB77F52A42E631AF3,Tester/logs/20261009.log,883503,2026-09-02,16:00,ZONEID,"MD	0	16:38:47.238	Core 04	2026.09.02 16:00:00   [SRJ-EA] ZONEID bar=2026.09.02 15:55 site=S4RQZ xobId=2697 fvgId=0"
133,RECON62-B131,90240F238A0668885E2D39BDA5271CE3C08D81B7EA1836DB77F52A42E631AF3,Tester/logs/20261009.log,883642,2026-09-02,16:05,CONFIRMPOLL,"HD	0	16:38:47.238	Core 04	2026.09.02 16:05:00   [SRJ-EA] CONFIRMPOLL bar=2026.09.02 16:00 anchor=Daily-VWAP dir=SHORT oppCandle=0 bodyDir=0 body=16pts doji=0 touchAttr=1 confirm=0 shadow=true"
134,RECON62-B131,90240F238A0668885E2D39BDA5271CE3C08D81B7EA1836DB77F52A42E631AF3,Tester/logs/20261009.log,883644,2026-09-02,16:05,ZONEID,"ID	0	16:38:47.238	Core 04	2026.09.02 16:05:00   [SRJ-EA] ZONEID bar=2026.09.02 16:00 site=S4RQZ xobId=2697 fvgId=0"
135,RECON62-B131,90240F238A0668885E2D39BDA5271CE3C08D81B7EA1836DB77F52A42E631AF3,Tester/logs/20261009.log,883781,2026-09-02,16:10,CQDRECHECK,"NL	0	16:38:47.238	Core 04	2026.09.02 16:10:01   [SRJ-EA] CQDRECHECK shift=2 passA=-2.0 passB=-2.0 diff=0 bar=2026.09.02 16:00 state=S4_ARMED dir=SHORT divLatch=1 hit1=0 hit2=440 mism=0"
136,RECON62-B131,90240F238A0668885E2D39BDA5271CE3C08D81B7EA1836DB77F52A42E631AF3,Tester/logs/20261009.log,883785,2026-09-02,16:10,CONFIRMPOLL,"MF	0	16:38:47.238	Core 04	2026.09.02 16:10:01   [SRJ-EA] CONFIRMPOLL bar=2026.09.02 16:05 anchor=Daily-VWAP dir=SHORT oppCandle=1 bodyDir=0 body=12pts doji=0 touchAttr=1 confirm=0 shadow=true"
137,RECON62-B131,90240F238A0668885E2D39BDA5271CE3C08D81B7EA1836DB77F52A42E631AF3,Tester/logs/20261009.log,883787,2026-09-02,16:10,ZONEID,"EP	0	16:38:47.238	Core 04	2026.09.02 16:10:01   [SRJ-EA] ZONEID bar=2026.09.02 16:05 site=S4RQZ xobId=2697 fvgId=0"
138,RECON62-B131,90240F238A0668885E2D39BDA5271CE3C08D81B7EA1836DB77F52A42E631AF3,Tester/logs/20261009.log,883928,2026-09-02,16:15,CQDRECHECK,"EH	0	16:38:47.238	Core 04	2026.09.02 16:15:01   [SRJ-EA] CQDRECHECK shift=2 passA=-2.0 passB=-2.0 diff=0 bar=2026.09.02 16:05 state=S4_ARMED dir=SHORT divLatch=1 hit1=0 hit2=441 mism=0"
139,RECON62-B131,90240F238A0668885E2D39BDA5271CE3C08D81B7EA1836DB77F52A42E631AF3,Tester/logs/20261009.log,883932,2026-09-02,16:15,CONFIRMPOLL,"JD	0	16:38:47.238	Core 04	2026.09.02 16:15:01   [SRJ-EA] CONFIRMPOLL bar=2026.09.02 16:10 anchor=Daily-VWAP dir=SHORT oppCandle=1 bodyDir=1 body=23pts doji=0 touchAttr=0 confirm=0 shadow=true"
140,RECON62-B131,90240F238A0668885E2D39BDA5271CE3C08D81B7EA1836DB77F52A42E631AF3,Tester/logs/20261009.log,883934,2026-09-02,16:15,ZONEID,"LR	0	16:38:47.238	Core 04	2026.09.02 16:15:01   [SRJ-EA] ZONEID bar=2026.09.02 16:10 site=S4RQZ xobId=2697 fvgId=0"
141,RECON62-B131,90240F238A0668885E2D39BDA5271CE3C08D81B7EA1836DB77F52A42E631AF3,Tester/logs/20261009.log,884080,2026-09-02,16:20,CONFIRMPOLL,"PM	0	16:38:47.238	Core 04	2026.09.02 16:20:00   [SRJ-EA] CONFIRMPOLL bar=2026.09.02 16:15 anchor=Daily-VWAP dir=SHORT oppCandle=0 bodyDir=0 body=35pts doji=0 touchAttr=1 confirm=0 shadow=true"
142,RECON62-B131,90240F238A0668885E2D39BDA5271CE3C08D81B7EA1836DB77F52A42E631AF3,Tester/logs/20261009.log,884083,2026-09-02,16:20,ABORT,"EF	0	16:38:47.238	Core 04	2026.09.02 16:20:00   [SRJ-EA] 2026.09.02 16:20:00 ABORT reason=LTF_MISALIGN state=S4_ARMED poi=Daily-VWAP dir=SHORT"
143,RECON62-B131,90240F238A0668885E2D39BDA5271CE3C08D81B7EA1836DB77F52A42E631AF3,Tester/logs/20261009.log,884084,2026-09-02,16:20,A6REFUSED,"IH	0	16:38:47.238	Core 04	2026.09.02 16:20:00   [SRJ-EA] A6REFUSED class=ABSENT_DECLINED bar=2026.09.02 16:20 state=S4_ARMED dir=SHORT predicate=LTF_MISALIGN"
144,RECON62-B131,90240F238A0668885E2D39BDA5271CE3C08D81B7EA1836DB77F52A42E631AF3,Tester/logs/20261009.log,884086,2026-09-02,16:20,STATE,"QO	0	16:38:47.238	Core 04	2026.09.02 16:20:00   [SRJ-EA] 2026.09.02 16:20:00 STATE S4_ARMED->ABORT dir=SHORT poi=Daily-VWAP"
145,RECON62-B131,90240F238A0668885E2D39BDA5271CE3C08D81B7EA1836DB77F52A42E631AF3,Tester/logs/20261009.log,884113,2026-09-02,16:30,CQDRECHECK,"ER	0	16:38:47.238	Core 04	2026.09.02 16:30:00   [SRJ-EA] CQDRECHECK shift=2 passA=-1.0 passB=-1.0 diff=0 bar=2026.09.02 16:20 state=IDLE dir=NONE divLatch=0 hit1=0 hit2=442 mism=0"
146,RECON62-B131,90240F238A0668885E2D39BDA5271CE3C08D81B7EA1836DB77F52A42E631AF3,Tester/logs/20261009.log,884118,2026-09-02,16:30,CONFIRMPOLL,"JJ	0	16:38:47.238	Core 04	2026.09.02 16:30:00   [SRJ-EA] CONFIRMPOLL bar=2026.09.02 16:25 anchor=Yearly-POC dir=SHORT oppCandle=1 bodyDir=0 body=54pts doji=0 touchAttr=0 confirm=0 shadow=true"
147,RECON62-B131,90240F238A0668885E2D39BDA5271CE3C08D81B7EA1836DB77F52A42E631AF3,Tester/logs/20261009.log,884120,2026-09-02,16:30,STATE,"MK	0	16:38:47.238	Core 04	2026.09.02 16:30:00   [SRJ-EA] 2026.09.02 16:30:00 STATE IDLE->S1_REGIME dir=SHORT poi=Yearly-POC"
148,RECON62-B131,90240F238A0668885E2D39BDA5271CE3C08D81B7EA1836DB77F52A42E631AF3,Tester/logs/20261009.log,884121,2026-09-02,16:30,ANCHOR_ELECT,"KI	0	16:38:47.238	Core 04	2026.09.02 16:30:00   [SRJ-EA] ANCHOR_ELECT bar=2026.09.02 16:25 action=SEED poi=Yearly-POC rank=2 tier=1 dir=SHORT"
149,RECON62-B131,90240F238A0668885E2D39BDA5271CE3C08D81B7EA1836DB77F52A42E631AF3,Tester/logs/20261009.log,884122,2026-09-02,16:30,SIDE1T_SEEDBIAS,"NG	0	16:38:47.238	Core 04	2026.09.02 16:30:00   [SRJ-EA] SIDE1T_SEEDBIAS bar=2026.09.02 16:25 dir=SHORT biasAligned=0 verdict=REJECT-BIAS-TIMING"
150,RECON62-B131,90240F238A0668885E2D39BDA5271CE3C08D81B7EA1836DB77F52A42E631AF3,Tester/logs/20261009.log,884132,2026-09-02,16:30,STATE,"GF	0	16:38:47.238	Core 04	2026.09.02 16:30:00   [SRJ-EA] 2026.09.02 16:30:00 STATE S1_REGIME->S2_LTF_ALIGN dir=SHORT poi=Yearly-POC"
151,RECON62-B131,90240F238A0668885E2D39BDA5271CE3C08D81B7EA1836DB77F52A42E631AF3,Tester/logs/20261009.log,884135,2026-09-02,16:30,STATE,"FK	0	16:38:47.238	Core 04	2026.09.02 16:30:00   [SRJ-EA] 2026.09.02 16:30:00 STATE S2_LTF_ALIGN->S3_ZONE_WAIT dir=SHORT poi=Yearly-POC"
152,RECON62-B131,90240F238A0668885E2D39BDA5271CE3C08D81B7EA1836DB77F52A42E631AF3,Tester/logs/20261009.log,884138,2026-09-02,16:30,ZONEID,"NJ	0	16:38:47.238	Core 04	2026.09.02 16:30:00   [SRJ-EA] ZONEID bar=2026.09.02 16:25 site=S3PICK xobId=2706 fvgId=0"
153,RECON62-B131,90240F238A0668885E2D39BDA5271CE3C08D81B7EA1836DB77F52A42E631AF3,Tester/logs/20261009.log,884139,2026-09-02,16:30,XOBPROMO,"HI	0	16:38:47.238	Core 04	2026.09.02 16:30:00   [SRJ-EA] XOBPROMO bar=2026.09.02 16:25 site=S3PICK xobId=2706 raw=1788366000.0 promoT=2026.09.02 16:20"
154,RECON62-B131,90240F238A0668885E2D39BDA5271CE3C08D81B7EA1836DB77F52A42E631AF3,Tester/logs/20261009.log,884140,2026-09-02,16:30,ZONEPICK,"OE	0	16:38:47.238	Core 04	2026.09.02 16:30:00   [SRJ-EA] ZONEPICK bar=2026.09.02 16:25 dir=SHORT haveFvg=0 fvgInPlay=0 haveXob=1 xobInPlay=0 downgraded=0 fvg=--- xob=1.15781-1.15811"
155,RECON62-B131,90240F238A0668885E2D39BDA5271CE3C08D81B7EA1836DB77F52A42E631AF3,Tester/logs/20261009.log,884156,2026-09-02,16:30,INPLAYCOMMIT,"GJ	0	16:38:47.238	Core 04	2026.09.02 16:30:00   [SRJ-EA] INPLAYCOMMIT bar=2026.09.02 16:25 dir=SHORT zoneSrc=XOB zoneLo=1.15781 zoneHi=1.15811 promoT=2026.09.02 16:20 applied=1 bounded=1 scanned=181 swings=39 hits=9 firstShift=19 firstVal=1.15784 commitVia=SWING legacy=0 legacyVia=none committed=1 changed=1 haveStop=1"
156,RECON62-B131,90240F238A0668885E2D39BDA5271CE3C08D81B7EA1836DB77F52A42E631AF3,Tester/logs/20261009.log,884157,2026-09-02,16:30,STATE,"KQ	0	16:38:47.238	Core 04	2026.09.02 16:30:00   [SRJ-EA] 2026.09.02 16:30:00 STATE S3_ZONE_WAIT->S4_ARMED dir=SHORT poi=Yearly-POC"
157,RECON62-B131,90240F238A0668885E2D39BDA5271CE3C08D81B7EA1836DB77F52A42E631AF3,Tester/logs/20261009.log,884160,2026-09-02,16:30,ZONEID,"EJ	0	16:38:47.238	Core 04	2026.09.02 16:30:00   [SRJ-EA] ZONEID bar=2026.09.02 16:25 site=S4RQZ xobId=2706 fvgId=0"
158,RECON62-B131,90240F238A0668885E2D39BDA5271CE3C08D81B7EA1836DB77F52A42E631AF3,Tester/logs/20261009.log,884306,2026-09-02,16:35,CQDRECHECK,"QI	0	16:38:47.238	Core 04	2026.09.02 16:35:03   [SRJ-EA] CQDRECHECK shift=2 passA=-1.0 passB=-1.0 diff=0 bar=2026.09.02 16:25 state=S4_ARMED dir=SHORT divLatch=1 hit1=0 hit2=443 mism=0"
159,RECON62-B131,90240F238A0668885E2D39BDA5271CE3C08D81B7EA1836DB77F52A42E631AF3,Tester/logs/20261009.log,884310,2026-09-02,16:35,CONFIRMPOLL,"RK	0	16:38:47.238	Core 04	2026.09.02 16:35:03   [SRJ-EA] CONFIRMPOLL bar=2026.09.02 16:30 anchor=Yearly-POC dir=SHORT oppCandle=1 bodyDir=1 body=46pts doji=0 touchAttr=1 confirm=1 shadow=true"
160,RECON62-B131,90240F238A0668885E2D39BDA5271CE3C08D81B7EA1836DB77F52A42E631AF3,Tester/logs/20261009.log,884312,2026-09-02,16:35,ZONEID,"DQ	0	16:38:47.238	Core 04	2026.09.02 16:35:03   [SRJ-EA] ZONEID bar=2026.09.02 16:30 site=S4RQZ xobId=2554 fvgId=0"
161,RECON62-B131,90240F238A0668885E2D39BDA5271CE3C08D81B7EA1836DB77F52A42E631AF3,Tester/logs/20261009.log,884317,2026-09-02,16:35,B60C,"MD	0	16:38:47.238	Core 04	2026.09.02 16:35:03   [SRJ-EA] B60C bar=2026.09.02 16:30 dir=SHORT poi=Yearly-POC rt=2026.09.02 16:25 rSh=2 rBar=2026.09.02 16:25 cSrc=BOTH xt=1 zxob=1.15956-1.15986 xpromo=2026.09.01 18:20 - C satisfied by retest and prior candles ([B-61 C2][B-129 XT])"
162,RECON62-B131,90240F238A0668885E2D39BDA5271CE3C08D81B7EA1836DB77F52A42E631AF3,Tester/logs/20261009.log,884318,2026-09-02,16:35,STATE,"IE	0	16:38:47.238	Core 04	2026.09.02 16:35:03   [SRJ-EA] 2026.09.02 16:35:03 STATE S4_ARMED->S5_GATE_CHECK dir=SHORT poi=Yearly-POC"
163,RECON62-B131,90240F238A0668885E2D39BDA5271CE3C08D81B7EA1836DB77F52A42E631AF3,Tester/logs/20261009.log,884319,2026-09-02,16:35,D130LATCH,"PH	0	16:38:47.238	Core 04	2026.09.02 16:35:03   [SRJ-EA] D130LATCH pass=2026.09.02 16:35:03 confBar=2026.09.02 16:30 dir=SHORT verdict=-1 verdictBar=2026.09.02 16:25 walkShift=2 oppPassed=2 oppBar=2026.09.02 15:20"
164,RECON62-B131,90240F238A0668885E2D39BDA5271CE3C08D81B7EA1836DB77F52A42E631AF3,Tester/logs/20261009.log,884563,2026-09-02,16:35,TP_ELECT,"QD	0	16:38:47.238	Core 04	2026.09.02 16:35:03   [SRJ-EA] TP_ELECT shadow=true entry=1.15907 sl=1.16099 tp=1.15719 R=0.98 bar=2026.09.02 16:30 latchBar=2026.09.02 16:35"
165,RECON62-B131,90240F238A0668885E2D39BDA5271CE3C08D81B7EA1836DB77F52A42E631AF3,Tester/logs/20261009.log,884568,2026-09-02,16:35,ABORT,"EO	0	16:38:47.238	Core 04	2026.09.02 16:35:03   [SRJ-EA] 2026.09.02 16:35:03 ABORT reason=TP_RR_FAIL state=S5_GATE_CHECK poi=Yearly-POC dir=SHORT"
166,RECON62-B131,90240F238A0668885E2D39BDA5271CE3C08D81B7EA1836DB77F52A42E631AF3,Tester/logs/20261009.log,884569,2026-09-02,16:35,A6REFUSED,"OO	0	16:38:47.238	Core 04	2026.09.02 16:35:03   [SRJ-EA] A6REFUSED class=ABSENT_DECLINED bar=2026.09.02 16:35 state=S5_GATE_CHECK dir=SHORT predicate=TP_RR_FAIL"
167,RECON62-B131,90240F238A0668885E2D39BDA5271CE3C08D81B7EA1836DB77F52A42E631AF3,Tester/logs/20261009.log,884571,2026-09-02,16:35,STATE,"NE	0	16:38:47.238	Core 04	2026.09.02 16:35:03   [SRJ-EA] 2026.09.02 16:35:03 STATE S5_GATE_CHECK->ABORT dir=SHORT poi=Yearly-POC"
168,RECON62-B131,90240F238A0668885E2D39BDA5271CE3C08D81B7EA1836DB77F52A42E631AF3,Tester/logs/20261009.log,884619,2026-09-02,17:05,CONFIRMPOLL,"LF	0	16:38:47.238	Core 04	2026.09.02 17:05:00   [SRJ-EA] CONFIRMPOLL bar=2026.09.02 17:00 anchor=Yearly-POC dir=LONG oppCandle=0 bodyDir=0 body=25pts doji=0 touchAttr=0 confirm=0 shadow=true"
169,RECON62-B131,90240F238A0668885E2D39BDA5271CE3C08D81B7EA1836DB77F52A42E631AF3,Tester/logs/20261009.log,884621,2026-09-02,17:05,STATE,"IE	0	16:38:47.238	Core 04	2026.09.02 17:05:00   [SRJ-EA] 2026.09.02 17:05:00 STATE IDLE->S1_REGIME dir=LONG poi=Yearly-POC"
170,RECON62-B131,90240F238A0668885E2D39BDA5271CE3C08D81B7EA1836DB77F52A42E631AF3,Tester/logs/20261009.log,884622,2026-09-02,17:05,ANCHOR_ELECT,"JG	0	16:38:47.238	Core 04	2026.09.02 17:05:00   [SRJ-EA] ANCHOR_ELECT bar=2026.09.02 17:00 action=SEED poi=Yearly-POC rank=2 tier=1 dir=LONG"
171,RECON62-B131,90240F238A0668885E2D39BDA5271CE3C08D81B7EA1836DB77F52A42E631AF3,Tester/logs/20261009.log,884623,2026-09-02,17:05,SIDE1T_SEEDBIAS,"ID	0	16:38:47.238	Core 04	2026.09.02 17:05:00   [SRJ-EA] SIDE1T_SEEDBIAS bar=2026.09.02 17:00 dir=LONG biasAligned=1 verdict=CONSIDER"
172,RECON62-B131,90240F238A0668885E2D39BDA5271CE3C08D81B7EA1836DB77F52A42E631AF3,Tester/logs/20261009.log,884631,2026-09-02,17:05,STATE,"CJ	0	16:38:47.238	Core 04	2026.09.02 17:05:00   [SRJ-EA] 2026.09.02 17:05:00 STATE S1_REGIME->S2_LTF_ALIGN dir=LONG poi=Yearly-POC"
173,RECON62-B131,90240F238A0668885E2D39BDA5271CE3C08D81B7EA1836DB77F52A42E631AF3,Tester/logs/20261009.log,884632,2026-09-02,17:05,STATE,"DD	0	16:38:47.238	Core 04	2026.09.02 17:05:00   [SRJ-EA] 2026.09.02 17:05:00 STATE S2_LTF_ALIGN->S3_ZONE_WAIT dir=LONG poi=Yearly-POC"
174,RECON62-B131,90240F238A0668885E2D39BDA5271CE3C08D81B7EA1836DB77F52A42E631AF3,Tester/logs/20261009.log,884635,2026-09-02,17:05,ZONEID,"QI	0	16:38:47.238	Core 04	2026.09.02 17:05:00   [SRJ-EA] ZONEID bar=2026.09.02 17:00 site=S3PICK xobId=2706 fvgId=0"
175,RECON62-B131,90240F238A0668885E2D39BDA5271CE3C08D81B7EA1836DB77F52A42E631AF3,Tester/logs/20261009.log,884636,2026-09-02,17:05,XOBPROMO,"KI	0	16:38:47.238	Core 04	2026.09.02 17:05:00   [SRJ-EA] XOBPROMO bar=2026.09.02 17:00 site=S3PICK xobId=2706 raw=1788366000.0 promoT=2026.09.02 16:20"
176,RECON62-B131,90240F238A0668885E2D39BDA5271CE3C08D81B7EA1836DB77F52A42E631AF3,Tester/logs/20261009.log,884637,2026-09-02,17:05,ZONEPICK,"LH	0	16:38:47.238	Core 04	2026.09.02 17:05:00   [SRJ-EA] ZONEPICK bar=2026.09.02 17:00 dir=LONG haveFvg=0 fvgInPlay=0 haveXob=1 xobInPlay=0 downgraded=0 fvg=--- xob=1.15781-1.15811"
177,RECON62-B131,90240F238A0668885E2D39BDA5271CE3C08D81B7EA1836DB77F52A42E631AF3,Tester/logs/20261009.log,884652,2026-09-02,17:05,INPLAYCOMMIT,"GD	0	16:38:47.238	Core 04	2026.09.02 17:05:00   [SRJ-EA] INPLAYCOMMIT bar=2026.09.02 17:00 dir=LONG zoneSrc=XOB zoneLo=1.15781 zoneHi=1.15811 promoT=2026.09.02 16:20 applied=1 bounded=1 scanned=9 swings=2 hits=0 firstShift=-1 firstVal=- commitVia=none legacy=0 legacyVia=none committed=0 changed=0 haveStop=1"
178,RECON62-B131,90240F238A0668885E2D39BDA5271CE3C08D81B7EA1836DB77F52A42E631AF3,Tester/logs/20261009.log,884659,2026-09-02,17:10,FRESHSKIP,"KG	0	16:38:47.238	Core 04	2026.09.02 17:10:02   [SRJ-EA] FRESHSKIP bar=2026.09.02 17:05 dir=LONG state=S3_ZONE_WAIT poi=Yearly-POC reason=PRE_BINDING"
179,RECON62-B131,90240F238A0668885E2D39BDA5271CE3C08D81B7EA1836DB77F52A42E631AF3,Tester/logs/20261009.log,884789,2026-09-02,17:10,CONFIRMPOLL,"EH	0	16:38:47.238	Core 04	2026.09.02 17:10:02   [SRJ-EA] CONFIRMPOLL bar=2026.09.02 17:05 anchor=Yearly-POC dir=LONG oppCandle=1 bodyDir=0 body=67pts doji=0 touchAttr=1 confirm=0 shadow=true"
180,RECON62-B131,90240F238A0668885E2D39BDA5271CE3C08D81B7EA1836DB77F52A42E631AF3,Tester/logs/20261009.log,884791,2026-09-02,17:10,ZONEID,"DO	0	16:38:47.238	Core 04	2026.09.02 17:10:02   [SRJ-EA] ZONEID bar=2026.09.02 17:05 site=S3PICK xobId=2706 fvgId=0"
181,RECON62-B131,90240F238A0668885E2D39BDA5271CE3C08D81B7EA1836DB77F52A42E631AF3,Tester/logs/20261009.log,884792,2026-09-02,17:10,XOBPROMO,"RJ	0	16:38:47.238	Core 04	2026.09.02 17:10:02   [SRJ-EA] XOBPROMO bar=2026.09.02 17:05 site=S3PICK xobId=2706 raw=1788366000.0 promoT=2026.09.02 16:20"
182,RECON62-B131,90240F238A0668885E2D39BDA5271CE3C08D81B7EA1836DB77F52A42E631AF3,Tester/logs/20261009.log,884793,2026-09-02,17:10,ZONEPICK,"QM	0	16:38:47.238	Core 04	2026.09.02 17:10:02   [SRJ-EA] ZONEPICK bar=2026.09.02 17:05 dir=LONG haveFvg=0 fvgInPlay=0 haveXob=1 xobInPlay=0 downgraded=0 fvg=--- xob=1.15781-1.15811"
183,RECON62-B131,90240F238A0668885E2D39BDA5271CE3C08D81B7EA1836DB77F52A42E631AF3,Tester/logs/20261009.log,884802,2026-09-02,17:10,INPLAYCOMMIT,"NH	0	16:38:47.238	Core 04	2026.09.02 17:10:02   [SRJ-EA] INPLAYCOMMIT bar=2026.09.02 17:05 dir=LONG zoneSrc=XOB zoneLo=1.15781 zoneHi=1.15811 promoT=2026.09.02 16:20 applied=1 bounded=1 scanned=10 swings=2 hits=0 firstShift=-1 firstVal=- commitVia=none legacy=0 legacyVia=none committed=0 changed=0 haveStop=1"
184,RECON62-B131,90240F238A0668885E2D39BDA5271CE3C08D81B7EA1836DB77F52A42E631AF3,Tester/logs/20261009.log,884812,2026-09-02,17:15,FRESHSKIP,"KO	0	16:38:47.238	Core 04	2026.09.02 17:15:01   [SRJ-EA] FRESHSKIP bar=2026.09.02 17:10 dir=LONG state=S3_ZONE_WAIT poi=Yearly-POC reason=PRE_BINDING"
185,RECON62-B131,90240F238A0668885E2D39BDA5271CE3C08D81B7EA1836DB77F52A42E631AF3,Tester/logs/20261009.log,884939,2026-09-02,17:15,CQDRECHECK,"HI	0	16:38:47.238	Core 04	2026.09.02 17:15:01   [SRJ-EA] CQDRECHECK shift=2 passA=2.0 passB=2.0 diff=0 bar=2026.09.02 17:05 state=S3_ZONE_WAIT dir=LONG divLatch=1 hit1=0 hit2=444 mism=0"
186,RECON62-B131,90240F238A0668885E2D39BDA5271CE3C08D81B7EA1836DB77F52A42E631AF3,Tester/logs/20261009.log,884946,2026-09-02,17:15,CONFIRMPOLL,"GL	0	16:38:47.238	Core 04	2026.09.02 17:15:01   [SRJ-EA] CONFIRMPOLL bar=2026.09.02 17:10 anchor=Yearly-POC dir=LONG oppCandle=1 bodyDir=0 body=12pts doji=0 touchAttr=1 confirm=0 shadow=true"
187,RECON62-B131,90240F238A0668885E2D39BDA5271CE3C08D81B7EA1836DB77F52A42E631AF3,Tester/logs/20261009.log,884949,2026-09-02,17:15,ZONEID,"JM	0	16:38:47.238	Core 04	2026.09.02 17:15:01   [SRJ-EA] ZONEID bar=2026.09.02 17:10 site=S3PICK xobId=2706 fvgId=0"
188,RECON62-B131,90240F238A0668885E2D39BDA5271CE3C08D81B7EA1836DB77F52A42E631AF3,Tester/logs/20261009.log,884950,2026-09-02,17:15,XOBPROMO,"DL	0	16:38:47.238	Core 04	2026.09.02 17:15:01   [SRJ-EA] XOBPROMO bar=2026.09.02 17:10 site=S3PICK xobId=2706 raw=1788366000.0 promoT=2026.09.02 16:20"
189,RECON62-B131,90240F238A0668885E2D39BDA5271CE3C08D81B7EA1836DB77F52A42E631AF3,Tester/logs/20261009.log,884951,2026-09-02,17:15,ZONEPICK,"CS	0	16:38:47.238	Core 04	2026.09.02 17:15:01   [SRJ-EA] ZONEPICK bar=2026.09.02 17:10 dir=LONG haveFvg=0 fvgInPlay=0 haveXob=1 xobInPlay=0 downgraded=0 fvg=--- xob=1.15781-1.15811"
190,RECON62-B131,90240F238A0668885E2D39BDA5271CE3C08D81B7EA1836DB77F52A42E631AF3,Tester/logs/20261009.log,884960,2026-09-02,17:15,INPLAYCOMMIT,"GJ	0	16:38:47.238	Core 04	2026.09.02 17:15:01   [SRJ-EA] INPLAYCOMMIT bar=2026.09.02 17:10 dir=LONG zoneSrc=XOB zoneLo=1.15781 zoneHi=1.15811 promoT=2026.09.02 16:20 applied=1 bounded=1 scanned=11 swings=2 hits=0 firstShift=-1 firstVal=- commitVia=none legacy=0 legacyVia=none committed=0 changed=0 haveStop=1"
191,RECON62-B131,90240F238A0668885E2D39BDA5271CE3C08D81B7EA1836DB77F52A42E631AF3,Tester/logs/20261009.log,884967,2026-09-02,17:20,FRESHSKIP,"EQ	0	16:38:47.238	Core 04	2026.09.02 17:20:00   [SRJ-EA] FRESHSKIP bar=2026.09.02 17:15 dir=LONG state=S3_ZONE_WAIT poi=Yearly-POC reason=PRE_BINDING"
192,RECON62-B131,90240F238A0668885E2D39BDA5271CE3C08D81B7EA1836DB77F52A42E631AF3,Tester/logs/20261009.log,885097,2026-09-02,17:20,CONFIRMPOLL,"DL	0	16:38:47.238	Core 04	2026.09.02 17:20:00   [SRJ-EA] CONFIRMPOLL bar=2026.09.02 17:15 anchor=Yearly-POC dir=LONG oppCandle=1 bodyDir=0 body=21pts doji=0 touchAttr=0 confirm=0 shadow=true"
193,RECON62-B131,90240F238A0668885E2D39BDA5271CE3C08D81B7EA1836DB77F52A42E631AF3,Tester/logs/20261009.log,885099,2026-09-02,17:20,ZONEID,"DJ	0	16:38:47.238	Core 04	2026.09.02 17:20:00   [SRJ-EA] ZONEID bar=2026.09.02 17:15 site=S3PICK xobId=2706 fvgId=0"
194,RECON62-B131,90240F238A0668885E2D39BDA5271CE3C08D81B7EA1836DB77F52A42E631AF3,Tester/logs/20261009.log,885100,2026-09-02,17:20,XOBPROMO,"RI	0	16:38:47.238	Core 04	2026.09.02 17:20:00   [SRJ-EA] XOBPROMO bar=2026.09.02 17:15 site=S3PICK xobId=2706 raw=1788366000.0 promoT=2026.09.02 16:20"
195,RECON62-B131,90240F238A0668885E2D39BDA5271CE3C08D81B7EA1836DB77F52A42E631AF3,Tester/logs/20261009.log,885101,2026-09-02,17:20,ZONEPICK,"QH	0	16:38:47.238	Core 04	2026.09.02 17:20:00   [SRJ-EA] ZONEPICK bar=2026.09.02 17:15 dir=LONG haveFvg=0 fvgInPlay=0 haveXob=1 xobInPlay=0 downgraded=0 fvg=--- xob=1.15781-1.15811"
196,RECON62-B131,90240F238A0668885E2D39BDA5271CE3C08D81B7EA1836DB77F52A42E631AF3,Tester/logs/20261009.log,885110,2026-09-02,17:20,INPLAYCOMMIT,"LO	0	16:38:47.238	Core 04	2026.09.02 17:20:00   [SRJ-EA] INPLAYCOMMIT bar=2026.09.02 17:15 dir=LONG zoneSrc=XOB zoneLo=1.15781 zoneHi=1.15811 promoT=2026.09.02 16:20 applied=1 bounded=1 scanned=12 swings=2 hits=0 firstShift=-1 firstVal=- commitVia=none legacy=0 legacyVia=none committed=0 changed=0 haveStop=1"
197,RECON62-B131,90240F238A0668885E2D39BDA5271CE3C08D81B7EA1836DB77F52A42E631AF3,Tester/logs/20261009.log,885123,2026-09-02,17:25,FRESHSKIP,"HK	0	16:38:47.238	Core 04	2026.09.02 17:25:00   [SRJ-EA] FRESHSKIP bar=2026.09.02 17:20 dir=LONG state=S3_ZONE_WAIT poi=Yearly-POC reason=PRE_BINDING"
198,RECON62-B131,90240F238A0668885E2D39BDA5271CE3C08D81B7EA1836DB77F52A42E631AF3,Tester/logs/20261009.log,885255,2026-09-02,17:25,CONFIRMPOLL,"ID	0	16:38:47.238	Core 04	2026.09.02 17:25:00   [SRJ-EA] CONFIRMPOLL bar=2026.09.02 17:20 anchor=Yearly-POC dir=LONG oppCandle=1 bodyDir=0 body=18pts doji=0 touchAttr=0 confirm=0 shadow=true"
199,RECON62-B131,90240F238A0668885E2D39BDA5271CE3C08D81B7EA1836DB77F52A42E631AF3,Tester/logs/20261009.log,885258,2026-09-02,17:25,ABORT,"NF	0	16:38:47.238	Core 04	2026.09.02 17:25:00   [SRJ-EA] 2026.09.02 17:25:00 ABORT reason=LTF_MISALIGN state=S3_ZONE_WAIT poi=Yearly-POC dir=LONG"
200,RECON62-B131,90240F238A0668885E2D39BDA5271CE3C08D81B7EA1836DB77F52A42E631AF3,Tester/logs/20261009.log,885259,2026-09-02,17:25,A6REFUSED,"ME	0	16:38:47.238	Core 04	2026.09.02 17:25:00   [SRJ-EA] A6REFUSED class=ABSENT_DECLINED bar=2026.09.02 17:25 state=S3_ZONE_WAIT dir=LONG predicate=LTF_MISALIGN"
201,RECON62-B131,90240F238A0668885E2D39BDA5271CE3C08D81B7EA1836DB77F52A42E631AF3,Tester/logs/20261009.log,885260,2026-09-02,17:25,STATE,"DO	0	16:38:47.238	Core 04	2026.09.02 17:25:00   [SRJ-EA] 2026.09.02 17:25:00 STATE S3_ZONE_WAIT->ABORT dir=LONG poi=Yearly-POC"
202,RECON62-B131,90240F238A0668885E2D39BDA5271CE3C08D81B7EA1836DB77F52A42E631AF3,Tester/logs/20261009.log,885267,2026-09-02,17:30,CQDRECHECK,"HD	0	16:38:47.238	Core 04	2026.09.02 17:30:00   [SRJ-EA] CQDRECHECK shift=2 passA=2.0 passB=2.0 diff=0 bar=2026.09.02 17:20 state=IDLE dir=NONE divLatch=0 hit1=0 hit2=445 mism=0"
203,RECON62-B131,90240F238A0668885E2D39BDA5271CE3C08D81B7EA1836DB77F52A42E631AF3,Tester/logs/20261009.log,885272,2026-09-02,17:30,CONFIRMPOLL,"QM	0	16:38:47.238	Core 04	2026.09.02 17:30:00   [SRJ-EA] CONFIRMPOLL bar=2026.09.02 17:25 anchor=Monthly-POC dir=SHORT oppCandle=0 bodyDir=0 body=11pts doji=0 touchAttr=0 confirm=0 shadow=true"
204,RECON62-B131,90240F238A0668885E2D39BDA5271CE3C08D81B7EA1836DB77F52A42E631AF3,Tester/logs/20261009.log,885274,2026-09-02,17:30,STATE,"NM	0	16:38:47.238	Core 04	2026.09.02 17:30:00   [SRJ-EA] 2026.09.02 17:30:00 STATE IDLE->S1_REGIME dir=SHORT poi=Monthly-POC"
205,RECON62-B131,90240F238A0668885E2D39BDA5271CE3C08D81B7EA1836DB77F52A42E631AF3,Tester/logs/20261009.log,885275,2026-09-02,17:30,ANCHOR_ELECT,"LN	0	16:38:47.238	Core 04	2026.09.02 17:30:00   [SRJ-EA] ANCHOR_ELECT bar=2026.09.02 17:25 action=SEED poi=Monthly-POC rank=6 tier=3 dir=SHORT"
206,RECON62-B131,90240F238A0668885E2D39BDA5271CE3C08D81B7EA1836DB77F52A42E631AF3,Tester/logs/20261009.log,885276,2026-09-02,17:30,SIDE1T_SEEDBIAS,"PO	0	16:38:47.238	Core 04	2026.09.02 17:30:00   [SRJ-EA] SIDE1T_SEEDBIAS bar=2026.09.02 17:25 dir=SHORT biasAligned=1 verdict=CONSIDER"
207,RECON62-B131,90240F238A0668885E2D39BDA5271CE3C08D81B7EA1836DB77F52A42E631AF3,Tester/logs/20261009.log,885298,2026-09-02,17:35,CONFIRMPOLL,"JR	0	16:38:47.238	Core 04	2026.09.02 17:35:00   [SRJ-EA] CONFIRMPOLL bar=2026.09.02 17:30 anchor=Monthly-VWAP dir=LONG oppCandle=0 bodyDir=0 body=0pts doji=1 touchAttr=1 confirm=0 shadow=true"
208,RECON62-B131,90240F238A0668885E2D39BDA5271CE3C08D81B7EA1836DB77F52A42E631AF3,Tester/logs/20261009.log,885300,2026-09-02,17:35,STATE,"HJ	0	16:38:47.238	Core 04	2026.09.02 17:35:00   [SRJ-EA] 2026.09.02 17:35:00 STATE S1_REGIME->S2_LTF_ALIGN dir=LONG poi=Monthly-VWAP"
209,RECON62-B131,90240F238A0668885E2D39BDA5271CE3C08D81B7EA1836DB77F52A42E631AF3,Tester/logs/20261009.log,885303,2026-09-02,17:35,STATE,"IF	0	16:38:47.238	Core 04	2026.09.02 17:35:00   [SRJ-EA] 2026.09.02 17:35:00 STATE S2_LTF_ALIGN->S3_ZONE_WAIT dir=LONG poi=Monthly-VWAP"
210,RECON62-B131,90240F238A0668885E2D39BDA5271CE3C08D81B7EA1836DB77F52A42E631AF3,Tester/logs/20261009.log,885306,2026-09-02,17:35,ZONEID,"NH	0	16:38:47.238	Core 04	2026.09.02 17:35:00   [SRJ-EA] ZONEID bar=2026.09.02 17:30 site=S3PICK xobId=2495 fvgId=0"
211,RECON62-B131,90240F238A0668885E2D39BDA5271CE3C08D81B7EA1836DB77F52A42E631AF3,Tester/logs/20261009.log,885307,2026-09-02,17:35,XOBPROMO,"RK	0	16:38:47.238	Core 04	2026.09.02 17:35:00   [SRJ-EA] XOBPROMO bar=2026.09.02 17:30 site=S3PICK xobId=2495 raw=1788254100.0 promoT=2026.09.01 09:15"
212,RECON62-B131,90240F238A0668885E2D39BDA5271CE3C08D81B7EA1836DB77F52A42E631AF3,Tester/logs/20261009.log,885308,2026-09-02,17:35,ZONEPICK,"FN	0	16:38:47.238	Core 04	2026.09.02 17:35:00   [SRJ-EA] ZONEPICK bar=2026.09.02 17:30 dir=LONG haveFvg=0 fvgInPlay=0 haveXob=1 xobInPlay=0 downgraded=0 fvg=--- xob=1.16081-1.16100"
213,RECON62-B131,90240F238A0668885E2D39BDA5271CE3C08D81B7EA1836DB77F52A42E631AF3,Tester/logs/20261009.log,885323,2026-09-02,17:35,INPLAYCOMMIT,"FP	0	16:38:47.238	Core 04	2026.09.02 17:35:00   [SRJ-EA] INPLAYCOMMIT bar=2026.09.02 17:30 dir=LONG zoneSrc=XOB zoneLo=1.16081 zoneHi=1.16100 promoT=2026.09.01 09:15 applied=1 bounded=1 scanned=2 swings=1 hits=0 firstShift=-1 firstVal=- commitVia=none legacy=0 legacyVia=none committed=0 changed=0 haveStop=1"
214,RECON62-B131,90240F238A0668885E2D39BDA5271CE3C08D81B7EA1836DB77F52A42E631AF3,Tester/logs/20261009.log,885333,2026-09-02,17:40,FRESHSKIP,"KQ	0	16:38:47.238	Core 04	2026.09.02 17:40:01   [SRJ-EA] FRESHSKIP bar=2026.09.02 17:35 dir=LONG state=S3_ZONE_WAIT poi=Monthly-VWAP reason=PRE_BINDING"
215,RECON62-B131,90240F238A0668885E2D39BDA5271CE3C08D81B7EA1836DB77F52A42E631AF3,Tester/logs/20261009.log,885463,2026-09-02,17:40,CONFIRMPOLL,"JO	0	16:38:47.238	Core 04	2026.09.02 17:40:01   [SRJ-EA] CONFIRMPOLL bar=2026.09.02 17:35 anchor=Monthly-VWAP dir=LONG oppCandle=0 bodyDir=0 body=3pts doji=0 touchAttr=1 confirm=0 shadow=true"
216,RECON62-B131,90240F238A0668885E2D39BDA5271CE3C08D81B7EA1836DB77F52A42E631AF3,Tester/logs/20261009.log,885466,2026-09-02,17:40,ABORT,"MO	0	16:38:47.238	Core 04	2026.09.02 17:40:01   [SRJ-EA] 2026.09.02 17:40:01 ABORT reason=LTF_MISALIGN state=S3_ZONE_WAIT poi=Monthly-VWAP dir=LONG"
217,RECON62-B131,90240F238A0668885E2D39BDA5271CE3C08D81B7EA1836DB77F52A42E631AF3,Tester/logs/20261009.log,885467,2026-09-02,17:40,A6REFUSED,"LO	0	16:38:47.238	Core 04	2026.09.02 17:40:01   [SRJ-EA] A6REFUSED class=ABSENT_DECLINED bar=2026.09.02 17:40 state=S3_ZONE_WAIT dir=LONG predicate=LTF_MISALIGN"
218,RECON62-B131,90240F238A0668885E2D39BDA5271CE3C08D81B7EA1836DB77F52A42E631AF3,Tester/logs/20261009.log,885468,2026-09-02,17:40,STATE,"CF	0	16:38:47.238	Core 04	2026.09.02 17:40:01   [SRJ-EA] 2026.09.02 17:40:01 STATE S3_ZONE_WAIT->ABORT dir=LONG poi=Monthly-VWAP"
219,RECON62-B131,90240F238A0668885E2D39BDA5271CE3C08D81B7EA1836DB77F52A42E631AF3,Tester/logs/20261009.log,885479,2026-09-02,17:45,CONFIRMPOLL,"IO	0	16:38:47.238	Core 04	2026.09.02 17:45:00   [SRJ-EA] CONFIRMPOLL bar=2026.09.02 17:40 anchor=Monthly-POC dir=SHORT oppCandle=0 bodyDir=1 body=8pts doji=0 touchAttr=0 confirm=0 shadow=true"
220,RECON62-B131,90240F238A0668885E2D39BDA5271CE3C08D81B7EA1836DB77F52A42E631AF3,Tester/logs/20261009.log,885481,2026-09-02,17:45,STATE,"NL	0	16:38:47.238	Core 04	2026.09.02 17:45:00   [SRJ-EA] 2026.09.02 17:45:00 STATE IDLE->S1_REGIME dir=SHORT poi=Monthly-POC"
221,RECON62-B131,90240F238A0668885E2D39BDA5271CE3C08D81B7EA1836DB77F52A42E631AF3,Tester/logs/20261009.log,885482,2026-09-02,17:45,ANCHOR_ELECT,"KM	0	16:38:47.238	Core 04	2026.09.02 17:45:00   [SRJ-EA] ANCHOR_ELECT bar=2026.09.02 17:40 action=SEED poi=Monthly-POC rank=6 tier=3 dir=SHORT"
222,RECON62-B131,90240F238A0668885E2D39BDA5271CE3C08D81B7EA1836DB77F52A42E631AF3,Tester/logs/20261009.log,885483,2026-09-02,17:45,SIDE1T_SEEDBIAS,"OP	0	16:38:47.238	Core 04	2026.09.02 17:45:00   [SRJ-EA] SIDE1T_SEEDBIAS bar=2026.09.02 17:40 dir=SHORT biasAligned=1 verdict=CONSIDER"
223,RECON62-B131,90240F238A0668885E2D39BDA5271CE3C08D81B7EA1836DB77F52A42E631AF3,Tester/logs/20261009.log,885506,2026-09-02,17:50,CONFIRMPOLL,"RR	0	16:38:47.238	Core 04	2026.09.02 17:50:01   [SRJ-EA] CONFIRMPOLL bar=2026.09.02 17:45 anchor=Monthly-VWAP dir=LONG oppCandle=1 bodyDir=1 body=6pts doji=0 touchAttr=1 confirm=1 shadow=true"
224,RECON62-B131,90240F238A0668885E2D39BDA5271CE3C08D81B7EA1836DB77F52A42E631AF3,Tester/logs/20261009.log,885508,2026-09-02,17:50,STATE,"JK	0	16:38:47.238	Core 04	2026.09.02 17:50:01   [SRJ-EA] 2026.09.02 17:50:01 STATE S1_REGIME->S2_LTF_ALIGN dir=LONG poi=Monthly-VWAP"
225,RECON62-B131,90240F238A0668885E2D39BDA5271CE3C08D81B7EA1836DB77F52A42E631AF3,Tester/logs/20261009.log,885511,2026-09-02,17:50,STATE,"CI	0	16:38:47.238	Core 04	2026.09.02 17:50:01   [SRJ-EA] 2026.09.02 17:50:01 STATE S2_LTF_ALIGN->S3_ZONE_WAIT dir=LONG poi=Monthly-VWAP"
226,RECON62-B131,90240F238A0668885E2D39BDA5271CE3C08D81B7EA1836DB77F52A42E631AF3,Tester/logs/20261009.log,885515,2026-09-02,17:50,ZONEID,"JG	0	16:38:47.238	Core 04	2026.09.02 17:50:01   [SRJ-EA] ZONEID bar=2026.09.02 17:45 site=S3PICK xobId=2495 fvgId=0"
227,RECON62-B131,90240F238A0668885E2D39BDA5271CE3C08D81B7EA1836DB77F52A42E631AF3,Tester/logs/20261009.log,885516,2026-09-02,17:50,XOBPROMO,"NS	0	16:38:47.238	Core 04	2026.09.02 17:50:01   [SRJ-EA] XOBPROMO bar=2026.09.02 17:45 site=S3PICK xobId=2495 raw=1788254100.0 promoT=2026.09.01 09:15"
228,RECON62-B131,90240F238A0668885E2D39BDA5271CE3C08D81B7EA1836DB77F52A42E631AF3,Tester/logs/20261009.log,885517,2026-09-02,17:50,ZONEPICK,"JF	0	16:38:47.238	Core 04	2026.09.02 17:50:01   [SRJ-EA] ZONEPICK bar=2026.09.02 17:45 dir=LONG haveFvg=0 fvgInPlay=0 haveXob=1 xobInPlay=0 downgraded=0 fvg=--- xob=1.16081-1.16100"
229,RECON62-B131,90240F238A0668885E2D39BDA5271CE3C08D81B7EA1836DB77F52A42E631AF3,Tester/logs/20261009.log,885532,2026-09-02,17:50,INPLAYCOMMIT,"EH	0	16:38:47.238	Core 04	2026.09.02 17:50:01   [SRJ-EA] INPLAYCOMMIT bar=2026.09.02 17:45 dir=LONG zoneSrc=XOB zoneLo=1.16081 zoneHi=1.16100 promoT=2026.09.01 09:15 applied=1 bounded=1 scanned=3 swings=1 hits=0 firstShift=-1 firstVal=- commitVia=none legacy=0 legacyVia=none committed=0 changed=0 haveStop=1"
230,RECON62-B131,90240F238A0668885E2D39BDA5271CE3C08D81B7EA1836DB77F52A42E631AF3,Tester/logs/20261009.log,885535,2026-09-02,17:50,B60C,"ML	0	16:38:47.238	Core 04	2026.09.02 17:50:01   [SRJ-EA] B60C bar=2026.09.02 17:45 dir=LONG poi=Monthly-VWAP rt=2026.09.02 17:40 rSh=2 rBar=2026.09.02 17:40 cSrc=BOTH xt=0 zxob=1.16081-1.16100 xpromo=2026.09.01 09:15 - C satisfied by retest and prior candles ([B-61 C2][B-129 XT])"
231,RECON62-B131,90240F238A0668885E2D39BDA5271CE3C08D81B7EA1836DB77F52A42E631AF3,Tester/logs/20261009.log,885537,2026-09-02,17:50,STATE,"PG	0	16:38:47.238	Core 04	2026.09.02 17:50:01   [SRJ-EA] 2026.09.02 17:50:01 STATE S3_ZONE_WAIT->S5_GATE_CHECK dir=LONG poi=Monthly-VWAP"
232,RECON62-B131,90240F238A0668885E2D39BDA5271CE3C08D81B7EA1836DB77F52A42E631AF3,Tester/logs/20261009.log,885539,2026-09-02,17:50,D130LATCH,"EF	0	16:38:47.238	Core 04	2026.09.02 17:50:01   [SRJ-EA] D130LATCH pass=2026.09.02 17:50:01 confBar=2026.09.02 17:45 dir=LONG verdict=2 verdictBar=2026.09.02 17:20 walkShift=6 oppPassed=-1 oppBar=2026.09.02 16:25"
233,RECON62-B131,90240F238A0668885E2D39BDA5271CE3C08D81B7EA1836DB77F52A42E631AF3,Tester/logs/20261009.log,885725,2026-09-02,17:50,TP_ELECT,"DE	0	16:38:47.238	Core 04	2026.09.02 17:50:01   [SRJ-EA] TP_ELECT shadow=true entry=1.15912 sl=1.15886 tp=1.15935 R=0.88 bar=2026.09.02 17:45 latchBar=2026.09.02 17:50"
234,RECON62-B131,90240F238A0668885E2D39BDA5271CE3C08D81B7EA1836DB77F52A42E631AF3,Tester/logs/20261009.log,885730,2026-09-02,17:50,ABORT,"RR	0	16:38:47.238	Core 04	2026.09.02 17:50:01   [SRJ-EA] 2026.09.02 17:50:01 ABORT reason=TP_RR_FAIL state=S5_GATE_CHECK poi=Monthly-VWAP dir=LONG"
235,RECON62-B131,90240F238A0668885E2D39BDA5271CE3C08D81B7EA1836DB77F52A42E631AF3,Tester/logs/20261009.log,885731,2026-09-02,17:50,A6REFUSED,"QM	0	16:38:47.238	Core 04	2026.09.02 17:50:01   [SRJ-EA] A6REFUSED class=ABSENT_DECLINED bar=2026.09.02 17:50 state=S5_GATE_CHECK dir=LONG predicate=TP_RR_FAIL"
236,RECON62-B131,90240F238A0668885E2D39BDA5271CE3C08D81B7EA1836DB77F52A42E631AF3,Tester/logs/20261009.log,885732,2026-09-02,17:50,STATE,"KJ	0	16:38:47.238	Core 04	2026.09.02 17:50:01   [SRJ-EA] 2026.09.02 17:50:01 STATE S5_GATE_CHECK->ABORT dir=LONG poi=Monthly-VWAP"
237,RECON62-B131,90240F238A0668885E2D39BDA5271CE3C08D81B7EA1836DB77F52A42E631AF3,Tester/logs/20261009.log,885739,2026-09-02,17:55,CQDRECHECK,"KJ	0	16:38:47.238	Core 04	2026.09.02 17:55:00   [SRJ-EA] CQDRECHECK shift=2 passA=2.0 passB=2.0 diff=0 bar=2026.09.02 17:45 state=IDLE dir=NONE divLatch=0 hit1=0 hit2=446 mism=0"
238,RECON62-B131,90240F238A0668885E2D39BDA5271CE3C08D81B7EA1836DB77F52A42E631AF3,Tester/logs/20261009.log,885744,2026-09-02,17:55,CONFIRMPOLL,"JI	0	16:38:47.238	Core 04	2026.09.02 17:55:00   [SRJ-EA] CONFIRMPOLL bar=2026.09.02 17:50 anchor=Monthly-POC dir=SHORT oppCandle=1 bodyDir=0 body=0pts doji=1 touchAttr=0 confirm=0 shadow=true"
239,RECON62-B131,90240F238A0668885E2D39BDA5271CE3C08D81B7EA1836DB77F52A42E631AF3,Tester/logs/20261009.log,885746,2026-09-02,17:55,STATE,"FQ	0	16:38:47.238	Core 04	2026.09.02 17:55:00   [SRJ-EA] 2026.09.02 17:55:00 STATE IDLE->S1_REGIME dir=SHORT poi=Monthly-POC"
240,RECON62-B131,90240F238A0668885E2D39BDA5271CE3C08D81B7EA1836DB77F52A42E631AF3,Tester/logs/20261009.log,885747,2026-09-02,17:55,ANCHOR_ELECT,"CS	0	16:38:47.238	Core 04	2026.09.02 17:55:00   [SRJ-EA] ANCHOR_ELECT bar=2026.09.02 17:50 action=SEED poi=Monthly-POC rank=6 tier=3 dir=SHORT"
241,RECON62-B131,90240F238A0668885E2D39BDA5271CE3C08D81B7EA1836DB77F52A42E631AF3,Tester/logs/20261009.log,885748,2026-09-02,17:55,SIDE1T_SEEDBIAS,"GJ	0	16:38:47.238	Core 04	2026.09.02 17:55:00   [SRJ-EA] SIDE1T_SEEDBIAS bar=2026.09.02 17:50 dir=SHORT biasAligned=1 verdict=CONSIDER"
242,RECON62-B131,90240F238A0668885E2D39BDA5271CE3C08D81B7EA1836DB77F52A42E631AF3,Tester/logs/20261009.log,885770,2026-09-02,18:00,CONFIRMPOLL,"RO	0	16:38:47.238	Core 04	2026.09.02 18:00:00   [SRJ-EA] CONFIRMPOLL bar=2026.09.02 17:55 anchor=Monthly-POC dir=SHORT oppCandle=0 bodyDir=0 body=23pts doji=0 touchAttr=1 confirm=0 shadow=true"
243,RECON62-B131,90240F238A0668885E2D39BDA5271CE3C08D81B7EA1836DB77F52A42E631AF3,Tester/logs/20261009.log,885791,2026-09-02,18:05,CONFIRMPOLL,"MM	0	16:38:47.238	Core 04	2026.09.02 18:05:00   [SRJ-EA] CONFIRMPOLL bar=2026.09.02 18:00 anchor=Monthly-POC dir=LONG oppCandle=0 bodyDir=1 body=1pts doji=0 touchAttr=1 confirm=0 shadow=true"
244,RECON62-B131,90240F238A0668885E2D39BDA5271CE3C08D81B7EA1836DB77F52A42E631AF3,Tester/logs/20261009.log,885793,2026-09-02,18:05,STATE,"NI	0	16:38:47.238	Core 04	2026.09.02 18:05:00   [SRJ-EA] 2026.09.02 18:05:00 STATE S1_REGIME->S2_LTF_ALIGN dir=LONG poi=Monthly-POC"
245,RECON62-B131,90240F238A0668885E2D39BDA5271CE3C08D81B7EA1836DB77F52A42E631AF3,Tester/logs/20261009.log,885794,2026-09-02,18:05,STATE,"KG	0	16:38:47.238	Core 04	2026.09.02 18:05:00   [SRJ-EA] 2026.09.02 18:05:00 STATE S2_LTF_ALIGN->S3_ZONE_WAIT dir=LONG poi=Monthly-POC"
246,RECON62-B131,90240F238A0668885E2D39BDA5271CE3C08D81B7EA1836DB77F52A42E631AF3,Tester/logs/20261009.log,885797,2026-09-02,18:05,ZONEID,"CM	0	16:38:47.238	Core 04	2026.09.02 18:05:00   [SRJ-EA] ZONEID bar=2026.09.02 18:00 site=S3PICK xobId=2706 fvgId=0"
247,RECON62-B131,90240F238A0668885E2D39BDA5271CE3C08D81B7EA1836DB77F52A42E631AF3,Tester/logs/20261009.log,885798,2026-09-02,18:05,XOBPROMO,"EL	0	16:38:47.238	Core 04	2026.09.02 18:05:00   [SRJ-EA] XOBPROMO bar=2026.09.02 18:00 site=S3PICK xobId=2706 raw=1788366000.0 promoT=2026.09.02 16:20"
248,RECON62-B131,90240F238A0668885E2D39BDA5271CE3C08D81B7EA1836DB77F52A42E631AF3,Tester/logs/20261009.log,885799,2026-09-02,18:05,ZONEPICK,"FS	0	16:38:47.238	Core 04	2026.09.02 18:05:00   [SRJ-EA] ZONEPICK bar=2026.09.02 18:00 dir=LONG haveFvg=0 fvgInPlay=0 haveXob=1 xobInPlay=0 downgraded=0 fvg=--- xob=1.15781-1.15811"
249,RECON62-B131,90240F238A0668885E2D39BDA5271CE3C08D81B7EA1836DB77F52A42E631AF3,Tester/logs/20261009.log,885814,2026-09-02,18:05,INPLAYCOMMIT,"DM	0	16:38:47.238	Core 04	2026.09.02 18:05:00   [SRJ-EA] INPLAYCOMMIT bar=2026.09.02 18:00 dir=LONG zoneSrc=XOB zoneLo=1.15781 zoneHi=1.15811 promoT=2026.09.02 16:20 applied=1 bounded=1 scanned=21 swings=5 hits=0 firstShift=-1 firstVal=- commitVia=none legacy=0 legacyVia=none committed=0 changed=0 haveStop=1"
250,RECON62-B131,90240F238A0668885E2D39BDA5271CE3C08D81B7EA1836DB77F52A42E631AF3,Tester/logs/20261009.log,885823,2026-09-02,18:10,FRESHSKIP,"DE	0	16:38:47.238	Core 04	2026.09.02 18:10:00   [SRJ-EA] FRESHSKIP bar=2026.09.02 18:05 dir=LONG state=S3_ZONE_WAIT poi=Monthly-POC reason=PRE_BINDING"
251,RECON62-B131,90240F238A0668885E2D39BDA5271CE3C08D81B7EA1836DB77F52A42E631AF3,Tester/logs/20261009.log,885952,2026-09-02,18:10,CQDRECHECK,"MO	0	16:38:47.238	Core 04	2026.09.02 18:10:00   [SRJ-EA] CQDRECHECK shift=2 passA=-1.0 passB=-1.0 diff=0 bar=2026.09.02 18:00 state=S3_ZONE_WAIT dir=LONG divLatch=0 hit1=0 hit2=447 mism=0"
252,RECON62-B131,90240F238A0668885E2D39BDA5271CE3C08D81B7EA1836DB77F52A42E631AF3,Tester/logs/20261009.log,885959,2026-09-02,18:10,CONFIRMPOLL,"QR	0	16:38:47.238	Core 04	2026.09.02 18:10:00   [SRJ-EA] CONFIRMPOLL bar=2026.09.02 18:05 anchor=Monthly-POC dir=LONG oppCandle=0 bodyDir=1 body=4pts doji=0 touchAttr=1 confirm=0 shadow=true"
253,RECON62-B131,90240F238A0668885E2D39BDA5271CE3C08D81B7EA1836DB77F52A42E631AF3,Tester/logs/20261009.log,885962,2026-09-02,18:10,ZONEID,"NH	0	16:38:47.238	Core 04	2026.09.02 18:10:00   [SRJ-EA] ZONEID bar=2026.09.02 18:05 site=S3PICK xobId=2706 fvgId=0"
254,RECON62-B131,90240F238A0668885E2D39BDA5271CE3C08D81B7EA1836DB77F52A42E631AF3,Tester/logs/20261009.log,885963,2026-09-02,18:10,XOBPROMO,"HK	0	16:38:47.238	Core 04	2026.09.02 18:10:00   [SRJ-EA] XOBPROMO bar=2026.09.02 18:05 site=S3PICK xobId=2706 raw=1788366000.0 promoT=2026.09.02 16:20"
255,RECON62-B131,90240F238A0668885E2D39BDA5271CE3C08D81B7EA1836DB77F52A42E631AF3,Tester/logs/20261009.log,885964,2026-09-02,18:10,ZONEPICK,"GN	0	16:38:47.238	Core 04	2026.09.02 18:10:00   [SRJ-EA] ZONEPICK bar=2026.09.02 18:05 dir=LONG haveFvg=0 fvgInPlay=0 haveXob=1 xobInPlay=0 downgraded=0 fvg=--- xob=1.15781-1.15811"
256,RECON62-B131,90240F238A0668885E2D39BDA5271CE3C08D81B7EA1836DB77F52A42E631AF3,Tester/logs/20261009.log,885973,2026-09-02,18:10,INPLAYCOMMIT,"JI	0	16:38:47.238	Core 04	2026.09.02 18:10:00   [SRJ-EA] INPLAYCOMMIT bar=2026.09.02 18:05 dir=LONG zoneSrc=XOB zoneLo=1.15781 zoneHi=1.15811 promoT=2026.09.02 16:20 applied=1 bounded=1 scanned=22 swings=5 hits=0 firstShift=-1 firstVal=- commitVia=none legacy=0 legacyVia=none committed=0 changed=0 haveStop=1"
257,RECON62-B131,90240F238A0668885E2D39BDA5271CE3C08D81B7EA1836DB77F52A42E631AF3,Tester/logs/20261009.log,885981,2026-09-02,18:15,FRESHSKIP,"PR	0	16:38:47.238	Core 04	2026.09.02 18:15:01   [SRJ-EA] FRESHSKIP bar=2026.09.02 18:10 dir=LONG state=S3_ZONE_WAIT poi=Monthly-POC reason=PRE_BINDING"
258,RECON62-B131,90240F238A0668885E2D39BDA5271CE3C08D81B7EA1836DB77F52A42E631AF3,Tester/logs/20261009.log,886113,2026-09-02,18:15,CONFIRMPOLL,"RS	0	16:38:47.238	Core 04	2026.09.02 18:15:01   [SRJ-EA] CONFIRMPOLL bar=2026.09.02 18:10 anchor=Monthly-POC dir=LONG oppCandle=0 bodyDir=0 body=13pts doji=0 touchAttr=1 confirm=0 shadow=true"
259,RECON62-B131,90240F238A0668885E2D39BDA5271CE3C08D81B7EA1836DB77F52A42E631AF3,Tester/logs/20261009.log,886115,2026-09-02,18:15,ZONEID,"PJ	0	16:38:47.238	Core 04	2026.09.02 18:15:01   [SRJ-EA] ZONEID bar=2026.09.02 18:10 site=S3PICK xobId=2706 fvgId=0"
260,RECON62-B131,90240F238A0668885E2D39BDA5271CE3C08D81B7EA1836DB77F52A42E631AF3,Tester/logs/20261009.log,886116,2026-09-02,18:15,XOBPROMO,"RF	0	16:38:47.238	Core 04	2026.09.02 18:15:01   [SRJ-EA] XOBPROMO bar=2026.09.02 18:10 site=S3PICK xobId=2706 raw=1788366000.0 promoT=2026.09.02 16:20"
261,RECON62-B131,90240F238A0668885E2D39BDA5271CE3C08D81B7EA1836DB77F52A42E631AF3,Tester/logs/20261009.log,886117,2026-09-02,18:15,ZONEPICK,"QI	0	16:38:47.238	Core 04	2026.09.02 18:15:01   [SRJ-EA] ZONEPICK bar=2026.09.02 18:10 dir=LONG haveFvg=0 fvgInPlay=0 haveXob=1 xobInPlay=0 downgraded=0 fvg=--- xob=1.15781-1.15811"
262,RECON62-B131,90240F238A0668885E2D39BDA5271CE3C08D81B7EA1836DB77F52A42E631AF3,Tester/logs/20261009.log,886126,2026-09-02,18:15,INPLAYCOMMIT,"OL	0	16:38:47.238	Core 04	2026.09.02 18:15:01   [SRJ-EA] INPLAYCOMMIT bar=2026.09.02 18:10 dir=LONG zoneSrc=XOB zoneLo=1.15781 zoneHi=1.15811 promoT=2026.09.02 16:20 applied=1 bounded=1 scanned=23 swings=5 hits=0 firstShift=-1 firstVal=- commitVia=none legacy=0 legacyVia=none committed=0 changed=0 haveStop=1"
263,RECON62-B131,90240F238A0668885E2D39BDA5271CE3C08D81B7EA1836DB77F52A42E631AF3,Tester/logs/20261009.log,886134,2026-09-02,18:20,FRESHSKIP,"RG	0	16:38:47.238	Core 04	2026.09.02 18:20:00   [SRJ-EA] FRESHSKIP bar=2026.09.02 18:15 dir=LONG state=S3_ZONE_WAIT poi=Monthly-POC reason=PRE_BINDING"
264,RECON62-B131,90240F238A0668885E2D39BDA5271CE3C08D81B7EA1836DB77F52A42E631AF3,Tester/logs/20261009.log,886270,2026-09-02,18:20,CONFIRMPOLL,"LF	0	16:38:47.238	Core 04	2026.09.02 18:20:00   [SRJ-EA] CONFIRMPOLL bar=2026.09.02 18:15 anchor=Monthly-POC dir=LONG oppCandle=1 bodyDir=0 body=0pts doji=1 touchAttr=1 confirm=0 shadow=true"
265,RECON62-B131,90240F238A0668885E2D39BDA5271CE3C08D81B7EA1836DB77F52A42E631AF3,Tester/logs/20261009.log,886273,2026-09-02,18:20,ZONEID,"LR	0	16:38:47.238	Core 04	2026.09.02 18:20:00   [SRJ-EA] ZONEID bar=2026.09.02 18:15 site=S3PICK xobId=2706 fvgId=0"
266,RECON62-B131,90240F238A0668885E2D39BDA5271CE3C08D81B7EA1836DB77F52A42E631AF3,Tester/logs/20261009.log,886274,2026-09-02,18:20,XOBPROMO,"JQ	0	16:38:47.238	Core 04	2026.09.02 18:20:00   [SRJ-EA] XOBPROMO bar=2026.09.02 18:15 site=S3PICK xobId=2706 raw=1788366000.0 promoT=2026.09.02 16:20"
267,RECON62-B131,90240F238A0668885E2D39BDA5271CE3C08D81B7EA1836DB77F52A42E631AF3,Tester/logs/20261009.log,886275,2026-09-02,18:20,ZONEPICK,"IP	0	16:38:47.238	Core 04	2026.09.02 18:20:00   [SRJ-EA] ZONEPICK bar=2026.09.02 18:15 dir=LONG haveFvg=0 fvgInPlay=0 haveXob=1 xobInPlay=0 downgraded=0 fvg=--- xob=1.15781-1.15811"
268,RECON62-B131,90240F238A0668885E2D39BDA5271CE3C08D81B7EA1836DB77F52A42E631AF3,Tester/logs/20261009.log,886284,2026-09-02,18:20,INPLAYCOMMIT,"FG	0	16:38:47.238	Core 04	2026.09.02 18:20:00   [SRJ-EA] INPLAYCOMMIT bar=2026.09.02 18:15 dir=LONG zoneSrc=XOB zoneLo=1.15781 zoneHi=1.15811 promoT=2026.09.02 16:20 applied=1 bounded=1 scanned=24 swings=5 hits=0 firstShift=-1 firstVal=- commitVia=none legacy=0 legacyVia=none committed=0 changed=0 haveStop=1"
269,RECON62-B131,90240F238A0668885E2D39BDA5271CE3C08D81B7EA1836DB77F52A42E631AF3,Tester/logs/20261009.log,886292,2026-09-02,18:25,FRESHSKIP,"EN	0	16:38:47.238	Core 04	2026.09.02 18:25:00   [SRJ-EA] FRESHSKIP bar=2026.09.02 18:20 dir=LONG state=S3_ZONE_WAIT poi=Monthly-POC reason=PRE_BINDING"
270,RECON62-B131,90240F238A0668885E2D39BDA5271CE3C08D81B7EA1836DB77F52A42E631AF3,Tester/logs/20261009.log,886427,2026-09-02,18:25,CONFIRMPOLL,"MG	0	16:38:47.238	Core 04	2026.09.02 18:25:00   [SRJ-EA] CONFIRMPOLL bar=2026.09.02 18:20 anchor=Monthly-POC dir=LONG oppCandle=0 bodyDir=0 body=11pts doji=0 touchAttr=1 confirm=0 shadow=true"
271,RECON62-B131,90240F238A0668885E2D39BDA5271CE3C08D81B7EA1836DB77F52A42E631AF3,Tester/logs/20261009.log,886430,2026-09-02,18:25,ZONEID,"IR	0	16:38:47.238	Core 04	2026.09.02 18:25:00   [SRJ-EA] ZONEID bar=2026.09.02 18:20 site=S3PICK xobId=2706 fvgId=0"
272,RECON62-B131,90240F238A0668885E2D39BDA5271CE3C08D81B7EA1836DB77F52A42E631AF3,Tester/logs/20261009.log,886431,2026-09-02,18:25,XOBPROMO,"CQ	0	16:38:47.238	Core 04	2026.09.02 18:25:00   [SRJ-EA] XOBPROMO bar=2026.09.02 18:20 site=S3PICK xobId=2706 raw=1788366000.0 promoT=2026.09.02 16:20"
273,RECON62-B131,90240F238A0668885E2D39BDA5271CE3C08D81B7EA1836DB77F52A42E631AF3,Tester/logs/20261009.log,886432,2026-09-02,18:25,ZONEPICK,"DP	0	16:38:47.238	Core 04	2026.09.02 18:25:00   [SRJ-EA] ZONEPICK bar=2026.09.02 18:20 dir=LONG haveFvg=0 fvgInPlay=0 haveXob=1 xobInPlay=0 downgraded=0 fvg=--- xob=1.15781-1.15811"
274,RECON62-B131,90240F238A0668885E2D39BDA5271CE3C08D81B7EA1836DB77F52A42E631AF3,Tester/logs/20261009.log,886441,2026-09-02,18:25,INPLAYCOMMIT,"HG	0	16:38:47.238	Core 04	2026.09.02 18:25:00   [SRJ-EA] INPLAYCOMMIT bar=2026.09.02 18:20 dir=LONG zoneSrc=XOB zoneLo=1.15781 zoneHi=1.15811 promoT=2026.09.02 16:20 applied=1 bounded=1 scanned=25 swings=5 hits=0 firstShift=-1 firstVal=- commitVia=none legacy=0 legacyVia=none committed=0 changed=0 haveStop=1"
275,RECON62-B131,90240F238A0668885E2D39BDA5271CE3C08D81B7EA1836DB77F52A42E631AF3,Tester/logs/20261009.log,886450,2026-09-02,18:30,FRESHSKIP,"JO	0	16:38:47.238	Core 04	2026.09.02 18:30:00   [SRJ-EA] FRESHSKIP bar=2026.09.02 18:25 dir=LONG state=S3_ZONE_WAIT poi=Monthly-POC reason=PRE_BINDING"
276,RECON62-B131,90240F238A0668885E2D39BDA5271CE3C08D81B7EA1836DB77F52A42E631AF3,Tester/logs/20261009.log,886582,2026-09-02,18:30,CONFIRMPOLL,"ON	0	16:38:47.238	Core 04	2026.09.02 18:30:00   [SRJ-EA] CONFIRMPOLL bar=2026.09.02 18:25 anchor=Monthly-POC dir=LONG oppCandle=1 bodyDir=1 body=31pts doji=0 touchAttr=0 confirm=0 shadow=true"
277,RECON62-B131,90240F238A0668885E2D39BDA5271CE3C08D81B7EA1836DB77F52A42E631AF3,Tester/logs/20261009.log,886584,2026-09-02,18:30,ZONEID,"PD	0	16:38:47.238	Core 04	2026.09.02 18:30:00   [SRJ-EA] ZONEID bar=2026.09.02 18:25 site=S3PICK xobId=2706 fvgId=0"
278,RECON62-B131,90240F238A0668885E2D39BDA5271CE3C08D81B7EA1836DB77F52A42E631AF3,Tester/logs/20261009.log,886585,2026-09-02,18:30,XOBPROMO,"RD	0	16:38:47.238	Core 04	2026.09.02 18:30:00   [SRJ-EA] XOBPROMO bar=2026.09.02 18:25 site=S3PICK xobId=2706 raw=1788366000.0 promoT=2026.09.02 16:20"
279,RECON62-B131,90240F238A0668885E2D39BDA5271CE3C08D81B7EA1836DB77F52A42E631AF3,Tester/logs/20261009.log,886586,2026-09-02,18:30,ZONEPICK,"QK	0	16:38:47.238	Core 04	2026.09.02 18:30:00   [SRJ-EA] ZONEPICK bar=2026.09.02 18:25 dir=LONG haveFvg=0 fvgInPlay=0 haveXob=1 xobInPlay=0 downgraded=0 fvg=--- xob=1.15781-1.15811"
280,RECON62-B131,90240F238A0668885E2D39BDA5271CE3C08D81B7EA1836DB77F52A42E631AF3,Tester/logs/20261009.log,886595,2026-09-02,18:30,INPLAYCOMMIT,"IR	0	16:38:47.238	Core 04	2026.09.02 18:30:00   [SRJ-EA] INPLAYCOMMIT bar=2026.09.02 18:25 dir=LONG zoneSrc=XOB zoneLo=1.15781 zoneHi=1.15811 promoT=2026.09.02 16:20 applied=1 bounded=1 scanned=26 swings=6 hits=0 firstShift=-1 firstVal=- commitVia=none legacy=0 legacyVia=none committed=0 changed=0 haveStop=1"
281,RECON62-B131,90240F238A0668885E2D39BDA5271CE3C08D81B7EA1836DB77F52A42E631AF3,Tester/logs/20261009.log,886602,2026-09-02,18:35,FRESHSKIP,"IF	0	16:38:47.238	Core 04	2026.09.02 18:35:00   [SRJ-EA] FRESHSKIP bar=2026.09.02 18:30 dir=LONG state=S3_ZONE_WAIT poi=Monthly-POC reason=PRE_BINDING"
282,RECON62-B131,90240F238A0668885E2D39BDA5271CE3C08D81B7EA1836DB77F52A42E631AF3,Tester/logs/20261009.log,886734,2026-09-02,18:35,CONFIRMPOLL,"QI	0	16:38:47.238	Core 04	2026.09.02 18:35:00   [SRJ-EA] CONFIRMPOLL bar=2026.09.02 18:30 anchor=Monthly-POC dir=LONG oppCandle=0 bodyDir=0 body=20pts doji=0 touchAttr=1 confirm=0 shadow=true"
283,RECON62-B131,90240F238A0668885E2D39BDA5271CE3C08D81B7EA1836DB77F52A42E631AF3,Tester/logs/20261009.log,886736,2026-09-02,18:35,ZONEID,"OL	0	16:38:47.238	Core 04	2026.09.02 18:35:00   [SRJ-EA] ZONEID bar=2026.09.02 18:30 site=S3PICK xobId=2706 fvgId=0"
284,RECON62-B131,90240F238A0668885E2D39BDA5271CE3C08D81B7EA1836DB77F52A42E631AF3,Tester/logs/20261009.log,886737,2026-09-02,18:35,XOBPROMO,"QL	0	16:38:47.238	Core 04	2026.09.02 18:35:00   [SRJ-EA] XOBPROMO bar=2026.09.02 18:30 site=S3PICK xobId=2706 raw=1788366000.0 promoT=2026.09.02 16:20"
285,RECON62-B131,90240F238A0668885E2D39BDA5271CE3C08D81B7EA1836DB77F52A42E631AF3,Tester/logs/20261009.log,886738,2026-09-02,18:35,ZONEPICK,"RS	0	16:38:47.238	Core 04	2026.09.02 18:35:00   [SRJ-EA] ZONEPICK bar=2026.09.02 18:30 dir=LONG haveFvg=0 fvgInPlay=0 haveXob=1 xobInPlay=0 downgraded=0 fvg=--- xob=1.15781-1.15811"
286,RECON62-B131,90240F238A0668885E2D39BDA5271CE3C08D81B7EA1836DB77F52A42E631AF3,Tester/logs/20261009.log,886747,2026-09-02,18:35,INPLAYCOMMIT,"IJ	0	16:38:47.238	Core 04	2026.09.02 18:35:00   [SRJ-EA] INPLAYCOMMIT bar=2026.09.02 18:30 dir=LONG zoneSrc=XOB zoneLo=1.15781 zoneHi=1.15811 promoT=2026.09.02 16:20 applied=1 bounded=1 scanned=27 swings=6 hits=0 firstShift=-1 firstVal=- commitVia=none legacy=0 legacyVia=none committed=0 changed=0 haveStop=1"
287,RECON62-B131,90240F238A0668885E2D39BDA5271CE3C08D81B7EA1836DB77F52A42E631AF3,Tester/logs/20261009.log,886755,2026-09-02,18:40,FRESHSKIP,"QO	0	16:38:47.238	Core 04	2026.09.02 18:40:05   [SRJ-EA] FRESHSKIP bar=2026.09.02 18:35 dir=LONG state=S3_ZONE_WAIT poi=Monthly-POC reason=PRE_BINDING"
288,RECON62-B131,90240F238A0668885E2D39BDA5271CE3C08D81B7EA1836DB77F52A42E631AF3,Tester/logs/20261009.log,886884,2026-09-02,18:40,CQDRECHECK,"KK	0	16:38:47.238	Core 04	2026.09.02 18:40:05   [SRJ-EA] CQDRECHECK shift=2 passA=-1.0 passB=-1.0 diff=0 bar=2026.09.02 18:30 state=S3_ZONE_WAIT dir=LONG divLatch=0 hit1=0 hit2=448 mism=0"
289,RECON62-B131,90240F238A0668885E2D39BDA5271CE3C08D81B7EA1836DB77F52A42E631AF3,Tester/logs/20261009.log,886888,2026-09-02,18:40,CONFIRMPOLL,"IG	0	16:38:47.238	Core 04	2026.09.02 18:40:05   [SRJ-EA] CONFIRMPOLL bar=2026.09.02 18:35 anchor=Monthly-POC dir=LONG oppCandle=1 bodyDir=1 body=16pts doji=0 touchAttr=1 confirm=1 shadow=true"
290,RECON62-B131,90240F238A0668885E2D39BDA5271CE3C08D81B7EA1836DB77F52A42E631AF3,Tester/logs/20261009.log,886890,2026-09-02,18:40,ZONEID,"MM	0	16:38:47.238	Core 04	2026.09.02 18:40:05   [SRJ-EA] ZONEID bar=2026.09.02 18:35 site=S3PICK xobId=2706 fvgId=0"
291,RECON62-B131,90240F238A0668885E2D39BDA5271CE3C08D81B7EA1836DB77F52A42E631AF3,Tester/logs/20261009.log,886891,2026-09-02,18:40,XOBPROMO,"KM	0	16:38:47.238	Core 04	2026.09.02 18:40:05   [SRJ-EA] XOBPROMO bar=2026.09.02 18:35 site=S3PICK xobId=2706 raw=1788366000.0 promoT=2026.09.02 16:20"
292,RECON62-B131,90240F238A0668885E2D39BDA5271CE3C08D81B7EA1836DB77F52A42E631AF3,Tester/logs/20261009.log,886892,2026-09-02,18:40,ZONEPICK,"LL	0	16:38:47.238	Core 04	2026.09.02 18:40:05   [SRJ-EA] ZONEPICK bar=2026.09.02 18:35 dir=LONG haveFvg=0 fvgInPlay=0 haveXob=1 xobInPlay=0 downgraded=0 fvg=--- xob=1.15781-1.15811"
293,RECON62-B131,90240F238A0668885E2D39BDA5271CE3C08D81B7EA1836DB77F52A42E631AF3,Tester/logs/20261009.log,886901,2026-09-02,18:40,INPLAYCOMMIT,"JK	0	16:38:47.238	Core 04	2026.09.02 18:40:05   [SRJ-EA] INPLAYCOMMIT bar=2026.09.02 18:35 dir=LONG zoneSrc=XOB zoneLo=1.15781 zoneHi=1.15811 promoT=2026.09.02 16:20 applied=1 bounded=1 scanned=28 swings=6 hits=0 firstShift=-1 firstVal=- commitVia=none legacy=0 legacyVia=none committed=0 changed=0 haveStop=1"
294,RECON62-B131,90240F238A0668885E2D39BDA5271CE3C08D81B7EA1836DB77F52A42E631AF3,Tester/logs/20261009.log,886910,2026-09-02,18:45,FRESHSKIP,"OM	0	16:38:47.238	Core 04	2026.09.02 18:45:00   [SRJ-EA] FRESHSKIP bar=2026.09.02 18:40 dir=LONG state=S3_ZONE_WAIT poi=Monthly-POC reason=PRE_BINDING"
295,RECON62-B131,90240F238A0668885E2D39BDA5271CE3C08D81B7EA1836DB77F52A42E631AF3,Tester/logs/20261009.log,887040,2026-09-02,18:45,CONFIRMPOLL,"CQ	0	16:38:47.238	Core 04	2026.09.02 18:45:00   [SRJ-EA] CONFIRMPOLL bar=2026.09.02 18:40 anchor=Monthly-POC dir=LONG oppCandle=0 bodyDir=0 body=37pts doji=0 touchAttr=1 confirm=0 shadow=true"
296,RECON62-B131,90240F238A0668885E2D39BDA5271CE3C08D81B7EA1836DB77F52A42E631AF3,Tester/logs/20261009.log,887042,2026-09-02,18:45,ZONEID,"GD	0	16:38:47.238	Core 04	2026.09.02 18:45:00   [SRJ-EA] ZONEID bar=2026.09.02 18:40 site=S3PICK xobId=2706 fvgId=0"
297,RECON62-B131,90240F238A0668885E2D39BDA5271CE3C08D81B7EA1836DB77F52A42E631AF3,Tester/logs/20261009.log,887043,2026-09-02,18:45,XOBPROMO,"IG	0	16:38:47.238	Core 04	2026.09.02 18:45:00   [SRJ-EA] XOBPROMO bar=2026.09.02 18:40 site=S3PICK xobId=2706 raw=1788366000.0 promoT=2026.09.02 16:20"
298,RECON62-B131,90240F238A0668885E2D39BDA5271CE3C08D81B7EA1836DB77F52A42E631AF3,Tester/logs/20261009.log,887044,2026-09-02,18:45,ZONEPICK,"JJ	0	16:38:47.238	Core 04	2026.09.02 18:45:00   [SRJ-EA] ZONEPICK bar=2026.09.02 18:40 dir=LONG haveFvg=0 fvgInPlay=0 haveXob=1 xobInPlay=0 downgraded=0 fvg=--- xob=1.15781-1.15811"
299,RECON62-B131,90240F238A0668885E2D39BDA5271CE3C08D81B7EA1836DB77F52A42E631AF3,Tester/logs/20261009.log,887053,2026-09-02,18:45,INPLAYCOMMIT,"EM	0	16:38:47.238	Core 04	2026.09.02 18:45:00   [SRJ-EA] INPLAYCOMMIT bar=2026.09.02 18:40 dir=LONG zoneSrc=XOB zoneLo=1.15781 zoneHi=1.15811 promoT=2026.09.02 16:20 applied=1 bounded=1 scanned=10 swings=2 hits=0 firstShift=-1 firstVal=- commitVia=none legacy=0 legacyVia=none committed=0 changed=0 haveStop=1"
300,RECON62-B131,90240F238A0668885E2D39BDA5271CE3C08D81B7EA1836DB77F52A42E631AF3,Tester/logs/20261009.log,887060,2026-09-02,18:50,FRESHSKIP,"FF	0	16:38:47.238	Core 04	2026.09.02 18:50:00   [SRJ-EA] FRESHSKIP bar=2026.09.02 18:45 dir=LONG state=S3_ZONE_WAIT poi=Monthly-POC reason=PRE_BINDING"
301,RECON62-B131,90240F238A0668885E2D39BDA5271CE3C08D81B7EA1836DB77F52A42E631AF3,Tester/logs/20261009.log,887190,2026-09-02,18:50,CONFIRMPOLL,"RD	0	16:38:47.238	Core 04	2026.09.02 18:50:00   [SRJ-EA] CONFIRMPOLL bar=2026.09.02 18:45 anchor=Monthly-POC dir=LONG oppCandle=1 bodyDir=1 body=7pts doji=0 touchAttr=1 confirm=1 shadow=true"
302,RECON62-B131,90240F238A0668885E2D39BDA5271CE3C08D81B7EA1836DB77F52A42E631AF3,Tester/logs/20261009.log,887192,2026-09-02,18:50,ZONEID,"DN	0	16:38:47.238	Core 04	2026.09.02 18:50:00   [SRJ-EA] ZONEID bar=2026.09.02 18:45 site=S3PICK xobId=2706 fvgId=0"
303,RECON62-B131,90240F238A0668885E2D39BDA5271CE3C08D81B7EA1836DB77F52A42E631AF3,Tester/logs/20261009.log,887193,2026-09-02,18:50,XOBPROMO,"FM	0	16:38:47.238	Core 04	2026.09.02 18:50:00   [SRJ-EA] XOBPROMO bar=2026.09.02 18:45 site=S3PICK xobId=2706 raw=1788366000.0 promoT=2026.09.02 16:20"
304,RECON62-B131,90240F238A0668885E2D39BDA5271CE3C08D81B7EA1836DB77F52A42E631AF3,Tester/logs/20261009.log,887194,2026-09-02,18:50,ZONEPICK,"EL	0	16:38:47.238	Core 04	2026.09.02 18:50:00   [SRJ-EA] ZONEPICK bar=2026.09.02 18:45 dir=LONG haveFvg=0 fvgInPlay=0 haveXob=1 xobInPlay=0 downgraded=0 fvg=--- xob=1.15781-1.15811"
305,RECON62-B131,90240F238A0668885E2D39BDA5271CE3C08D81B7EA1836DB77F52A42E631AF3,Tester/logs/20261009.log,887203,2026-09-02,18:50,INPLAYCOMMIT,"IK	0	16:38:47.238	Core 04	2026.09.02 18:50:00   [SRJ-EA] INPLAYCOMMIT bar=2026.09.02 18:45 dir=LONG zoneSrc=XOB zoneLo=1.15781 zoneHi=1.15811 promoT=2026.09.02 16:20 applied=1 bounded=1 scanned=11 swings=2 hits=0 firstShift=-1 firstVal=- commitVia=none legacy=0 legacyVia=none committed=0 changed=0 haveStop=1"
306,RECON62-B131,90240F238A0668885E2D39BDA5271CE3C08D81B7EA1836DB77F52A42E631AF3,Tester/logs/20261009.log,887211,2026-09-02,18:55,FRESHSKIP,"KK	0	16:38:47.238	Core 04	2026.09.02 18:55:00   [SRJ-EA] FRESHSKIP bar=2026.09.02 18:50 dir=LONG state=S3_ZONE_WAIT poi=Monthly-POC reason=PRE_BINDING"
307,RECON62-B131,90240F238A0668885E2D39BDA5271CE3C08D81B7EA1836DB77F52A42E631AF3,Tester/logs/20261009.log,887338,2026-09-02,18:55,CQDRECHECK,"PF	0	16:38:47.238	Core 04	2026.09.02 18:55:00   [SRJ-EA] CQDRECHECK shift=2 passA=2.0 passB=2.0 diff=0 bar=2026.09.02 18:45 state=S3_ZONE_WAIT dir=LONG divLatch=1 hit1=0 hit2=449 mism=0"
308,RECON62-B131,90240F238A0668885E2D39BDA5271CE3C08D81B7EA1836DB77F52A42E631AF3,Tester/logs/20261009.log,887342,2026-09-02,18:55,CONFIRMPOLL,"MF	0	16:38:47.238	Core 04	2026.09.02 18:55:00   [SRJ-EA] CONFIRMPOLL bar=2026.09.02 18:50 anchor=Monthly-POC dir=LONG oppCandle=0 bodyDir=0 body=12pts doji=0 touchAttr=0 confirm=0 shadow=true"
309,RECON62-B131,90240F238A0668885E2D39BDA5271CE3C08D81B7EA1836DB77F52A42E631AF3,Tester/logs/20261009.log,887344,2026-09-02,18:55,ZONEID,"CN	0	16:38:47.238	Core 04	2026.09.02 18:55:00   [SRJ-EA] ZONEID bar=2026.09.02 18:50 site=S3PICK xobId=2706 fvgId=0"
310,RECON62-B131,90240F238A0668885E2D39BDA5271CE3C08D81B7EA1836DB77F52A42E631AF3,Tester/logs/20261009.log,887345,2026-09-02,18:55,XOBPROMO,"EM	0	16:38:47.238	Core 04	2026.09.02 18:55:00   [SRJ-EA] XOBPROMO bar=2026.09.02 18:50 site=S3PICK xobId=2706 raw=1788366000.0 promoT=2026.09.02 16:20"
311,RECON62-B131,90240F238A0668885E2D39BDA5271CE3C08D81B7EA1836DB77F52A42E631AF3,Tester/logs/20261009.log,887346,2026-09-02,18:55,ZONEPICK,"FL	0	16:38:47.238	Core 04	2026.09.02 18:55:00   [SRJ-EA] ZONEPICK bar=2026.09.02 18:50 dir=LONG haveFvg=0 fvgInPlay=0 haveXob=1 xobInPlay=0 downgraded=0 fvg=--- xob=1.15781-1.15811"
312,RECON62-B131,90240F238A0668885E2D39BDA5271CE3C08D81B7EA1836DB77F52A42E631AF3,Tester/logs/20261009.log,887355,2026-09-02,18:55,INPLAYCOMMIT,"HH	0	16:38:47.238	Core 04	2026.09.02 18:55:00   [SRJ-EA] INPLAYCOMMIT bar=2026.09.02 18:50 dir=LONG zoneSrc=XOB zoneLo=1.15781 zoneHi=1.15811 promoT=2026.09.02 16:20 applied=1 bounded=1 scanned=6 swings=2 hits=0 firstShift=-1 firstVal=- commitVia=none legacy=0 legacyVia=none committed=0 changed=0 haveStop=1"
313,RECON62-B131,90240F238A0668885E2D39BDA5271CE3C08D81B7EA1836DB77F52A42E631AF3,Tester/logs/20261009.log,887363,2026-09-02,19:00,FRESHSKIP,"QH	0	16:38:47.238	Core 04	2026.09.02 19:00:02   [SRJ-EA] FRESHSKIP bar=2026.09.02 18:55 dir=LONG state=S3_ZONE_WAIT poi=Monthly-POC reason=PRE_BINDING"
314,RECON62-B131,90240F238A0668885E2D39BDA5271CE3C08D81B7EA1836DB77F52A42E631AF3,Tester/logs/20261009.log,887493,2026-09-02,19:00,CONFIRMPOLL,"MO	0	16:38:47.238	Core 04	2026.09.02 19:00:02   [SRJ-EA] CONFIRMPOLL bar=2026.09.02 18:55 anchor=Monthly-POC dir=LONG oppCandle=1 bodyDir=1 body=18pts doji=0 touchAttr=0 confirm=0 shadow=true"
315,RECON62-B131,90240F238A0668885E2D39BDA5271CE3C08D81B7EA1836DB77F52A42E631AF3,Tester/logs/20261009.log,887495,2026-09-02,19:00,ZONEID,"CE	0	16:38:47.238	Core 04	2026.09.02 19:00:02   [SRJ-EA] ZONEID bar=2026.09.02 18:55 site=S3PICK xobId=2706 fvgId=0"
316,RECON62-B131,90240F238A0668885E2D39BDA5271CE3C08D81B7EA1836DB77F52A42E631AF3,Tester/logs/20261009.log,887496,2026-09-02,19:00,XOBPROMO,"ID	0	16:38:47.238	Core 04	2026.09.02 19:00:02   [SRJ-EA] XOBPROMO bar=2026.09.02 18:55 site=S3PICK xobId=2706 raw=1788366000.0 promoT=2026.09.02 16:20"
317,RECON62-B131,90240F238A0668885E2D39BDA5271CE3C08D81B7EA1836DB77F52A42E631AF3,Tester/logs/20261009.log,887497,2026-09-02,19:00,ZONEPICK,"JK	0	16:38:47.238	Core 04	2026.09.02 19:00:02   [SRJ-EA] ZONEPICK bar=2026.09.02 18:55 dir=LONG haveFvg=0 fvgInPlay=0 haveXob=1 xobInPlay=0 downgraded=0 fvg=--- xob=1.15781-1.15811"
318,RECON62-B131,90240F238A0668885E2D39BDA5271CE3C08D81B7EA1836DB77F52A42E631AF3,Tester/logs/20261009.log,887506,2026-09-02,19:00,INPLAYCOMMIT,"CQ	0	16:38:47.238	Core 04	2026.09.02 19:00:02   [SRJ-EA] INPLAYCOMMIT bar=2026.09.02 18:55 dir=LONG zoneSrc=XOB zoneLo=1.15781 zoneHi=1.15811 promoT=2026.09.02 16:20 applied=1 bounded=1 scanned=7 swings=2 hits=0 firstShift=-1 firstVal=- commitVia=none legacy=0 legacyVia=none committed=0 changed=0 haveStop=1"
