"run","ea_sha","pair","session","date","side","verdict","register_row","retest_bar","retest_line","retest_side_tag","confirm_bar","confirm_src","entry_bar","entry_ref","fill","sl","sl_swing_bar","sl_branch_printed","tp_name","tp_price","r_at_open","htf_4h","htf_1h","htf_15m","ltf_5m","zone_src","xob_id","xob_range","xob_promoT","xob_inplay_printed","xob_origin_id","xob_origin_range","xob_origin_formT","commit_via","promo_return","div_kind","div_bar","div_type_his","exit_bar","exit_price","exit_src","r_result","reject_tag","reject_reason","reject_pack_line","source_pack_lines"
"GBP0629-B162","1617DC1ACCE6B50ED2D1359582A70A8B8503C569623EE90C18C6B33542796207","GBPUSD","LDN","2026-07-01","LONG","REJECTED","NONE","2026-07-01 10:50","Quarterly-POC","NOT PRINTED","2026-07-01 11:05","RETEST","NOT PRINTED","1.32419","NOT PRINTED","1.32287","NOT PRINTED","NOT PRINTED","NOT PRINTED","1.32513","0.71","NOT PRINTED","NOT PRINTED","NOT PRINTED","NOT PRINTED","XOB","1943","1.32097-1.32138","2026-06-29 13:55","0","1943","1.32097-1.32138","2026.06.29 13:30","none","MET","NOT PRINTED","2026-07-01 09:20","UNMAPPED","NOT PRINTED","NOT PRINTED","NOT PRINTED","NOT PRINTED","A6REFUSED","TP_RR_FAIL","ROWPACK_GBP0629-B162_W1.csv:2926","ROWPACK_GBP0629-B162_W1.csv:2917;ROWPACK_GBP0629-B162_W1.csv:2915;ROWPACK_GBP0629-B162_W1.csv:2914;ROWPACK_GBP0629-B162_W1.csv:2916;ROWPACK_GBP0629-B162_W1.csv:2919;ROWPACK_GBP0629-B162_W1.csv:2920;ROWPACK_GBP0629-B162_W1.csv:2924;ROWPACK_GBP0629-B162_W1.csv:2926;ROWPACK_GBP0629-B162_W1.csv:2908"
"GBP0629-B162","1617DC1ACCE6B50ED2D1359582A70A8B8503C569623EE90C18C6B33542796207","GBPUSD","NY","2026-07-02","LONG","EXECUTED","NONE","2026-07-02 18:10","Daily-POC","NOT PRINTED","2026-07-02 18:10","BOTH","2026-07-02 18:15","1.33710","1.33716","1.33564","NOT PRINTED","1SWING","NOT PRINTED","1.34032","2.21","NOT PRINTED","NOT PRINTED","NOT PRINTED","NOT PRINTED","XOB","2405","1.32815-1.32832","2026-07-02 07:00","0","2367","1.32677-1.32799","2026.07.02 00:55","SWING","MET","hidden bullish","2026-07-02 18:05","UNMAPPED","2026-07-02 19:05","1.33564","SL","NOT PRINTED","NONE","NONE","NONE","ROWPACK_GBP0629-B162_W1.csv:5237;ROWPACK_GBP0629-B162_W1.csv:5231;ROWPACK_GBP0629-B162_W1.csv:5230;ROWPACK_GBP0629-B162_W1.csv:5235;ROWPACK_GBP0629-B162_W1.csv:5239;ROWPACK_GBP0629-B162_W1.csv:5240;ROWPACK_GBP0629-B162_W1.csv:5245;ROWPACK_GBP0629-B162_W1.csv:5246;ROWPACK_GBP0629-B162_W1.csv:5247;ROWPACK_GBP0629-B162_W1.csv:5459;ROWPACK_GBP0629-B162_W1.csv:5222"
"GBP0629-B162","1617DC1ACCE6B50ED2D1359582A70A8B8503C569623EE90C18C6B33542796207","GBPUSD","LDN","2026-07-03","SHORT","REJECTED","NONE","2026-07-03 11:30","Quarterly-POC","NOT PRINTED","2026-07-03 11:45","RETEST","NOT PRINTED","NOT PRINTED","NOT PRINTED","NOT PRINTED","NOT PRINTED","NOT PRINTED","NOT PRINTED","NOT PRINTED","NOT PRINTED","NOT PRINTED","NOT PRINTED","NOT PRINTED","NOT PRINTED","XOB","2616","1.33663-1.33722","2026-07-03 11:25","1","2616","1.33663-1.33722","2026.07.03 10:50","SWING","NOT PRINTED","NOT PRINTED","2026-07-03 11:30","UNMAPPED","NOT PRINTED","NOT PRINTED","NOT PRINTED","NOT PRINTED","A6REFUSED","DIV_FALLBACK","ROWPACK_GBP0629-B162_W1.csv:5986","ROWPACK_GBP0629-B162_W1.csv:5981;ROWPACK_GBP0629-B162_W1.csv:5941;ROWPACK_GBP0629-B162_W1.csv:5940;ROWPACK_GBP0629-B162_W1.csv:5945;ROWPACK_GBP0629-B162_W1.csv:5983;ROWPACK_GBP0629-B162_W1.csv:5986;ROWPACK_GBP0629-B162_W1.csv:5976"
"GBP0629-B162","1617DC1ACCE6B50ED2D1359582A70A8B8503C569623EE90C18C6B33542796207","GBPUSD","NY","2026-07-03","LONG","REJECTED","NONE","2026-07-03 14:20","Daily-VWAP","NOT PRINTED","2026-07-03 14:20","RETEST","NOT PRINTED","NOT PRINTED","NOT PRINTED","NOT PRINTED","NOT PRINTED","NOT PRINTED","NOT PRINTED","NOT PRINTED","NOT PRINTED","NOT PRINTED","NOT PRINTED","NOT PRINTED","NOT PRINTED","XOB","2642","1.33553-1.33603","2026-07-03 14:15","1","2642","1.33553-1.33603","2026.07.03 13:55","BAR","NOT PRINTED","NOT PRINTED","2026-07-03 14:10","UNMAPPED","NOT PRINTED","NOT PRINTED","NOT PRINTED","NOT PRINTED","A6REFUSED","DIV_FALLBACK","ROWPACK_GBP0629-B162_W1.csv:6125","ROWPACK_GBP0629-B162_W1.csv:6120;ROWPACK_GBP0629-B162_W1.csv:6114;ROWPACK_GBP0629-B162_W1.csv:6113;ROWPACK_GBP0629-B162_W1.csv:6118;ROWPACK_GBP0629-B162_W1.csv:6122;ROWPACK_GBP0629-B162_W1.csv:6125;ROWPACK_GBP0629-B162_W1.csv:6106"
"GBP0629-B162","1617DC1ACCE6B50ED2D1359582A70A8B8503C569623EE90C18C6B33542796207","GBPUSD","LDN","2026-07-06","LONG","REJECTED","NONE","2026-07-06 10:50","Weekly-VWAP","NOT PRINTED","2026-07-06 10:55","BOTH","NOT PRINTED","1.33484","NOT PRINTED","1.33367","NOT PRINTED","NOT PRINTED","NOT PRINTED","1.33542","0.50","NOT PRINTED","NOT PRINTED","NOT PRINTED","NOT PRINTED","XOB","2774","1.33344-1.33425","2026-07-06 10:45","1","2367","1.32677-1.32799","2026.07.02 00:55","SWING","MET","NOT PRINTED","NOT PRINTED","UNMAPPED","NOT PRINTED","NOT PRINTED","NOT PRINTED","NOT PRINTED","A6REFUSED","TP_RR_FAIL","ROWPACK_GBP0629-B162_W2.csv:565","ROWPACK_GBP0629-B162_W2.csv:555;ROWPACK_GBP0629-B162_W2.csv:524;ROWPACK_GBP0629-B162_W2.csv:523;ROWPACK_GBP0629-B162_W2.csv:528;ROWPACK_GBP0629-B162_W2.csv:558;ROWPACK_GBP0629-B162_W2.csv:563;ROWPACK_GBP0629-B162_W2.csv:565;ROWPACK_GBP0629-B162_W2.csv:548"
"GBP0629-B162","1617DC1ACCE6B50ED2D1359582A70A8B8503C569623EE90C18C6B33542796207","GBPUSD","NY","2026-07-06","LONG","REJECTED","NONE","2026-07-06 14:10","Weekly-VWAP","NOT PRINTED","2026-07-06 14:40","PRIOR","NOT PRINTED","1.33428","NOT PRINTED","1.33359","NOT PRINTED","NOT PRINTED","NOT PRINTED","1.33430","0.03","NOT PRINTED","NOT PRINTED","NOT PRINTED","NOT PRINTED","XOB","2815","1.33369-1.33408","2026-07-06 14:30","1","2367","1.32677-1.32799","2026.07.02 00:55","SWING","MET","NOT PRINTED","NOT PRINTED","UNMAPPED","NOT PRINTED","NOT PRINTED","NOT PRINTED","NOT PRINTED","A6REFUSED","TP_RR_FAIL","ROWPACK_GBP0629-B162_W2.csv:1105","ROWPACK_GBP0629-B162_W2.csv:1095;ROWPACK_GBP0629-B162_W2.csv:1063;ROWPACK_GBP0629-B162_W2.csv:1062;ROWPACK_GBP0629-B162_W2.csv:1067;ROWPACK_GBP0629-B162_W2.csv:1098;ROWPACK_GBP0629-B162_W2.csv:1103;ROWPACK_GBP0629-B162_W2.csv:1105;ROWPACK_GBP0629-B162_W2.csv:1088"
"GBP0629-B162","1617DC1ACCE6B50ED2D1359582A70A8B8503C569623EE90C18C6B33542796207","GBPUSD","NY","2026-07-06","LONG","REJECTED","NONE","2026-07-06 14:45","Weekly-VWAP","NOT PRINTED","2026-07-06 15:00","BOTH","NOT PRINTED","1.33507","NOT PRINTED","1.33369","NOT PRINTED","NOT PRINTED","NOT PRINTED","1.33542","0.25","NOT PRINTED","NOT PRINTED","NOT PRINTED","NOT PRINTED","XOB","2815","1.33369-1.33408","2026-07-06 14:30","1","2815","1.33369-1.33408","2026.07.06 14:15","BAR","MET","NOT PRINTED","NOT PRINTED","UNMAPPED","NOT PRINTED","NOT PRINTED","NOT PRINTED","NOT PRINTED","A6REFUSED","TP_RR_FAIL","ROWPACK_GBP0629-B162_W2.csv:1226","ROWPACK_GBP0629-B162_W2.csv:1216;ROWPACK_GBP0629-B162_W2.csv:1158;ROWPACK_GBP0629-B162_W2.csv:1157;ROWPACK_GBP0629-B162_W2.csv:1162;ROWPACK_GBP0629-B162_W2.csv:1219;ROWPACK_GBP0629-B162_W2.csv:1224;ROWPACK_GBP0629-B162_W2.csv:1226;ROWPACK_GBP0629-B162_W2.csv:1210"
"GBP0629-B162","1617DC1ACCE6B50ED2D1359582A70A8B8503C569623EE90C18C6B33542796207","GBPUSD","NY","2026-07-06","LONG","REJECTED","NONE","2026-07-06 17:15","Quarterly-POC","NOT PRINTED","2026-07-06 17:30","BOTH","NOT PRINTED","NOT PRINTED","NOT PRINTED","NOT PRINTED","NOT PRINTED","NOT PRINTED","NOT PRINTED","NOT PRINTED","NOT PRINTED","NOT PRINTED","NOT PRINTED","NOT PRINTED","NOT PRINTED","XOB","2405","1.32815-1.32832","2026-07-02 07:00","0","2367","1.32677-1.32799","2026.07.02 00:55","SWING","NOT PRINTED","NOT PRINTED","2026-07-06 17:10","UNMAPPED","NOT PRINTED","NOT PRINTED","NOT PRINTED","NOT PRINTED","A6REFUSED","DIV_FALLBACK","ROWPACK_GBP0629-B162_W2.csv:1876","ROWPACK_GBP0629-B162_W2.csv:1871;ROWPACK_GBP0629-B162_W2.csv:1808;ROWPACK_GBP0629-B162_W2.csv:1807;ROWPACK_GBP0629-B162_W2.csv:1812;ROWPACK_GBP0629-B162_W2.csv:1873;ROWPACK_GBP0629-B162_W2.csv:1876;ROWPACK_GBP0629-B162_W2.csv:1865"
"GBP0629-B162","1617DC1ACCE6B50ED2D1359582A70A8B8503C569623EE90C18C6B33542796207","GBPUSD","NY","2026-07-07","SHORT","EXECUTED","NONE","2026-07-07 14:40","Daily-POC","NOT PRINTED","2026-07-07 14:40","BOTH","2026-07-07 14:45","1.33863","1.33863","1.33940","NOT PRINTED","1SWING","NOT PRINTED","1.33747","1.51","NOT PRINTED","NOT PRINTED","NOT PRINTED","NOT PRINTED","XOB","2974","1.33862-1.33936","2026-07-07 12:25","1","2974","1.33862-1.33936","2026.07.07 11:45","BAR","MET","regular bearish","2026-07-07 14:20","UNMAPPED","2026-07-07 15:30","1.33895","POI_BODY_BREAK","NOT PRINTED","NONE","NONE","NONE","ROWPACK_GBP0629-B162_W2.csv:2976;ROWPACK_GBP0629-B162_W2.csv:2970;ROWPACK_GBP0629-B162_W2.csv:2969;ROWPACK_GBP0629-B162_W2.csv:2974;ROWPACK_GBP0629-B162_W2.csv:2978;ROWPACK_GBP0629-B162_W2.csv:2979;ROWPACK_GBP0629-B162_W2.csv:2984;ROWPACK_GBP0629-B162_W2.csv:2985;ROWPACK_GBP0629-B162_W2.csv:2986;ROWPACK_GBP0629-B162_W2.csv:3235;ROWPACK_GBP0629-B162_W2.csv:2963"
"GBP0629-B162","1617DC1ACCE6B50ED2D1359582A70A8B8503C569623EE90C18C6B33542796207","GBPUSD","NY","2026-07-08","LONG","REJECTED","NONE","2026-07-08 14:55","Quarterly-VWAP","NOT PRINTED","2026-07-08 15:00","BOTH","NOT PRINTED","NOT PRINTED","NOT PRINTED","NOT PRINTED","NOT PRINTED","NOT PRINTED","NOT PRINTED","NOT PRINTED","NOT PRINTED","NOT PRINTED","NOT PRINTED","NOT PRINTED","NOT PRINTED","XOB","2405","1.32815-1.32832","2026-07-02 07:00","0","2367","1.32677-1.32799","2026.07.02 00:55","none","NOT PRINTED","NOT PRINTED","2026-07-08 14:40","UNMAPPED","NOT PRINTED","NOT PRINTED","NOT PRINTED","NOT PRINTED","CONFIRMPOLL","confirm=0 touchAttr=1","ROWPACK_GBP0629-B162_W2.csv:4747","ROWPACK_GBP0629-B162_W2.csv:4724;ROWPACK_GBP0629-B162_W2.csv:4722;ROWPACK_GBP0629-B162_W2.csv:4721;ROWPACK_GBP0629-B162_W2.csv:4723;ROWPACK_GBP0629-B162_W2.csv:4726;ROWPACK_GBP0629-B162_W2.csv:4747;ROWPACK_GBP0629-B162_W2.csv:4715"
"GBP0629-B162","1617DC1ACCE6B50ED2D1359582A70A8B8503C569623EE90C18C6B33542796207","GBPUSD","NY","2026-07-08","SHORT","REJECTED","NONE","2026-07-08 14:55","Quarterly-POC","NOT PRINTED","2026-07-08 15:30","PRIOR","NOT PRINTED","1.33491","NOT PRINTED","1.33569","NOT PRINTED","NOT PRINTED","NOT PRINTED","1.33347","1.85","NOT PRINTED","NOT PRINTED","NOT PRINTED","NOT PRINTED","XOB","NOT PRINTED","1.32815-1.32832","2026-07-02 07:00","NOT PRINTED","3019","1.33755-1.33804","2026.07.07 18:05","NOT PRINTED","MET","NOT PRINTED","2026-07-08 15:15","UNMAPPED","NOT PRINTED","NOT PRINTED","NOT PRINTED","NOT PRINTED","A6REFUSED","LTF_MISALIGN","ROWPACK_GBP0629-B162_W2.csv:4854","ROWPACK_GBP0629-B162_W2.csv:4844;ROWPACK_GBP0629-B162_W2.csv:4846;ROWPACK_GBP0629-B162_W2.csv:4847;ROWPACK_GBP0629-B162_W2.csv:4852;ROWPACK_GBP0629-B162_W2.csv:4854;ROWPACK_GBP0629-B162_W2.csv:4839"
"GBP0629-B162","1617DC1ACCE6B50ED2D1359582A70A8B8503C569623EE90C18C6B33542796207","GBPUSD","NY","2026-07-09","LONG","REJECTED","NONE","2026-07-09 17:15","Daily-POC","NOT PRINTED","2026-07-09 17:20","BOTH","NOT PRINTED","NOT PRINTED","NOT PRINTED","NOT PRINTED","NOT PRINTED","NOT PRINTED","NOT PRINTED","NOT PRINTED","NOT PRINTED","NOT PRINTED","NOT PRINTED","NOT PRINTED","NOT PRINTED","XOB","3316","1.34127-1.34167","2026-07-09 13:05","0","3195","1.33809-1.33856","2026.07.08 19:45","none","NOT PRINTED","NOT PRINTED","2026-07-09 17:00","UNMAPPED","NOT PRINTED","NOT PRINTED","NOT PRINTED","NOT PRINTED","A6REFUSED","LTF_MISALIGN","ROWPACK_GBP0629-B162_W2.csv:7221","ROWPACK_GBP0629-B162_W2.csv:7191;ROWPACK_GBP0629-B162_W2.csv:7186;ROWPACK_GBP0629-B162_W2.csv:7185;ROWPACK_GBP0629-B162_W2.csv:7190;ROWPACK_GBP0629-B162_W2.csv:7193;ROWPACK_GBP0629-B162_W2.csv:7221;ROWPACK_GBP0629-B162_W2.csv:7180"
"GBP0629-B162","1617DC1ACCE6B50ED2D1359582A70A8B8503C569623EE90C18C6B33542796207","GBPUSD","NY","2026-07-13","SHORT","REJECTED","NONE","2026-07-13 17:00","Weekly-POC","NOT PRINTED","2026-07-13 17:50","BOTH","NOT PRINTED","NOT PRINTED","NOT PRINTED","NOT PRINTED","NOT PRINTED","NOT PRINTED","NOT PRINTED","NOT PRINTED","NOT PRINTED","NOT PRINTED","NOT PRINTED","NOT PRINTED","NOT PRINTED","XOB","3700","1.33834-1.33893","2026-07-13 17:10","0","3693","1.33922-1.33989","2026.07.13 15:55","none","NOT PRINTED","NOT PRINTED","2026-07-13 17:40","UNMAPPED","NOT PRINTED","NOT PRINTED","NOT PRINTED","NOT PRINTED","A6REFUSED","LTF_MISALIGN","ROWPACK_GBP0629-B162_W3.csv:1746","ROWPACK_GBP0629-B162_W3.csv:1719;ROWPACK_GBP0629-B162_W3.csv:1717;ROWPACK_GBP0629-B162_W3.csv:1716;ROWPACK_GBP0629-B162_W3.csv:1718;ROWPACK_GBP0629-B162_W3.csv:1721;ROWPACK_GBP0629-B162_W3.csv:1746;ROWPACK_GBP0629-B162_W3.csv:1710"
"GBP0629-B162","1617DC1ACCE6B50ED2D1359582A70A8B8503C569623EE90C18C6B33542796207","GBPUSD","LDN","2026-07-14","LONG","REJECTED","NONE","2026-07-14 09:10","Quarterly-POC","NOT PRINTED","2026-07-14 09:30","PRIOR","NOT PRINTED","NOT PRINTED","NOT PRINTED","NOT PRINTED","NOT PRINTED","NOT PRINTED","NOT PRINTED","NOT PRINTED","NOT PRINTED","NOT PRINTED","NOT PRINTED","NOT PRINTED","NOT PRINTED","XOB","NOT PRINTED","1.33666-1.33785","2026-07-13 19:35","NOT PRINTED","3786","1.33501-1.33531","2026.07.14 04:35","NOT PRINTED","NOT PRINTED","NOT PRINTED","2026-07-14 08:35","UNMAPPED","NOT PRINTED","NOT PRINTED","NOT PRINTED","NOT PRINTED","A6REFUSED","DIV_FALLBACK","ROWPACK_GBP0629-B162_W3.csv:2177","ROWPACK_GBP0629-B162_W3.csv:2172;ROWPACK_GBP0629-B162_W3.csv:2174;ROWPACK_GBP0629-B162_W3.csv:2177;ROWPACK_GBP0629-B162_W3.csv:2166"
"GBP0629-B162","1617DC1ACCE6B50ED2D1359582A70A8B8503C569623EE90C18C6B33542796207","GBPUSD","LDN","2026-07-14","SHORT","REJECTED","NONE","2026-07-14 10:30","Quarterly-VWAP","NOT PRINTED","2026-07-14 11:15","BOTH","NOT PRINTED","NOT PRINTED","NOT PRINTED","NOT PRINTED","NOT PRINTED","NOT PRINTED","NOT PRINTED","NOT PRINTED","NOT PRINTED","NOT PRINTED","NOT PRINTED","NOT PRINTED","NOT PRINTED","XOB","3709","1.33666-1.33785","2026-07-13 19:35","1","3709","1.33666-1.33785","2026.07.13 17:55","SWING","NOT PRINTED","NOT PRINTED","2026-07-14 11:00","UNMAPPED","NOT PRINTED","NOT PRINTED","NOT PRINTED","NOT PRINTED","A6REFUSED","DIV_FALLBACK","ROWPACK_GBP0629-B162_W3.csv:2653","ROWPACK_GBP0629-B162_W3.csv:2647;ROWPACK_GBP0629-B162_W3.csv:2644;ROWPACK_GBP0629-B162_W3.csv:2643;ROWPACK_GBP0629-B162_W3.csv:2645;ROWPACK_GBP0629-B162_W3.csv:2650;ROWPACK_GBP0629-B162_W3.csv:2653;ROWPACK_GBP0629-B162_W3.csv:2636"
