"run","ea_sha","pair","session","date","side","verdict","register_row","retest_bar","retest_line","retest_side_tag","confirm_bar","confirm_src","entry_bar","entry_ref","fill","sl","sl_swing_bar","sl_branch_printed","tp_name","tp_price","r_at_open","htf_4h","htf_1h","htf_15m","ltf_5m","zone_src","xob_id","xob_range","xob_promoT","xob_inplay_printed","commit_via","promo_return","div_kind","div_bar","div_type_his","exit_bar","exit_price","exit_src","r_result","reject_tag","reject_reason","reject_pack_line","source_pack_lines"
"RECON62-B137","585093BF576B922A241E21779C72C62236B4F57746F778E25A772E493CC3D9C6","EURUSD","LDN","2026-09-07","LONG","EXECUTED","A4","2026-09-07 09:00","Weekly-POC","NOT PRINTED","2026-09-07 09:15","BOTH","2026-09-07 09:20","1.16135","1.16138","1.16098","NOT PRINTED","1SWING","NOT PRINTED","1.16200","1.76","NOT PRINTED","NOT PRINTED","NOT PRINTED","NOT PRINTED","XOB","3130","1.16098-1.16109","2026-09-07 08:55","1","BAR","NOT PRINTED","hidden bullish","2026-09-07 09:10","UNMAPPED","2026-09-07 10:50","1.16200","TP_TOUCH","NOT PRINTED","NONE","NONE","NONE","ROWPACK_RECON62-B137_W3.csv:16;ROWPACK_RECON62-B137_W3.csv:9;ROWPACK_RECON62-B137_W3.csv:8;ROWPACK_RECON62-B137_W3.csv:10;ROWPACK_RECON62-B137_W3.csv:15;ROWPACK_RECON62-B137_W3.csv:19;ROWPACK_RECON62-B137_W3.csv:20;ROWPACK_RECON62-B137_W3.csv:18;ROWPACK_RECON62-B137_W3.csv:259"
"RECON62-B137","585093BF576B922A241E21779C72C62236B4F57746F778E25A772E493CC3D9C6","EURUSD","NY","2026-08-31","LONG","REJECTED","NONE","2026-08-31 15:25","Yearly-POC","NOT PRINTED","2026-08-31 16:35","PRIOR","NOT PRINTED","NOT PRINTED","NOT PRINTED","NOT PRINTED","NOT PRINTED","NOT PRINTED","NOT PRINTED","NOT PRINTED","NOT PRINTED","NOT PRINTED","NOT PRINTED","NOT PRINTED","NOT PRINTED","XOB","2289","1.15855-1.15862","2026-08-31 02:35","1","SWING","NOT PRINTED","NOT PRINTED","2026-08-31 16:25","UNMAPPED","NOT PRINTED","NOT PRINTED","NOT PRINTED","NOT PRINTED","ABORT","DIV_FALLBACK","ROWPACK_RECON62-B137_W2.csv:139","ROWPACK_RECON62-B137_W2.csv:135;ROWPACK_RECON62-B137_W2.csv:131;ROWPACK_RECON62-B137_W2.csv:130;ROWPACK_RECON62-B137_W2.csv:132;ROWPACK_RECON62-B137_W2.csv:134;ROWPACK_RECON62-B137_W2.csv:137;ROWPACK_RECON62-B137_W2.csv:139"
"RECON62-B137","585093BF576B922A241E21779C72C62236B4F57746F778E25A772E493CC3D9C6","EURUSD","LDN","2026-09-01","SHORT","REJECTED","NONE","2026-09-01 09:05","Monthly-POC","NOT PRINTED","2026-09-01 09:10","BOTH","NOT PRINTED","1.16066","NOT PRINTED","1.16105","NOT PRINTED","NOT PRINTED","NOT PRINTED","1.16055","0.28","NOT PRINTED","NOT PRINTED","NOT PRINTED","NOT PRINTED","XOB","2470","1.16100-1.16129","2026-09-01 07:30","1","SWING","NOT PRINTED","NOT PRINTED","2026-09-01 08:45","UNMAPPED","NOT PRINTED","NOT PRINTED","NOT PRINTED","NOT PRINTED","ABORT","TP_RR_FAIL","ROWPACK_RECON62-B137_W2.csv:167","ROWPACK_RECON62-B137_W2.csv:163;ROWPACK_RECON62-B137_W2.csv:159;ROWPACK_RECON62-B137_W2.csv:158;ROWPACK_RECON62-B137_W2.csv:160;ROWPACK_RECON62-B137_W2.csv:162;ROWPACK_RECON62-B137_W2.csv:166;ROWPACK_RECON62-B137_W2.csv:165;ROWPACK_RECON62-B137_W2.csv:167"
"RECON62-B137","585093BF576B922A241E21779C72C62236B4F57746F778E25A772E493CC3D9C6","EURUSD","LDN","2026-09-01","LONG","REJECTED","NONE","2026-09-01 09:15","Weekly-VWAP","NOT PRINTED","2026-09-01 09:50","PRIOR","NOT PRINTED","1.16028","NOT PRINTED","1.16001","NOT PRINTED","NOT PRINTED","NOT PRINTED","1.16077","1.81","NOT PRINTED","NOT PRINTED","NOT PRINTED","NOT PRINTED","XOB","NOT PRINTED","1.16081-1.16100","2026-09-01 09:15","NOT PRINTED","NOT PRINTED","NOT PRINTED","NOT PRINTED","2026-09-01 09:20","UNMAPPED","NOT PRINTED","NOT PRINTED","NOT PRINTED","NOT PRINTED","ABORT","LTF_MISALIGN","ROWPACK_RECON62-B137_W2.csv:192","ROWPACK_RECON62-B137_W2.csv:188;ROWPACK_RECON62-B137_W2.csv:191;ROWPACK_RECON62-B137_W2.csv:190;ROWPACK_RECON62-B137_W2.csv:192"
"RECON62-B137","585093BF576B922A241E21779C72C62236B4F57746F778E25A772E493CC3D9C6","EURUSD","NY","2026-09-01","SHORT","REJECTED","C-09-01-1530","2026-09-01 15:25","Monthly-POC","NOT PRINTED","2026-09-01 15:25","RETEST","NOT PRINTED","1.15921","NOT PRINTED","1.15957","NOT PRINTED","NOT PRINTED","NOT PRINTED","1.15878","1.19","NOT PRINTED","NOT PRINTED","NOT PRINTED","NOT PRINTED","XOB","2289","1.15855-1.15862","2026-08-31 02:35","0","none","NOT PRINTED","NOT PRINTED","2026-09-01 14:20","UNMAPPED","NOT PRINTED","NOT PRINTED","NOT PRINTED","NOT PRINTED","ABORT","LTF_MISALIGN","ROWPACK_RECON62-B137_W2.csv:258","ROWPACK_RECON62-B137_W2.csv:254;ROWPACK_RECON62-B137_W2.csv:252;ROWPACK_RECON62-B137_W2.csv:251;ROWPACK_RECON62-B137_W2.csv:253;ROWPACK_RECON62-B137_W2.csv:246;ROWPACK_RECON62-B137_W2.csv:257;ROWPACK_RECON62-B137_W2.csv:256;ROWPACK_RECON62-B137_W2.csv:258"
"RECON62-B137","585093BF576B922A241E21779C72C62236B4F57746F778E25A772E493CC3D9C6","EURUSD","NY","2026-09-01","SHORT","REJECTED","NONE","2026-09-01 15:55","Monthly-POC","NOT PRINTED","2026-09-01 16:00","BOTH","NOT PRINTED","NOT PRINTED","NOT PRINTED","NOT PRINTED","NOT PRINTED","NOT PRINTED","NOT PRINTED","NOT PRINTED","NOT PRINTED","NOT PRINTED","NOT PRINTED","NOT PRINTED","NOT PRINTED","XOB","2495","1.16081-1.16100","2026-09-01 09:15","0","SWING","NOT PRINTED","NOT PRINTED","2026-09-01 15:40","UNMAPPED","NOT PRINTED","NOT PRINTED","NOT PRINTED","NOT PRINTED","ABORT","DIV_FALLBACK","ROWPACK_RECON62-B137_W2.csv:316","ROWPACK_RECON62-B137_W2.csv:311;ROWPACK_RECON62-B137_W2.csv:312;ROWPACK_RECON62-B137_W2.csv:308;ROWPACK_RECON62-B137_W2.csv:307;ROWPACK_RECON62-B137_W2.csv:309;ROWPACK_RECON62-B137_W2.csv:304;ROWPACK_RECON62-B137_W2.csv:314;ROWPACK_RECON62-B137_W2.csv:316"
"RECON62-B137","585093BF576B922A241E21779C72C62236B4F57746F778E25A772E493CC3D9C6","EURUSD","NY","2026-09-07","LONG","EXECUTED","A5","2026-09-07 16:05","Weekly-POC","NOT PRINTED","2026-09-07 16:40","BOTH","2026-09-07 16:45","1.16261","1.16264","1.16238","NOT PRINTED","1SWING","NOT PRINTED","1.16315","2.34","NOT PRINTED","NOT PRINTED","NOT PRINTED","NOT PRINTED","XOB","3178","1.16229-1.16253","2026-09-07 15:30","1","BAR","NOT PRINTED","hidden bullish","2026-09-07 16:30","UNMAPPED","2026-09-07 17:10","1.16315","TP_TOUCH","NOT PRINTED","NONE","NONE","NONE","ROWPACK_RECON62-B137_W3.csv:312;ROWPACK_RECON62-B137_W3.csv:303;ROWPACK_RECON62-B137_W3.csv:302;ROWPACK_RECON62-B137_W3.csv:304;ROWPACK_RECON62-B137_W3.csv:311;ROWPACK_RECON62-B137_W3.csv:315;ROWPACK_RECON62-B137_W3.csv:316;ROWPACK_RECON62-B137_W3.csv:314;ROWPACK_RECON62-B137_W3.csv:394"
"RECON62-B137","585093BF576B922A241E21779C72C62236B4F57746F778E25A772E493CC3D9C6","EURUSD","NY","2026-09-01","SHORT","REJECTED","NONE","2026-09-01 16:05","Weekly-POC","NOT PRINTED","2026-09-01 16:10","BOTH","NOT PRINTED","NOT PRINTED","NOT PRINTED","NOT PRINTED","NOT PRINTED","NOT PRINTED","NOT PRINTED","NOT PRINTED","NOT PRINTED","NOT PRINTED","NOT PRINTED","NOT PRINTED","NOT PRINTED","XOB","2495","1.16081-1.16100","2026-09-01 09:15","0","SWING","NOT PRINTED","NOT PRINTED","2026-09-01 16:05","UNMAPPED","NOT PRINTED","NOT PRINTED","NOT PRINTED","NOT PRINTED","ABORT","DIV_FALLBACK","ROWPACK_RECON62-B137_W2.csv:334","ROWPACK_RECON62-B137_W2.csv:330;ROWPACK_RECON62-B137_W2.csv:325;ROWPACK_RECON62-B137_W2.csv:324;ROWPACK_RECON62-B137_W2.csv:326;ROWPACK_RECON62-B137_W2.csv:329;ROWPACK_RECON62-B137_W2.csv:332;ROWPACK_RECON62-B137_W2.csv:334"
"RECON62-B137","585093BF576B922A241E21779C72C62236B4F57746F778E25A772E493CC3D9C6","EURUSD","NY","2026-09-01","LONG","EXECUTED","A2","2026-09-01 16:45","Monthly-VWAP","NOT PRINTED","2026-09-01 17:30","BOTH","2026-09-01 17:35","1.16022","1.16024","1.15975","NOT PRINTED","1SWING","NOT PRINTED","1.16077","1.17","NOT PRINTED","NOT PRINTED","NOT PRINTED","NOT PRINTED","XOB","2549","1.15975-1.16013","2026-09-01 17:25","1","BAR","NOT PRINTED","hidden bullish","2026-09-01 17:15","UNMAPPED","2026-09-01 17:45","1.15987","POI_BODY_BREAK","NOT PRINTED","NONE","NONE","NONE","ROWPACK_RECON62-B137_W2.csv:364;ROWPACK_RECON62-B137_W2.csv:361;ROWPACK_RECON62-B137_W2.csv:360;ROWPACK_RECON62-B137_W2.csv:362;ROWPACK_RECON62-B137_W2.csv:358;ROWPACK_RECON62-B137_W2.csv:367;ROWPACK_RECON62-B137_W2.csv:368;ROWPACK_RECON62-B137_W2.csv:366;ROWPACK_RECON62-B137_W2.csv:412"
"RECON62-B137","585093BF576B922A241E21779C72C62236B4F57746F778E25A772E493CC3D9C6","EURUSD","LDN","2026-09-08","LONG","REJECTED","NONE","2026-09-08 09:30","Monthly-POC","NOT PRINTED","2026-09-08 09:35","BOTH","NOT PRINTED","1.16230","NOT PRINTED","1.16223","NOT PRINTED","NOT PRINTED","NOT PRINTED","1.16315","12.10","NOT PRINTED","NOT PRINTED","NOT PRINTED","NOT PRINTED","XOB","2898","1.16362-1.16377","2026-09-03 21:35","0","none","NOT PRINTED","NOT PRINTED","2026-09-08 09:20","UNMAPPED","NOT PRINTED","NOT PRINTED","NOT PRINTED","NOT PRINTED","ABORT","LTF_MISALIGN","ROWPACK_RECON62-B137_W3.csv:434","ROWPACK_RECON62-B137_W3.csv:430;ROWPACK_RECON62-B137_W3.csv:428;ROWPACK_RECON62-B137_W3.csv:427;ROWPACK_RECON62-B137_W3.csv:429;ROWPACK_RECON62-B137_W3.csv:424;ROWPACK_RECON62-B137_W3.csv:433;ROWPACK_RECON62-B137_W3.csv:432;ROWPACK_RECON62-B137_W3.csv:434"
"RECON62-B137","585093BF576B922A241E21779C72C62236B4F57746F778E25A772E493CC3D9C6","EURUSD","NY","2026-08-27","SHORT","REJECTED","C-08-27","2026-08-27 16:25","Weekly-VWAP","NOT PRINTED","2026-08-27 17:10","BOTH","NOT PRINTED","NOT PRINTED","NOT PRINTED","NOT PRINTED","NOT PRINTED","NOT PRINTED","NOT PRINTED","NOT PRINTED","NOT PRINTED","NOT PRINTED","NOT PRINTED","NOT PRINTED","NOT PRINTED","XOB","1891","1.16612-1.16640","2026-08-26 16:00","0","none","NOT PRINTED","NOT PRINTED","2026-08-27 17:00","UNMAPPED","NOT PRINTED","NOT PRINTED","NOT PRINTED","NOT PRINTED","CONFIRMPOLL","confirm=0 touchAttr=0","ROWPACK_RECON62-B137_W1.csv:445","ROWPACK_RECON62-B137_W1.csv:438;ROWPACK_RECON62-B137_W1.csv:436;ROWPACK_RECON62-B137_W1.csv:435;ROWPACK_RECON62-B137_W1.csv:437;ROWPACK_RECON62-B137_W1.csv:434;ROWPACK_RECON62-B137_W1.csv:440;ROWPACK_RECON62-B137_W1.csv:445"
"RECON62-B137","585093BF576B922A241E21779C72C62236B4F57746F778E25A772E493CC3D9C6","EURUSD","LDN","2026-09-08","SHORT","EXECUTED","A6","2026-09-08 09:40","Monthly-POC","NOT PRINTED","2026-09-08 10:05","PRIOR","2026-09-08 10:10","1.16205","1.16205","1.16258","NOT PRINTED","1SWING","NOT PRINTED","1.16102","1.94","NOT PRINTED","NOT PRINTED","NOT PRINTED","NOT PRINTED","XOB","2898","1.16362-1.16377","2026-09-03 21:35","1","SWING","NOT PRINTED","hidden bearish","2026-09-08 09:40","UNMAPPED","2026-09-08 10:40","1.16102","TP_TOUCH","NOT PRINTED","NONE","NONE","NONE","ROWPACK_RECON62-B137_W3.csv:457;ROWPACK_RECON62-B137_W3.csv:454;ROWPACK_RECON62-B137_W3.csv:453;ROWPACK_RECON62-B137_W3.csv:455;ROWPACK_RECON62-B137_W3.csv:452;ROWPACK_RECON62-B137_W3.csv:460;ROWPACK_RECON62-B137_W3.csv:461;ROWPACK_RECON62-B137_W3.csv:459;ROWPACK_RECON62-B137_W3.csv:550"
"RECON62-B137","585093BF576B922A241E21779C72C62236B4F57746F778E25A772E493CC3D9C6","EURUSD","NY","2026-09-02","SHORT","REJECTED","NONE","2026-09-02 14:00","Daily-VWAP","NOT PRINTED","2026-09-02 14:40","PRIOR","NOT PRINTED","1.15747","NOT PRINTED","1.15822","NOT PRINTED","NOT PRINTED","NOT PRINTED","1.15718","0.38","NOT PRINTED","NOT PRINTED","NOT PRINTED","NOT PRINTED","XOB","2674","1.15788-1.15818","2026-09-02 11:55","1","SWING","NOT PRINTED","NOT PRINTED","2026-09-02 14:35","UNMAPPED","NOT PRINTED","NOT PRINTED","NOT PRINTED","NOT PRINTED","ABORT","TP_RR_FAIL","ROWPACK_RECON62-B137_W2.csv:523","ROWPACK_RECON62-B137_W2.csv:518;ROWPACK_RECON62-B137_W2.csv:519;ROWPACK_RECON62-B137_W2.csv:515;ROWPACK_RECON62-B137_W2.csv:514;ROWPACK_RECON62-B137_W2.csv:516;ROWPACK_RECON62-B137_W2.csv:512;ROWPACK_RECON62-B137_W2.csv:522;ROWPACK_RECON62-B137_W2.csv:521;ROWPACK_RECON62-B137_W2.csv:523"
"RECON62-B137","585093BF576B922A241E21779C72C62236B4F57746F778E25A772E493CC3D9C6","EURUSD","LDN","2026-08-28","SHORT","EXECUTED","A1","2026-08-28 09:55","Daily-VWAP","NOT PRINTED","2026-08-28 10:00","BOTH","2026-08-28 10:05","1.16466","1.16466","1.16508","NOT PRINTED","2SWING","NOT PRINTED","1.16364","2.43","NOT PRINTED","NOT PRINTED","NOT PRINTED","NOT PRINTED","XOB","2149","1.16492-1.16507","2026-08-28 06:40","0","none","NOT PRINTED","regular bearish","2026-08-28 09:25","UNMAPPED","2026-08-28 11:30","1.16464","POI_BODY_BREAK","NOT PRINTED","NONE","NONE","NONE","ROWPACK_RECON62-B137_W1.csv:555;ROWPACK_RECON62-B137_W1.csv:553;ROWPACK_RECON62-B137_W1.csv:552;ROWPACK_RECON62-B137_W1.csv:554;ROWPACK_RECON62-B137_W1.csv:551;ROWPACK_RECON62-B137_W1.csv:558;ROWPACK_RECON62-B137_W1.csv:559;ROWPACK_RECON62-B137_W1.csv:557;ROWPACK_RECON62-B137_W1.csv:785"
"RECON62-B137","585093BF576B922A241E21779C72C62236B4F57746F778E25A772E493CC3D9C6","EURUSD","NY","2026-09-02","SHORT","REJECTED","NONE","2026-09-02 16:25","Yearly-POC","NOT PRINTED","2026-09-02 16:30","BOTH","NOT PRINTED","1.15907","NOT PRINTED","1.16099","NOT PRINTED","NOT PRINTED","NOT PRINTED","1.15719","0.98","NOT PRINTED","NOT PRINTED","NOT PRINTED","NOT PRINTED","XOB","2706","1.15781-1.15811","2026-09-01 18:20","0","SWING","NOT PRINTED","NOT PRINTED","2026-09-02 16:25","UNMAPPED","NOT PRINTED","NOT PRINTED","NOT PRINTED","NOT PRINTED","ABORT","TP_RR_FAIL","ROWPACK_RECON62-B137_W2.csv:567","ROWPACK_RECON62-B137_W2.csv:563;ROWPACK_RECON62-B137_W2.csv:558;ROWPACK_RECON62-B137_W2.csv:557;ROWPACK_RECON62-B137_W2.csv:559;ROWPACK_RECON62-B137_W2.csv:562;ROWPACK_RECON62-B137_W2.csv:566;ROWPACK_RECON62-B137_W2.csv:565;ROWPACK_RECON62-B137_W2.csv:567"
"RECON62-B137","585093BF576B922A241E21779C72C62236B4F57746F778E25A772E493CC3D9C6","EURUSD","NY","2026-09-08","LONG","REJECTED","NONE","2026-09-08 16:05","Monthly-POC","NOT PRINTED","2026-09-08 16:20","BOTH","NOT PRINTED","NOT PRINTED","NOT PRINTED","NOT PRINTED","NOT PRINTED","NOT PRINTED","NOT PRINTED","NOT PRINTED","NOT PRINTED","NOT PRINTED","NOT PRINTED","NOT PRINTED","NOT PRINTED","XOB","3326","1.16079-1.16140","2026-09-08 15:10","1","SWING","NOT PRINTED","NOT PRINTED","2026-09-08 16:05","UNMAPPED","NOT PRINTED","NOT PRINTED","NOT PRINTED","NOT PRINTED","ABORT","DIV_FALLBACK","ROWPACK_RECON62-B137_W3.csv:613","ROWPACK_RECON62-B137_W3.csv:609;ROWPACK_RECON62-B137_W3.csv:605;ROWPACK_RECON62-B137_W3.csv:604;ROWPACK_RECON62-B137_W3.csv:606;ROWPACK_RECON62-B137_W3.csv:608;ROWPACK_RECON62-B137_W3.csv:611;ROWPACK_RECON62-B137_W3.csv:613"
"RECON62-B137","585093BF576B922A241E21779C72C62236B4F57746F778E25A772E493CC3D9C6","EURUSD","NY","2026-09-02","LONG","REJECTED","NONE","2026-09-02 17:40","Monthly-VWAP","NOT PRINTED","2026-09-02 17:45","BOTH","NOT PRINTED","1.15912","NOT PRINTED","1.15886","NOT PRINTED","NOT PRINTED","NOT PRINTED","1.15935","0.88","NOT PRINTED","NOT PRINTED","NOT PRINTED","NOT PRINTED","XOB","2495","1.16081-1.16100","2026-09-01 09:15","0","none","NOT PRINTED","NOT PRINTED","2026-09-02 17:20","UNMAPPED","NOT PRINTED","NOT PRINTED","NOT PRINTED","NOT PRINTED","ABORT","TP_RR_FAIL","ROWPACK_RECON62-B137_W2.csv:627","ROWPACK_RECON62-B137_W2.csv:623;ROWPACK_RECON62-B137_W2.csv:621;ROWPACK_RECON62-B137_W2.csv:620;ROWPACK_RECON62-B137_W2.csv:622;ROWPACK_RECON62-B137_W2.csv:617;ROWPACK_RECON62-B137_W2.csv:626;ROWPACK_RECON62-B137_W2.csv:625;ROWPACK_RECON62-B137_W2.csv:627"
"RECON62-B137","585093BF576B922A241E21779C72C62236B4F57746F778E25A772E493CC3D9C6","EURUSD","NY","2026-09-08","SHORT","REJECTED","C-09-08-1645","2026-09-08 16:30","Monthly-POC","NOT PRINTED","2026-09-08 16:40","BOTH","NOT PRINTED","1.16213","NOT PRINTED","1.16359","NOT PRINTED","NOT PRINTED","NOT PRINTED","1.16114","0.68","NOT PRINTED","NOT PRINTED","NOT PRINTED","NOT PRINTED","XOB","2898","1.16362-1.16377","2026-09-03 21:35","0","SWING","NOT PRINTED","NOT PRINTED","2026-09-08 16:20","UNMAPPED","NOT PRINTED","NOT PRINTED","NOT PRINTED","NOT PRINTED","ABORT","TP_RR_FAIL","ROWPACK_RECON62-B137_W3.csv:632","ROWPACK_RECON62-B137_W3.csv:628;ROWPACK_RECON62-B137_W3.csv:623;ROWPACK_RECON62-B137_W3.csv:622;ROWPACK_RECON62-B137_W3.csv:624;ROWPACK_RECON62-B137_W3.csv:627;ROWPACK_RECON62-B137_W3.csv:631;ROWPACK_RECON62-B137_W3.csv:630;ROWPACK_RECON62-B137_W3.csv:632"
"RECON62-B137","585093BF576B922A241E21779C72C62236B4F57746F778E25A772E493CC3D9C6","EURUSD","NY","2026-09-08","SHORT","EXECUTED","A7","2026-09-08 16:45","Monthly-POC","NOT PRINTED","2026-09-08 16:55","PRIOR","2026-09-08 17:00","1.16220","1.16220","1.16274","NOT PRINTED","1SWING","NOT PRINTED","1.16114","1.96","NOT PRINTED","NOT PRINTED","NOT PRINTED","NOT PRINTED","XOB","2898","1.16362-1.16377","2026-09-03 21:35","0","SWING","NOT PRINTED","regular bearish","2026-09-08 16:20","UNMAPPED","2026-09-08 17:30","1.16274","SL","NOT PRINTED","NONE","NONE","NONE","ROWPACK_RECON62-B137_W3.csv:646;ROWPACK_RECON62-B137_W3.csv:642;ROWPACK_RECON62-B137_W3.csv:641;ROWPACK_RECON62-B137_W3.csv:643;ROWPACK_RECON62-B137_W3.csv:645;ROWPACK_RECON62-B137_W3.csv:649;ROWPACK_RECON62-B137_W3.csv:650;ROWPACK_RECON62-B137_W3.csv:648;ROWPACK_RECON62-B137_W3.csv:744"
"RECON62-B137","585093BF576B922A241E21779C72C62236B4F57746F778E25A772E493CC3D9C6","EURUSD","LDN","2026-09-03","SHORT","REJECTED","NONE","2026-09-03 10:55","Daily-POC","NOT PRINTED","2026-09-03 10:55","RETEST","NOT PRINTED","NOT PRINTED","NOT PRINTED","NOT PRINTED","NOT PRINTED","NOT PRINTED","NOT PRINTED","NOT PRINTED","NOT PRINTED","NOT PRINTED","NOT PRINTED","NOT PRINTED","NOT PRINTED","XOB","2825","1.16044-1.16063","2026-09-03 10:45","1","BAR","NOT PRINTED","NOT PRINTED","2026-09-03 10:40","UNMAPPED","NOT PRINTED","NOT PRINTED","NOT PRINTED","NOT PRINTED","CONFIRMPOLL","confirm=0 touchAttr=0","ROWPACK_RECON62-B137_W2.csv:723","ROWPACK_RECON62-B137_W2.csv:732;ROWPACK_RECON62-B137_W2.csv:729;ROWPACK_RECON62-B137_W2.csv:728;ROWPACK_RECON62-B137_W2.csv:730;ROWPACK_RECON62-B137_W2.csv:723;ROWPACK_RECON62-B137_W2.csv:734"
"RECON62-B137","585093BF576B922A241E21779C72C62236B4F57746F778E25A772E493CC3D9C6","EURUSD","NY","2026-09-03","LONG","REJECTED","NONE","2026-09-03 14:05","Daily-POC","NOT PRINTED","2026-09-03 14:05","BOTH","NOT PRINTED","NOT PRINTED","NOT PRINTED","NOT PRINTED","NOT PRINTED","NOT PRINTED","NOT PRINTED","NOT PRINTED","NOT PRINTED","NOT PRINTED","NOT PRINTED","NOT PRINTED","NOT PRINTED","XOB","2793","1.15907-1.15933","2026-09-03 06:10","0","SWING","NOT PRINTED","NOT PRINTED","2026-09-03 13:55","UNMAPPED","NOT PRINTED","NOT PRINTED","NOT PRINTED","NOT PRINTED","ABORT","DIV_FALLBACK","ROWPACK_RECON62-B137_W2.csv:759","ROWPACK_RECON62-B137_W2.csv:754;ROWPACK_RECON62-B137_W2.csv:755;ROWPACK_RECON62-B137_W2.csv:751;ROWPACK_RECON62-B137_W2.csv:750;ROWPACK_RECON62-B137_W2.csv:752;ROWPACK_RECON62-B137_W2.csv:745;ROWPACK_RECON62-B137_W2.csv:757;ROWPACK_RECON62-B137_W2.csv:759"
"RECON62-B137","585093BF576B922A241E21779C72C62236B4F57746F778E25A772E493CC3D9C6","EURUSD","NY","2026-09-03","LONG","REJECTED","NONE","2026-09-03 18:20","Daily-POC","NOT PRINTED","2026-09-03 18:25","BOTH","NOT PRINTED","NOT PRINTED","NOT PRINTED","NOT PRINTED","NOT PRINTED","NOT PRINTED","NOT PRINTED","NOT PRINTED","NOT PRINTED","NOT PRINTED","NOT PRINTED","NOT PRINTED","NOT PRINTED","XOB","2217","1.16415-1.16436","2026-08-28 17:00","0","none","NOT PRINTED","NOT PRINTED","2026-09-03 17:55","UNMAPPED","NOT PRINTED","NOT PRINTED","NOT PRINTED","NOT PRINTED","CONFIRMPOLL","confirm=0 touchAttr=1","ROWPACK_RECON62-B137_W2.csv:814","ROWPACK_RECON62-B137_W2.csv:808;ROWPACK_RECON62-B137_W2.csv:806;ROWPACK_RECON62-B137_W2.csv:805;ROWPACK_RECON62-B137_W2.csv:807;ROWPACK_RECON62-B137_W2.csv:802;ROWPACK_RECON62-B137_W2.csv:810;ROWPACK_RECON62-B137_W2.csv:814"
"RECON62-B137","585093BF576B922A241E21779C72C62236B4F57746F778E25A772E493CC3D9C6","EURUSD","LDN","2026-09-04","LONG","REJECTED","NONE","2026-09-04 09:15","Daily-POC","NOT PRINTED","2026-09-04 09:25","BOTH","NOT PRINTED","1.16290","NOT PRINTED","1.16249","NOT PRINTED","NOT PRINTED","NOT PRINTED","1.16316","0.63","NOT PRINTED","NOT PRINTED","NOT PRINTED","NOT PRINTED","XOB","2982","1.16249-1.16269","2026-09-04 09:05","1","SWING","NOT PRINTED","NOT PRINTED","2026-09-04 09:15","UNMAPPED","NOT PRINTED","NOT PRINTED","NOT PRINTED","NOT PRINTED","ABORT","TP_RR_FAIL","ROWPACK_RECON62-B137_W2.csv:842","ROWPACK_RECON62-B137_W2.csv:838;ROWPACK_RECON62-B137_W2.csv:832;ROWPACK_RECON62-B137_W2.csv:831;ROWPACK_RECON62-B137_W2.csv:833;ROWPACK_RECON62-B137_W2.csv:837;ROWPACK_RECON62-B137_W2.csv:841;ROWPACK_RECON62-B137_W2.csv:840;ROWPACK_RECON62-B137_W2.csv:842"
"RECON62-B137","585093BF576B922A241E21779C72C62236B4F57746F778E25A772E493CC3D9C6","EURUSD","NY","2026-08-28","SHORT","REJECTED","C-08-28-1625","2026-08-28 16:05","Daily-POC","NOT PRINTED","2026-08-28 16:20","BOTH","NOT PRINTED","1.16430","NOT PRINTED","1.16508","NOT PRINTED","NOT PRINTED","NOT PRINTED","1.16364","0.85","NOT PRINTED","NOT PRINTED","NOT PRINTED","NOT PRINTED","XOB","2149","1.16492-1.16507","2026-08-28 06:40","1","SWING","NOT PRINTED","NOT PRINTED","2026-08-28 15:55","UNMAPPED","NOT PRINTED","NOT PRINTED","NOT PRINTED","NOT PRINTED","ABORT","TP_RR_FAIL","ROWPACK_RECON62-B137_W1.csv:857","ROWPACK_RECON62-B137_W1.csv:853;ROWPACK_RECON62-B137_W1.csv:849;ROWPACK_RECON62-B137_W1.csv:848;ROWPACK_RECON62-B137_W1.csv:850;ROWPACK_RECON62-B137_W1.csv:852;ROWPACK_RECON62-B137_W1.csv:856;ROWPACK_RECON62-B137_W1.csv:855;ROWPACK_RECON62-B137_W1.csv:857"
"RECON62-B137","585093BF576B922A241E21779C72C62236B4F57746F778E25A772E493CC3D9C6","EURUSD","LDN","2026-09-04","LONG","REJECTED","NONE","2026-09-04 09:40","Daily-POC","NOT PRINTED","2026-09-04 09:40","BOTH","NOT PRINTED","NOT PRINTED","NOT PRINTED","NOT PRINTED","NOT PRINTED","NOT PRINTED","NOT PRINTED","NOT PRINTED","NOT PRINTED","NOT PRINTED","NOT PRINTED","NOT PRINTED","NOT PRINTED","XOB","2982","1.16249-1.16269","2026-09-04 09:05","1","SWING","NOT PRINTED","NOT PRINTED","2026-09-04 09:30","UNMAPPED","NOT PRINTED","NOT PRINTED","NOT PRINTED","NOT PRINTED","ABORT","DIV_FALLBACK","ROWPACK_RECON62-B137_W2.csv:871","ROWPACK_RECON62-B137_W2.csv:867;ROWPACK_RECON62-B137_W2.csv:864;ROWPACK_RECON62-B137_W2.csv:863;ROWPACK_RECON62-B137_W2.csv:865;ROWPACK_RECON62-B137_W2.csv:858;ROWPACK_RECON62-B137_W2.csv:869;ROWPACK_RECON62-B137_W2.csv:871"
"RECON62-B137","585093BF576B922A241E21779C72C62236B4F57746F778E25A772E493CC3D9C6","EURUSD","NY","2026-09-04","LONG","REJECTED","NONE","2026-09-04 15:30","Monthly-POC","NOT PRINTED","2026-09-04 15:35","BOTH","NOT PRINTED","1.15964","NOT PRINTED","1.15835","NOT PRINTED","NOT PRINTED","NOT PRINTED","1.15987","0.18","NOT PRINTED","NOT PRINTED","NOT PRINTED","NOT PRINTED","XOB","2973","1.16245-1.16275","2026-09-03 06:10","1","BAR","NOT PRINTED","NOT PRINTED","2026-09-04 15:30","UNMAPPED","NOT PRINTED","NOT PRINTED","NOT PRINTED","NOT PRINTED","ABORT","TP_RR_FAIL","ROWPACK_RECON62-B137_W2.csv:969","ROWPACK_RECON62-B137_W2.csv:965;ROWPACK_RECON62-B137_W2.csv:960;ROWPACK_RECON62-B137_W2.csv:959;ROWPACK_RECON62-B137_W2.csv:961;ROWPACK_RECON62-B137_W2.csv:964;ROWPACK_RECON62-B137_W2.csv:968;ROWPACK_RECON62-B137_W2.csv:967;ROWPACK_RECON62-B137_W2.csv:969"
"RECON62-B137","585093BF576B922A241E21779C72C62236B4F57746F778E25A772E493CC3D9C6","EURUSD","NY","2026-09-04","LONG","EXECUTED","A3","2026-09-04 15:40","Yearly-POC","NOT PRINTED","2026-09-04 15:55","BOTH","2026-09-04 16:00","1.16018","1.16019","1.15847","NOT PRINTED","1SWING","NOT PRINTED","1.16302","1.66","NOT PRINTED","NOT PRINTED","NOT PRINTED","NOT PRINTED","XOB","2793","1.15907-1.15933","2026-09-03 06:10","1","BAR","NOT PRINTED","hidden bullish","2026-09-04 15:45","UNMAPPED","2026-09-04 23:50","1.16129","DAY_CLOSE","NOT PRINTED","NONE","NONE","NONE","ROWPACK_RECON62-B137_W2.csv:990;ROWPACK_RECON62-B137_W2.csv:984;ROWPACK_RECON62-B137_W2.csv:983;ROWPACK_RECON62-B137_W2.csv:985;ROWPACK_RECON62-B137_W2.csv:989;ROWPACK_RECON62-B137_W2.csv:993;ROWPACK_RECON62-B137_W2.csv:994;ROWPACK_RECON62-B137_W2.csv:992;ROWPACK_RECON62-B137_W2.csv:1440"
"RECON62-B137","585093BF576B922A241E21779C72C62236B4F57746F778E25A772E493CC3D9C6","EURUSD","LDN","2026-09-04","SHORT","REJECTED","C-09-04-1040","NOT PRINTED","NOT PRINTED","NOT PRINTED","NOT PRINTED","NOT PRINTED","NOT PRINTED","NOT PRINTED","NOT PRINTED","NOT PRINTED","NOT PRINTED","NOT PRINTED","NOT PRINTED","NOT PRINTED","NOT PRINTED","NOT PRINTED","NOT PRINTED","NOT PRINTED","NOT PRINTED","NOT PRINTED","NOT PRINTED","NOT PRINTED","NOT PRINTED","NOT PRINTED","NOT PRINTED","NOT PRINTED","NOT PRINTED","NOT PRINTED","UNMAPPED","NOT PRINTED","NOT PRINTED","NOT PRINTED","NOT PRINTED","CONFIRMPOLL","confirm=0 touchAttr=1","ROWPACK_RECON62-B137_W2.csv:886","ROWPACK_RECON62-B137_W2.csv:886"
