"run","ea_sha","pair","session","date","side","verdict","register_row","confirm_bar","zone_kind","zone_id","zone_range","formation_bar","promo_bar","in_play","is_most_recent_xob","machine_tag","origin_tag","pack_lines"
"JUNE0525-B160","1617DC1ACCE6B50ED2D1359582A70A8B8503C569623EE90C18C6B33542796207","USDJPY","NY","2026.06.05","B","EXECUTED","B2","2026.06.05 16:10","XOB","1405","158.735-158.769","2026.05.20 18:45","2026.05.20 19:00","1","0","F=0/0 X=1/0 xob=159.881-159.916" @ROWPACK_JUNE0525-B160_W2.csv:11743","3308","ROWPACK_JUNE0525-B160_W2.csv:11694"
"JUNE0525-B160","1617DC1ACCE6B50ED2D1359582A70A8B8503C569623EE90C18C6B33542796207","USDJPY","NY","2026.06.05","B","EXECUTED","B2","2026.06.05 16:10","XOB","1779","158.756-158.800","2026.05.25 04:25","2026.05.25 06:45","1","0","F=0/0 X=1/0 xob=159.881-159.916" @ROWPACK_JUNE0525-B160_W2.csv:11743","3308","ROWPACK_JUNE0525-B160_W2.csv:11695"
"JUNE0525-B160","1617DC1ACCE6B50ED2D1359582A70A8B8503C569623EE90C18C6B33542796207","USDJPY","NY","2026.06.05","B","EXECUTED","B2","2026.06.05 16:10","XOB","1780","158.789-158.814","2026.05.25 04:35","2026.05.25 04:50","1","0","F=0/0 X=1/0 xob=159.881-159.916" @ROWPACK_JUNE0525-B160_W2.csv:11743","3308","ROWPACK_JUNE0525-B160_W2.csv:11696"
"JUNE0525-B160","1617DC1ACCE6B50ED2D1359582A70A8B8503C569623EE90C18C6B33542796207","USDJPY","NY","2026.06.05","B","EXECUTED","B2","2026.06.05 16:10","XOB","1949","158.916-158.934","2026.05.26 06:45","2026.05.26 07:25","1","0","F=0/0 X=1/0 xob=159.881-159.916" @ROWPACK_JUNE0525-B160_W2.csv:11743","3308","ROWPACK_JUNE0525-B160_W2.csv:11697"
"JUNE0525-B160","1617DC1ACCE6B50ED2D1359582A70A8B8503C569623EE90C18C6B33542796207","USDJPY","NY","2026.06.05","B","EXECUTED","B2","2026.06.05 16:10","XOB","212","157.028-157.060","2026.05.11 18:50","2026.05.11 19:20","1","0","F=0/0 X=1/0 xob=159.881-159.916" @ROWPACK_JUNE0525-B160_W2.csv:11743","3308","ROWPACK_JUNE0525-B160_W2.csv:11683"
"JUNE0525-B160","1617DC1ACCE6B50ED2D1359582A70A8B8503C569623EE90C18C6B33542796207","USDJPY","NY","2026.06.05","B","EXECUTED","B2","2026.06.05 16:10","XOB","2509","159.134-159.195","2026.05.29 18:20","2026.05.29 19:10","1","0","F=0/0 X=1/0 xob=159.881-159.916" @ROWPACK_JUNE0525-B160_W2.csv:11743","3308","ROWPACK_JUNE0525-B160_W2.csv:11698"
"JUNE0525-B160","1617DC1ACCE6B50ED2D1359582A70A8B8503C569623EE90C18C6B33542796207","USDJPY","NY","2026.06.05","B","EXECUTED","B2","2026.06.05 16:10","XOB","256","157.172-157.178","2026.05.12 01:10","2026.05.12 01:25","1","0","F=0/0 X=1/0 xob=159.881-159.916" @ROWPACK_JUNE0525-B160_W2.csv:11743","3308","ROWPACK_JUNE0525-B160_W2.csv:11684"
"JUNE0525-B160","1617DC1ACCE6B50ED2D1359582A70A8B8503C569623EE90C18C6B33542796207","USDJPY","NY","2026.06.05","B","EXECUTED","B2","2026.06.05 16:10","XOB","2566","159.382-159.407","2026.06.01 01:50","2026.06.01 03:15","1","0","F=0/0 X=1/0 xob=159.881-159.916" @ROWPACK_JUNE0525-B160_W2.csv:11743","3308","ROWPACK_JUNE0525-B160_W2.csv:11699"
"JUNE0525-B160","1617DC1ACCE6B50ED2D1359582A70A8B8503C569623EE90C18C6B33542796207","USDJPY","NY","2026.06.05","B","EXECUTED","B2","2026.06.05 16:10","XOB","261","157.184-157.192","2026.05.12 02:00","2026.05.12 03:00","1","0","F=0/0 X=1/0 xob=159.881-159.916" @ROWPACK_JUNE0525-B160_W2.csv:11743","3308","ROWPACK_JUNE0525-B160_W2.csv:11685"
"JUNE0525-B160","1617DC1ACCE6B50ED2D1359582A70A8B8503C569623EE90C18C6B33542796207","USDJPY","NY","2026.06.05","B","EXECUTED","B2","2026.06.05 16:10","XOB","2648","159.435-159.481","2026.06.01 15:40","2026.06.01 16:00","1","0","F=0/0 X=1/0 xob=159.881-159.916" @ROWPACK_JUNE0525-B160_W2.csv:11743","3308","ROWPACK_JUNE0525-B160_W2.csv:11700"
"JUNE0525-B160","1617DC1ACCE6B50ED2D1359582A70A8B8503C569623EE90C18C6B33542796207","USDJPY","NY","2026.06.05","B","EXECUTED","B2","2026.06.05 16:10","XOB","2716","159.576-159.603","2026.06.02 00:15","2026.06.02 03:10","1","0","F=0/0 X=1/0 xob=159.881-159.916" @ROWPACK_JUNE0525-B160_W2.csv:11743","3308","ROWPACK_JUNE0525-B160_W2.csv:11701"
"JUNE0525-B160","1617DC1ACCE6B50ED2D1359582A70A8B8503C569623EE90C18C6B33542796207","USDJPY","NY","2026.06.05","B","EXECUTED","B2","2026.06.05 16:10","XOB","2720","159.586-159.605","2026.06.02 00:50","2026.06.02 01:05","1","0","F=0/0 X=1/0 xob=159.881-159.916" @ROWPACK_JUNE0525-B160_W2.csv:11743","3308","ROWPACK_JUNE0525-B160_W2.csv:11702"
"JUNE0525-B160","1617DC1ACCE6B50ED2D1359582A70A8B8503C569623EE90C18C6B33542796207","USDJPY","NY","2026.06.05","B","EXECUTED","B2","2026.06.05 16:10","XOB","2945","159.579-159.675","2026.06.03 10:50","2026.06.03 11:15","1","0","F=0/0 X=1/0 xob=159.881-159.916" @ROWPACK_JUNE0525-B160_W2.csv:11743","3308","ROWPACK_JUNE0525-B160_W2.csv:11703"
"JUNE0525-B160","1617DC1ACCE6B50ED2D1359582A70A8B8503C569623EE90C18C6B33542796207","USDJPY","NY","2026.06.05","B","EXECUTED","B2","2026.06.05 16:10","XOB","313","157.331-157.497","2026.05.12 09:30","2026.05.12 10:00","1","0","F=0/0 X=1/0 xob=159.881-159.916" @ROWPACK_JUNE0525-B160_W2.csv:11743","3308","ROWPACK_JUNE0525-B160_W2.csv:11686"
"JUNE0525-B160","1617DC1ACCE6B50ED2D1359582A70A8B8503C569623EE90C18C6B33542796207","USDJPY","NY","2026.06.05","B","EXECUTED","B2","2026.06.05 16:10","XOB","3150","159.820-159.853","2026.06.04 15:50","2026.06.04 16:05","1","0","F=0/0 X=1/0 xob=159.881-159.916" @ROWPACK_JUNE0525-B160_W2.csv:11743","3308","ROWPACK_JUNE0525-B160_W2.csv:11704"
"JUNE0525-B160","1617DC1ACCE6B50ED2D1359582A70A8B8503C569623EE90C18C6B33542796207","USDJPY","NY","2026.06.05","B","EXECUTED","B2","2026.06.05 16:10","XOB","3308","159.881-159.916","2026.06.05 14:35","2026.06.05 15:40","1","1","F=0/0 X=1/0 xob=159.881-159.916" @ROWPACK_JUNE0525-B160_W2.csv:11743","3308","ROWPACK_JUNE0525-B160_W2.csv:11705"
"JUNE0525-B160","1617DC1ACCE6B50ED2D1359582A70A8B8503C569623EE90C18C6B33542796207","USDJPY","NY","2026.06.05","B","EXECUTED","B2","2026.06.05 16:10","XOB","414","157.517-157.589","2026.05.13 00:15","2026.05.13 01:10","1","0","F=0/0 X=1/0 xob=159.881-159.916" @ROWPACK_JUNE0525-B160_W2.csv:11743","3308","ROWPACK_JUNE0525-B160_W2.csv:11687"
"JUNE0525-B160","1617DC1ACCE6B50ED2D1359582A70A8B8503C569623EE90C18C6B33542796207","USDJPY","NY","2026.06.05","B","EXECUTED","B2","2026.06.05 16:10","XOB","447","157.562-157.648","2026.05.13 04:45","2026.05.13 06:20","1","0","F=0/0 X=1/0 xob=159.881-159.916" @ROWPACK_JUNE0525-B160_W2.csv:11743","3308","ROWPACK_JUNE0525-B160_W2.csv:11688"
"JUNE0525-B160","1617DC1ACCE6B50ED2D1359582A70A8B8503C569623EE90C18C6B33542796207","USDJPY","NY","2026.06.05","B","EXECUTED","B2","2026.06.05 16:10","XOB","449","157.599-157.654","2026.05.13 05:00","2026.05.13 05:15","1","0","F=0/0 X=1/0 xob=159.881-159.916" @ROWPACK_JUNE0525-B160_W2.csv:11743","3308","ROWPACK_JUNE0525-B160_W2.csv:11689"
"JUNE0525-B160","1617DC1ACCE6B50ED2D1359582A70A8B8503C569623EE90C18C6B33542796207","USDJPY","NY","2026.06.05","B","EXECUTED","B2","2026.06.05 16:10","XOB","460","157.645-157.660","2026.05.13 06:40","2026.05.13 07:05","1","0","F=0/0 X=1/0 xob=159.881-159.916" @ROWPACK_JUNE0525-B160_W2.csv:11743","3308","ROWPACK_JUNE0525-B160_W2.csv:11690"
"JUNE0525-B160","1617DC1ACCE6B50ED2D1359582A70A8B8503C569623EE90C18C6B33542796207","USDJPY","NY","2026.06.05","B","EXECUTED","B2","2026.06.05 16:10","XOB","65","156.672-156.773","2026.05.08 22:55","2026.05.11 04:10","1","0","F=0/0 X=1/0 xob=159.881-159.916" @ROWPACK_JUNE0525-B160_W2.csv:11743","3308","ROWPACK_JUNE0525-B160_W2.csv:11681"
"JUNE0525-B160","1617DC1ACCE6B50ED2D1359582A70A8B8503C569623EE90C18C6B33542796207","USDJPY","NY","2026.06.05","B","EXECUTED","B2","2026.06.05 16:10","XOB","696","157.568-158.167","2026.05.14 16:40","2026.05.14 18:05","1","0","F=0/0 X=1/0 xob=159.881-159.916" @ROWPACK_JUNE0525-B160_W2.csv:11743","3308","ROWPACK_JUNE0525-B160_W2.csv:11691"
"JUNE0525-B160","1617DC1ACCE6B50ED2D1359582A70A8B8503C569623EE90C18C6B33542796207","USDJPY","NY","2026.06.05","B","EXECUTED","B2","2026.06.05 16:10","XOB","714","158.107-158.142","2026.05.14 19:15","2026.05.14 19:30","1","0","F=0/0 X=1/0 xob=159.881-159.916" @ROWPACK_JUNE0525-B160_W2.csv:11743","3308","ROWPACK_JUNE0525-B160_W2.csv:11692"
"JUNE0525-B160","1617DC1ACCE6B50ED2D1359582A70A8B8503C569623EE90C18C6B33542796207","USDJPY","NY","2026.06.05","B","EXECUTED","B2","2026.06.05 16:10","XOB","724","158.168-158.186","NOT PRINTED","2026.05.14 21:00","1","0","F=0/0 X=1/0 xob=159.881-159.916" @ROWPACK_JUNE0525-B160_W2.csv:11743","3308","ROWPACK_JUNE0525-B160_W2.csv:11693"
"JUNE0525-B160","1617DC1ACCE6B50ED2D1359582A70A8B8503C569623EE90C18C6B33542796207","USDJPY","NY","2026.06.05","B","EXECUTED","B2","2026.06.05 16:10","XOB","78","156.578-156.584","2026.05.11 00:25","2026.05.11 00:35","1","0","F=0/0 X=1/0 xob=159.881-159.916" @ROWPACK_JUNE0525-B160_W2.csv:11743","3308","ROWPACK_JUNE0525-B160_W2.csv:11682"
"JUNE0525-B160","1617DC1ACCE6B50ED2D1359582A70A8B8503C569623EE90C18C6B33542796207","USDJPY","NY","2026.06.11","B","EXECUTED","B3","2026.06.11 14:35","XOB","1405","158.735-158.769","2026.05.20 18:45","2026.05.20 19:00","1","0","F=0/0 X=1/1 xob=160.489-160.504" @ROWPACK_JUNE0525-B160_W3.csv:10690","3913","ROWPACK_JUNE0525-B160_W3.csv:10627"
"JUNE0525-B160","1617DC1ACCE6B50ED2D1359582A70A8B8503C569623EE90C18C6B33542796207","USDJPY","NY","2026.06.11","B","EXECUTED","B3","2026.06.11 14:35","XOB","1779","158.756-158.800","2026.05.25 04:25","2026.05.25 06:45","1","0","F=0/0 X=1/1 xob=160.489-160.504" @ROWPACK_JUNE0525-B160_W3.csv:10690","3913","ROWPACK_JUNE0525-B160_W3.csv:10628"
"JUNE0525-B160","1617DC1ACCE6B50ED2D1359582A70A8B8503C569623EE90C18C6B33542796207","USDJPY","NY","2026.06.11","B","EXECUTED","B3","2026.06.11 14:35","XOB","1780","158.789-158.814","2026.05.25 04:35","2026.05.25 04:50","1","0","F=0/0 X=1/1 xob=160.489-160.504" @ROWPACK_JUNE0525-B160_W3.csv:10690","3913","ROWPACK_JUNE0525-B160_W3.csv:10629"
"JUNE0525-B160","1617DC1ACCE6B50ED2D1359582A70A8B8503C569623EE90C18C6B33542796207","USDJPY","NY","2026.06.11","B","EXECUTED","B3","2026.06.11 14:35","XOB","1949","158.916-158.934","2026.05.26 06:45","2026.05.26 07:25","1","0","F=0/0 X=1/1 xob=160.489-160.504" @ROWPACK_JUNE0525-B160_W3.csv:10690","3913","ROWPACK_JUNE0525-B160_W3.csv:10630"
"JUNE0525-B160","1617DC1ACCE6B50ED2D1359582A70A8B8503C569623EE90C18C6B33542796207","USDJPY","NY","2026.06.11","B","EXECUTED","B3","2026.06.11 14:35","XOB","212","157.028-157.060","2026.05.11 18:50","2026.05.11 19:20","1","0","F=0/0 X=1/1 xob=160.489-160.504" @ROWPACK_JUNE0525-B160_W3.csv:10690","3913","ROWPACK_JUNE0525-B160_W3.csv:10616"
"JUNE0525-B160","1617DC1ACCE6B50ED2D1359582A70A8B8503C569623EE90C18C6B33542796207","USDJPY","NY","2026.06.11","B","EXECUTED","B3","2026.06.11 14:35","XOB","2509","159.134-159.195","2026.05.29 18:20","2026.05.29 19:10","1","0","F=0/0 X=1/1 xob=160.489-160.504" @ROWPACK_JUNE0525-B160_W3.csv:10690","3913","ROWPACK_JUNE0525-B160_W3.csv:10631"
"JUNE0525-B160","1617DC1ACCE6B50ED2D1359582A70A8B8503C569623EE90C18C6B33542796207","USDJPY","NY","2026.06.11","B","EXECUTED","B3","2026.06.11 14:35","XOB","256","157.172-157.178","2026.05.12 01:10","2026.05.12 01:25","1","0","F=0/0 X=1/1 xob=160.489-160.504" @ROWPACK_JUNE0525-B160_W3.csv:10690","3913","ROWPACK_JUNE0525-B160_W3.csv:10617"
"JUNE0525-B160","1617DC1ACCE6B50ED2D1359582A70A8B8503C569623EE90C18C6B33542796207","USDJPY","NY","2026.06.11","B","EXECUTED","B3","2026.06.11 14:35","XOB","2566","159.382-159.407","2026.06.01 01:50","2026.06.01 03:15","1","0","F=0/0 X=1/1 xob=160.489-160.504" @ROWPACK_JUNE0525-B160_W3.csv:10690","3913","ROWPACK_JUNE0525-B160_W3.csv:10632"
"JUNE0525-B160","1617DC1ACCE6B50ED2D1359582A70A8B8503C569623EE90C18C6B33542796207","USDJPY","NY","2026.06.11","B","EXECUTED","B3","2026.06.11 14:35","XOB","261","157.184-157.192","2026.05.12 02:00","2026.05.12 03:00","1","0","F=0/0 X=1/1 xob=160.489-160.504" @ROWPACK_JUNE0525-B160_W3.csv:10690","3913","ROWPACK_JUNE0525-B160_W3.csv:10618"
"JUNE0525-B160","1617DC1ACCE6B50ED2D1359582A70A8B8503C569623EE90C18C6B33542796207","USDJPY","NY","2026.06.11","B","EXECUTED","B3","2026.06.11 14:35","XOB","2648","159.435-159.481","2026.06.01 15:40","2026.06.01 16:00","1","0","F=0/0 X=1/1 xob=160.489-160.504" @ROWPACK_JUNE0525-B160_W3.csv:10690","3913","ROWPACK_JUNE0525-B160_W3.csv:10633"
"JUNE0525-B160","1617DC1ACCE6B50ED2D1359582A70A8B8503C569623EE90C18C6B33542796207","USDJPY","NY","2026.06.11","B","EXECUTED","B3","2026.06.11 14:35","XOB","2716","159.576-159.603","2026.06.02 00:15","2026.06.02 03:10","1","0","F=0/0 X=1/1 xob=160.489-160.504" @ROWPACK_JUNE0525-B160_W3.csv:10690","3913","ROWPACK_JUNE0525-B160_W3.csv:10634"
"JUNE0525-B160","1617DC1ACCE6B50ED2D1359582A70A8B8503C569623EE90C18C6B33542796207","USDJPY","NY","2026.06.11","B","EXECUTED","B3","2026.06.11 14:35","XOB","2720","159.586-159.605","2026.06.02 00:50","2026.06.02 01:05","1","0","F=0/0 X=1/1 xob=160.489-160.504" @ROWPACK_JUNE0525-B160_W3.csv:10690","3913","ROWPACK_JUNE0525-B160_W3.csv:10635"
"JUNE0525-B160","1617DC1ACCE6B50ED2D1359582A70A8B8503C569623EE90C18C6B33542796207","USDJPY","NY","2026.06.11","B","EXECUTED","B3","2026.06.11 14:35","XOB","2945","159.579-159.675","2026.06.03 10:50","2026.06.03 11:15","1","0","F=0/0 X=1/1 xob=160.489-160.504" @ROWPACK_JUNE0525-B160_W3.csv:10690","3913","ROWPACK_JUNE0525-B160_W3.csv:10636"
"JUNE0525-B160","1617DC1ACCE6B50ED2D1359582A70A8B8503C569623EE90C18C6B33542796207","USDJPY","NY","2026.06.11","B","EXECUTED","B3","2026.06.11 14:35","XOB","313","157.331-157.497","2026.05.12 09:30","2026.05.12 10:00","1","0","F=0/0 X=1/1 xob=160.489-160.504" @ROWPACK_JUNE0525-B160_W3.csv:10690","3913","ROWPACK_JUNE0525-B160_W3.csv:10619"
"JUNE0525-B160","1617DC1ACCE6B50ED2D1359582A70A8B8503C569623EE90C18C6B33542796207","USDJPY","NY","2026.06.11","B","EXECUTED","B3","2026.06.11 14:35","XOB","3150","159.820-159.853","2026.06.04 15:50","2026.06.04 16:05","1","0","F=0/0 X=1/1 xob=160.489-160.504" @ROWPACK_JUNE0525-B160_W3.csv:10690","3913","ROWPACK_JUNE0525-B160_W3.csv:10637"
"JUNE0525-B160","1617DC1ACCE6B50ED2D1359582A70A8B8503C569623EE90C18C6B33542796207","USDJPY","NY","2026.06.11","B","EXECUTED","B3","2026.06.11 14:35","XOB","3308","159.881-159.916","2026.06.05 14:35","2026.06.05 15:40","1","0","F=0/0 X=1/1 xob=160.489-160.504" @ROWPACK_JUNE0525-B160_W3.csv:10690","3913","ROWPACK_JUNE0525-B160_W3.csv:10638"
"JUNE0525-B160","1617DC1ACCE6B50ED2D1359582A70A8B8503C569623EE90C18C6B33542796207","USDJPY","NY","2026.06.11","B","EXECUTED","B3","2026.06.11 14:35","XOB","3486","159.915-159.966","2026.06.08 15:40","2026.06.08 16:05","1","0","F=0/0 X=1/1 xob=160.489-160.504" @ROWPACK_JUNE0525-B160_W3.csv:10690","3913","ROWPACK_JUNE0525-B160_W3.csv:10639"
"JUNE0525-B160","1617DC1ACCE6B50ED2D1359582A70A8B8503C569623EE90C18C6B33542796207","USDJPY","NY","2026.06.11","B","EXECUTED","B3","2026.06.11 14:35","XOB","3672","160.147-160.220","2026.06.09 16:45","2026.06.09 17:55","1","0","F=0/0 X=1/1 xob=160.489-160.504" @ROWPACK_JUNE0525-B160_W3.csv:10690","3913","ROWPACK_JUNE0525-B160_W3.csv:10640"
"JUNE0525-B160","1617DC1ACCE6B50ED2D1359582A70A8B8503C569623EE90C18C6B33542796207","USDJPY","NY","2026.06.11","B","EXECUTED","B3","2026.06.11 14:35","XOB","3686","160.264-160.302","2026.06.09 18:35","2026.06.09 19:20","1","0","F=0/0 X=1/1 xob=160.489-160.504" @ROWPACK_JUNE0525-B160_W3.csv:10690","3913","ROWPACK_JUNE0525-B160_W3.csv:10641"
"JUNE0525-B160","1617DC1ACCE6B50ED2D1359582A70A8B8503C569623EE90C18C6B33542796207","USDJPY","NY","2026.06.11","B","EXECUTED","B3","2026.06.11 14:35","XOB","3705","160.299-160.316","2026.06.09 20:40","2026.06.09 22:05","1","0","F=0/0 X=1/1 xob=160.489-160.504" @ROWPACK_JUNE0525-B160_W3.csv:10690","3913","ROWPACK_JUNE0525-B160_W3.csv:10642"
"JUNE0525-B160","1617DC1ACCE6B50ED2D1359582A70A8B8503C569623EE90C18C6B33542796207","USDJPY","NY","2026.06.11","B","EXECUTED","B3","2026.06.11 14:35","XOB","3780","160.325-160.344","2026.06.10 09:00","2026.06.10 09:30","1","0","F=0/0 X=1/1 xob=160.489-160.504" @ROWPACK_JUNE0525-B160_W3.csv:10690","3913","ROWPACK_JUNE0525-B160_W3.csv:10643"
"JUNE0525-B160","1617DC1ACCE6B50ED2D1359582A70A8B8503C569623EE90C18C6B33542796207","USDJPY","NY","2026.06.11","B","EXECUTED","B3","2026.06.11 14:35","XOB","3836","160.403-160.430","2026.06.10 17:45","2026.06.10 18:00","1","0","F=0/0 X=1/1 xob=160.489-160.504" @ROWPACK_JUNE0525-B160_W3.csv:10690","3913","ROWPACK_JUNE0525-B160_W3.csv:10644"
"JUNE0525-B160","1617DC1ACCE6B50ED2D1359582A70A8B8503C569623EE90C18C6B33542796207","USDJPY","NY","2026.06.11","B","EXECUTED","B3","2026.06.11 14:35","XOB","3910","160.494-160.510","2026.06.11 05:05","2026.06.11 08:30","1","0","F=0/0 X=1/1 xob=160.489-160.504" @ROWPACK_JUNE0525-B160_W3.csv:10690","3913","ROWPACK_JUNE0525-B160_W3.csv:10645"
"JUNE0525-B160","1617DC1ACCE6B50ED2D1359582A70A8B8503C569623EE90C18C6B33542796207","USDJPY","NY","2026.06.11","B","EXECUTED","B3","2026.06.11 14:35","XOB","3913","160.489-160.504","2026.06.11 05:20","2026.06.11 08:30","1","1","F=0/0 X=1/1 xob=160.489-160.504" @ROWPACK_JUNE0525-B160_W3.csv:10690","3913","ROWPACK_JUNE0525-B160_W3.csv:10646"
"JUNE0525-B160","1617DC1ACCE6B50ED2D1359582A70A8B8503C569623EE90C18C6B33542796207","USDJPY","NY","2026.06.11","B","EXECUTED","B3","2026.06.11 14:35","XOB","414","157.517-157.589","2026.05.13 00:15","2026.05.13 01:10","1","0","F=0/0 X=1/1 xob=160.489-160.504" @ROWPACK_JUNE0525-B160_W3.csv:10690","3913","ROWPACK_JUNE0525-B160_W3.csv:10620"
"JUNE0525-B160","1617DC1ACCE6B50ED2D1359582A70A8B8503C569623EE90C18C6B33542796207","USDJPY","NY","2026.06.11","B","EXECUTED","B3","2026.06.11 14:35","XOB","447","157.562-157.648","2026.05.13 04:45","2026.05.13 06:20","1","0","F=0/0 X=1/1 xob=160.489-160.504" @ROWPACK_JUNE0525-B160_W3.csv:10690","3913","ROWPACK_JUNE0525-B160_W3.csv:10621"
"JUNE0525-B160","1617DC1ACCE6B50ED2D1359582A70A8B8503C569623EE90C18C6B33542796207","USDJPY","NY","2026.06.11","B","EXECUTED","B3","2026.06.11 14:35","XOB","449","157.599-157.654","2026.05.13 05:00","2026.05.13 05:15","1","0","F=0/0 X=1/1 xob=160.489-160.504" @ROWPACK_JUNE0525-B160_W3.csv:10690","3913","ROWPACK_JUNE0525-B160_W3.csv:10622"
"JUNE0525-B160","1617DC1ACCE6B50ED2D1359582A70A8B8503C569623EE90C18C6B33542796207","USDJPY","NY","2026.06.11","B","EXECUTED","B3","2026.06.11 14:35","XOB","460","157.645-157.660","2026.05.13 06:40","2026.05.13 07:05","1","0","F=0/0 X=1/1 xob=160.489-160.504" @ROWPACK_JUNE0525-B160_W3.csv:10690","3913","ROWPACK_JUNE0525-B160_W3.csv:10623"
"JUNE0525-B160","1617DC1ACCE6B50ED2D1359582A70A8B8503C569623EE90C18C6B33542796207","USDJPY","NY","2026.06.11","B","EXECUTED","B3","2026.06.11 14:35","XOB","65","156.672-156.773","2026.05.08 22:55","2026.05.11 04:10","1","0","F=0/0 X=1/1 xob=160.489-160.504" @ROWPACK_JUNE0525-B160_W3.csv:10690","3913","ROWPACK_JUNE0525-B160_W3.csv:10614"
"JUNE0525-B160","1617DC1ACCE6B50ED2D1359582A70A8B8503C569623EE90C18C6B33542796207","USDJPY","NY","2026.06.11","B","EXECUTED","B3","2026.06.11 14:35","XOB","696","157.568-158.167","2026.05.14 16:40","2026.05.14 18:05","1","0","F=0/0 X=1/1 xob=160.489-160.504" @ROWPACK_JUNE0525-B160_W3.csv:10690","3913","ROWPACK_JUNE0525-B160_W3.csv:10624"
"JUNE0525-B160","1617DC1ACCE6B50ED2D1359582A70A8B8503C569623EE90C18C6B33542796207","USDJPY","NY","2026.06.11","B","EXECUTED","B3","2026.06.11 14:35","XOB","714","158.107-158.142","2026.05.14 19:15","2026.05.14 19:30","1","0","F=0/0 X=1/1 xob=160.489-160.504" @ROWPACK_JUNE0525-B160_W3.csv:10690","3913","ROWPACK_JUNE0525-B160_W3.csv:10625"
"JUNE0525-B160","1617DC1ACCE6B50ED2D1359582A70A8B8503C569623EE90C18C6B33542796207","USDJPY","NY","2026.06.11","B","EXECUTED","B3","2026.06.11 14:35","XOB","724","158.168-158.186","NOT PRINTED","2026.05.14 21:00","1","0","F=0/0 X=1/1 xob=160.489-160.504" @ROWPACK_JUNE0525-B160_W3.csv:10690","3913","ROWPACK_JUNE0525-B160_W3.csv:10626"
"JUNE0525-B160","1617DC1ACCE6B50ED2D1359582A70A8B8503C569623EE90C18C6B33542796207","USDJPY","NY","2026.06.11","B","EXECUTED","B3","2026.06.11 14:35","XOB","78","156.578-156.584","2026.05.11 00:25","2026.05.11 00:35","1","0","F=0/0 X=1/1 xob=160.489-160.504" @ROWPACK_JUNE0525-B160_W3.csv:10690","3913","ROWPACK_JUNE0525-B160_W3.csv:10615"
"JUNE0525-B160","1617DC1ACCE6B50ED2D1359582A70A8B8503C569623EE90C18C6B33542796207","USDJPY","LDN","2026.06.03","B","EXECUTED","C-06-03","2026.06.03 09:05","XOB","1405","158.735-158.769","2026.05.20 18:45","2026.05.20 19:00","1","0","NOT PRINTED","2930","ROWPACK_JUNE0525-B160_W2.csv:4565"
"JUNE0525-B160","1617DC1ACCE6B50ED2D1359582A70A8B8503C569623EE90C18C6B33542796207","USDJPY","LDN","2026.06.03","B","EXECUTED","C-06-03","2026.06.03 09:05","XOB","1779","158.756-158.800","2026.05.25 04:25","2026.05.25 06:45","1","0","NOT PRINTED","2930","ROWPACK_JUNE0525-B160_W2.csv:4566"
"JUNE0525-B160","1617DC1ACCE6B50ED2D1359582A70A8B8503C569623EE90C18C6B33542796207","USDJPY","LDN","2026.06.03","B","EXECUTED","C-06-03","2026.06.03 09:05","XOB","1780","158.789-158.814","2026.05.25 04:35","2026.05.25 04:50","1","0","NOT PRINTED","2930","ROWPACK_JUNE0525-B160_W2.csv:4567"
"JUNE0525-B160","1617DC1ACCE6B50ED2D1359582A70A8B8503C569623EE90C18C6B33542796207","USDJPY","LDN","2026.06.03","B","EXECUTED","C-06-03","2026.06.03 09:05","XOB","1949","158.916-158.934","2026.05.26 06:45","2026.05.26 07:25","1","0","NOT PRINTED","2930","ROWPACK_JUNE0525-B160_W2.csv:4568"
"JUNE0525-B160","1617DC1ACCE6B50ED2D1359582A70A8B8503C569623EE90C18C6B33542796207","USDJPY","LDN","2026.06.03","B","EXECUTED","C-06-03","2026.06.03 09:05","XOB","212","157.028-157.060","2026.05.11 18:50","2026.05.11 19:20","1","0","NOT PRINTED","2930","ROWPACK_JUNE0525-B160_W2.csv:4554"
"JUNE0525-B160","1617DC1ACCE6B50ED2D1359582A70A8B8503C569623EE90C18C6B33542796207","USDJPY","LDN","2026.06.03","B","EXECUTED","C-06-03","2026.06.03 09:05","XOB","2509","159.134-159.195","2026.05.29 18:20","2026.05.29 19:10","1","0","NOT PRINTED","2930","ROWPACK_JUNE0525-B160_W2.csv:4569"
"JUNE0525-B160","1617DC1ACCE6B50ED2D1359582A70A8B8503C569623EE90C18C6B33542796207","USDJPY","LDN","2026.06.03","B","EXECUTED","C-06-03","2026.06.03 09:05","XOB","256","157.172-157.178","2026.05.12 01:10","2026.05.12 01:25","1","0","NOT PRINTED","2930","ROWPACK_JUNE0525-B160_W2.csv:4555"
"JUNE0525-B160","1617DC1ACCE6B50ED2D1359582A70A8B8503C569623EE90C18C6B33542796207","USDJPY","LDN","2026.06.03","B","EXECUTED","C-06-03","2026.06.03 09:05","XOB","261","157.184-157.192","2026.05.12 02:00","2026.05.12 03:00","1","0","NOT PRINTED","2930","ROWPACK_JUNE0525-B160_W2.csv:4556"
"JUNE0525-B160","1617DC1ACCE6B50ED2D1359582A70A8B8503C569623EE90C18C6B33542796207","USDJPY","LDN","2026.06.03","B","EXECUTED","C-06-03","2026.06.03 09:05","XOB","2820","159.792-159.823","2026.06.02 16:55","2026.06.02 17:10","1","0","NOT PRINTED","2930","ROWPACK_JUNE0525-B160_W2.csv:4570"
"JUNE0525-B160","1617DC1ACCE6B50ED2D1359582A70A8B8503C569623EE90C18C6B33542796207","USDJPY","LDN","2026.06.03","B","EXECUTED","C-06-03","2026.06.03 09:05","XOB","2928","159.894-159.912","2026.06.03 08:30","2026.06.03 08:50","1","0","NOT PRINTED","2930","ROWPACK_JUNE0525-B160_W2.csv:4571"
"JUNE0525-B160","1617DC1ACCE6B50ED2D1359582A70A8B8503C569623EE90C18C6B33542796207","USDJPY","LDN","2026.06.03","B","EXECUTED","C-06-03","2026.06.03 09:05","XOB","2930","","2026.06.03 08:45","","1","1","NOT PRINTED","2930",""
"JUNE0525-B160","1617DC1ACCE6B50ED2D1359582A70A8B8503C569623EE90C18C6B33542796207","USDJPY","LDN","2026.06.03","B","EXECUTED","C-06-03","2026.06.03 09:05","XOB","313","157.331-157.497","2026.05.12 09:30","2026.05.12 10:00","1","0","NOT PRINTED","2930","ROWPACK_JUNE0525-B160_W2.csv:4557"
"JUNE0525-B160","1617DC1ACCE6B50ED2D1359582A70A8B8503C569623EE90C18C6B33542796207","USDJPY","LDN","2026.06.03","B","EXECUTED","C-06-03","2026.06.03 09:05","XOB","414","157.517-157.589","2026.05.13 00:15","2026.05.13 01:10","1","0","NOT PRINTED","2930","ROWPACK_JUNE0525-B160_W2.csv:4558"
"JUNE0525-B160","1617DC1ACCE6B50ED2D1359582A70A8B8503C569623EE90C18C6B33542796207","USDJPY","LDN","2026.06.03","B","EXECUTED","C-06-03","2026.06.03 09:05","XOB","447","157.562-157.648","2026.05.13 04:45","2026.05.13 06:20","1","0","NOT PRINTED","2930","ROWPACK_JUNE0525-B160_W2.csv:4559"
"JUNE0525-B160","1617DC1ACCE6B50ED2D1359582A70A8B8503C569623EE90C18C6B33542796207","USDJPY","LDN","2026.06.03","B","EXECUTED","C-06-03","2026.06.03 09:05","XOB","449","157.599-157.654","2026.05.13 05:00","2026.05.13 05:15","1","0","NOT PRINTED","2930","ROWPACK_JUNE0525-B160_W2.csv:4560"
"JUNE0525-B160","1617DC1ACCE6B50ED2D1359582A70A8B8503C569623EE90C18C6B33542796207","USDJPY","LDN","2026.06.03","B","EXECUTED","C-06-03","2026.06.03 09:05","XOB","460","157.645-157.660","2026.05.13 06:40","2026.05.13 07:05","1","0","NOT PRINTED","2930","ROWPACK_JUNE0525-B160_W2.csv:4561"
"JUNE0525-B160","1617DC1ACCE6B50ED2D1359582A70A8B8503C569623EE90C18C6B33542796207","USDJPY","LDN","2026.06.03","B","EXECUTED","C-06-03","2026.06.03 09:05","XOB","65","156.672-156.773","2026.05.08 22:55","2026.05.11 04:10","1","0","NOT PRINTED","2930","ROWPACK_JUNE0525-B160_W2.csv:4552"
"JUNE0525-B160","1617DC1ACCE6B50ED2D1359582A70A8B8503C569623EE90C18C6B33542796207","USDJPY","LDN","2026.06.03","B","EXECUTED","C-06-03","2026.06.03 09:05","XOB","696","157.568-158.167","2026.05.14 16:40","2026.05.14 18:05","1","0","NOT PRINTED","2930","ROWPACK_JUNE0525-B160_W2.csv:4562"
"JUNE0525-B160","1617DC1ACCE6B50ED2D1359582A70A8B8503C569623EE90C18C6B33542796207","USDJPY","LDN","2026.06.03","B","EXECUTED","C-06-03","2026.06.03 09:05","XOB","714","158.107-158.142","2026.05.14 19:15","2026.05.14 19:30","1","0","NOT PRINTED","2930","ROWPACK_JUNE0525-B160_W2.csv:4563"
"JUNE0525-B160","1617DC1ACCE6B50ED2D1359582A70A8B8503C569623EE90C18C6B33542796207","USDJPY","LDN","2026.06.03","B","EXECUTED","C-06-03","2026.06.03 09:05","XOB","724","158.168-158.186","NOT PRINTED","2026.05.14 21:00","1","0","NOT PRINTED","2930","ROWPACK_JUNE0525-B160_W2.csv:4564"
"JUNE0525-B160","1617DC1ACCE6B50ED2D1359582A70A8B8503C569623EE90C18C6B33542796207","USDJPY","LDN","2026.06.03","B","EXECUTED","C-06-03","2026.06.03 09:05","XOB","78","156.578-156.584","2026.05.11 00:25","2026.05.11 00:35","1","0","NOT PRINTED","2930","ROWPACK_JUNE0525-B160_W2.csv:4553"
"JUNE0525-B160","1617DC1ACCE6B50ED2D1359582A70A8B8503C569623EE90C18C6B33542796207","USDJPY","NY","2026.05.27","B","EXECUTED","C-05-27","2026.05.27 15:30","XOB","1405","158.735-158.769","2026.05.20 18:45","2026.05.20 19:00","1","0","NOT PRINTED","2094","ROWPACK_JUNE0525-B160_W1.csv:4922"
"JUNE0525-B160","1617DC1ACCE6B50ED2D1359582A70A8B8503C569623EE90C18C6B33542796207","USDJPY","NY","2026.05.27","B","EXECUTED","C-05-27","2026.05.27 15:30","XOB","1779","158.756-158.800","2026.05.25 04:25","2026.05.25 06:45","1","0","NOT PRINTED","2094","ROWPACK_JUNE0525-B160_W1.csv:4923"
"JUNE0525-B160","1617DC1ACCE6B50ED2D1359582A70A8B8503C569623EE90C18C6B33542796207","USDJPY","NY","2026.05.27","B","EXECUTED","C-05-27","2026.05.27 15:30","XOB","1780","158.789-158.814","2026.05.25 04:35","2026.05.25 04:50","1","0","NOT PRINTED","2094","ROWPACK_JUNE0525-B160_W1.csv:4924"
"JUNE0525-B160","1617DC1ACCE6B50ED2D1359582A70A8B8503C569623EE90C18C6B33542796207","USDJPY","NY","2026.05.27","B","EXECUTED","C-05-27","2026.05.27 15:30","XOB","1949","158.916-158.934","2026.05.26 06:45","2026.05.26 07:25","1","0","NOT PRINTED","2094","ROWPACK_JUNE0525-B160_W1.csv:4925"
"JUNE0525-B160","1617DC1ACCE6B50ED2D1359582A70A8B8503C569623EE90C18C6B33542796207","USDJPY","NY","2026.05.27","B","EXECUTED","C-05-27","2026.05.27 15:30","XOB","2088","159.264-159.290","2026.05.27 05:30","2026.05.27 08:40","1","0","NOT PRINTED","2094","ROWPACK_JUNE0525-B160_W1.csv:4926"
"JUNE0525-B160","1617DC1ACCE6B50ED2D1359582A70A8B8503C569623EE90C18C6B33542796207","USDJPY","NY","2026.05.27","B","EXECUTED","C-05-27","2026.05.27 15:30","XOB","2094","159.190-159.208","2026.05.27 06:20","2026.05.27 06:40","1","1","NOT PRINTED","2094","ROWPACK_JUNE0525-B160_W1.csv:4927"
"JUNE0525-B160","1617DC1ACCE6B50ED2D1359582A70A8B8503C569623EE90C18C6B33542796207","USDJPY","NY","2026.05.27","B","EXECUTED","C-05-27","2026.05.27 15:30","XOB","212","157.028-157.060","2026.05.11 18:50","2026.05.11 19:20","1","0","NOT PRINTED","2094","ROWPACK_JUNE0525-B160_W1.csv:4911"
"JUNE0525-B160","1617DC1ACCE6B50ED2D1359582A70A8B8503C569623EE90C18C6B33542796207","USDJPY","NY","2026.05.27","B","EXECUTED","C-05-27","2026.05.27 15:30","XOB","256","157.172-157.178","2026.05.12 01:10","2026.05.12 01:25","1","0","NOT PRINTED","2094","ROWPACK_JUNE0525-B160_W1.csv:4912"
"JUNE0525-B160","1617DC1ACCE6B50ED2D1359582A70A8B8503C569623EE90C18C6B33542796207","USDJPY","NY","2026.05.27","B","EXECUTED","C-05-27","2026.05.27 15:30","XOB","261","157.184-157.192","2026.05.12 02:00","2026.05.12 03:00","1","0","NOT PRINTED","2094","ROWPACK_JUNE0525-B160_W1.csv:4913"
"JUNE0525-B160","1617DC1ACCE6B50ED2D1359582A70A8B8503C569623EE90C18C6B33542796207","USDJPY","NY","2026.05.27","B","EXECUTED","C-05-27","2026.05.27 15:30","XOB","313","157.331-157.497","2026.05.12 09:30","2026.05.12 10:00","1","0","NOT PRINTED","2094","ROWPACK_JUNE0525-B160_W1.csv:4914"
"JUNE0525-B160","1617DC1ACCE6B50ED2D1359582A70A8B8503C569623EE90C18C6B33542796207","USDJPY","NY","2026.05.27","B","EXECUTED","C-05-27","2026.05.27 15:30","XOB","414","157.517-157.589","2026.05.13 00:15","2026.05.13 01:10","1","0","NOT PRINTED","2094","ROWPACK_JUNE0525-B160_W1.csv:4915"
"JUNE0525-B160","1617DC1ACCE6B50ED2D1359582A70A8B8503C569623EE90C18C6B33542796207","USDJPY","NY","2026.05.27","B","EXECUTED","C-05-27","2026.05.27 15:30","XOB","447","157.562-157.648","2026.05.13 04:45","2026.05.13 06:20","1","0","NOT PRINTED","2094","ROWPACK_JUNE0525-B160_W1.csv:4916"
"JUNE0525-B160","1617DC1ACCE6B50ED2D1359582A70A8B8503C569623EE90C18C6B33542796207","USDJPY","NY","2026.05.27","B","EXECUTED","C-05-27","2026.05.27 15:30","XOB","449","157.599-157.654","2026.05.13 05:00","2026.05.13 05:15","1","0","NOT PRINTED","2094","ROWPACK_JUNE0525-B160_W1.csv:4917"
"JUNE0525-B160","1617DC1ACCE6B50ED2D1359582A70A8B8503C569623EE90C18C6B33542796207","USDJPY","NY","2026.05.27","B","EXECUTED","C-05-27","2026.05.27 15:30","XOB","460","157.645-157.660","2026.05.13 06:40","2026.05.13 07:05","1","0","NOT PRINTED","2094","ROWPACK_JUNE0525-B160_W1.csv:4918"
"JUNE0525-B160","1617DC1ACCE6B50ED2D1359582A70A8B8503C569623EE90C18C6B33542796207","USDJPY","NY","2026.05.27","B","EXECUTED","C-05-27","2026.05.27 15:30","XOB","65","156.672-156.773","2026.05.08 22:55","2026.05.11 04:10","1","0","NOT PRINTED","2094","ROWPACK_JUNE0525-B160_W1.csv:4909"
"JUNE0525-B160","1617DC1ACCE6B50ED2D1359582A70A8B8503C569623EE90C18C6B33542796207","USDJPY","NY","2026.05.27","B","EXECUTED","C-05-27","2026.05.27 15:30","XOB","696","157.568-158.167","2026.05.14 16:40","2026.05.14 18:05","1","0","NOT PRINTED","2094","ROWPACK_JUNE0525-B160_W1.csv:4919"
"JUNE0525-B160","1617DC1ACCE6B50ED2D1359582A70A8B8503C569623EE90C18C6B33542796207","USDJPY","NY","2026.05.27","B","EXECUTED","C-05-27","2026.05.27 15:30","XOB","714","158.107-158.142","2026.05.14 19:15","2026.05.14 19:30","1","0","NOT PRINTED","2094","ROWPACK_JUNE0525-B160_W1.csv:4920"
"JUNE0525-B160","1617DC1ACCE6B50ED2D1359582A70A8B8503C569623EE90C18C6B33542796207","USDJPY","NY","2026.05.27","B","EXECUTED","C-05-27","2026.05.27 15:30","XOB","724","158.168-158.186","NOT PRINTED","2026.05.14 21:00","1","0","NOT PRINTED","2094","ROWPACK_JUNE0525-B160_W1.csv:4921"
"JUNE0525-B160","1617DC1ACCE6B50ED2D1359582A70A8B8503C569623EE90C18C6B33542796207","USDJPY","NY","2026.05.27","B","EXECUTED","C-05-27","2026.05.27 15:30","XOB","78","156.578-156.584","2026.05.11 00:25","2026.05.11 00:35","1","0","NOT PRINTED","2094","ROWPACK_JUNE0525-B160_W1.csv:4910"
