symbol,date,dow,ticks,minutes,bars,src_m1_info,first_tick,last_tick,max_gap,verdict
EURUSD_RAW,2026.08.17,Mon,43053,1369,1369,1429,2026.08.17 00:00:09,2026.08.17 23:59:59,1h00m,GAP
EURUSD_RAW,2026.08.18,Tue,40179,1430,1430,1430,2026.08.18 00:00:00,2026.08.18 23:59:59,,OK
EURUSD_RAW,2026.08.19,Wed,70684,1437,1437,1437,2026.08.19 00:00:00,2026.08.19 23:59:59,,OK
EURUSD_RAW,2026.08.20,Thu,69370,1433,1433,1433,2026.08.20 00:00:00,2026.08.20 23:59:59,,OK
EURUSD_RAW,2026.08.21,Fri,55999,1427,1427,1427,2026.08.21 00:00:00,2026.08.21 23:59:59,,OK
EURUSD_RAW,2026.08.22,Sat,0,0,0,0,-,-,,CLOSED
EURUSD_RAW,2026.08.23,Sun,0,0,0,0,-,-,,CLOSED
EURUSD_RAW,2026.08.24,Mon,45035,1131,1131,1425,2026.08.24 00:00:04,2026.08.24 22:59:58,2h00m,GAP
EURUSD_RAW,2026.08.25,Tue,46456,1426,1426,1426,2026.08.25 00:00:00,2026.08.25 23:59:59,1h00m,GAP
EURUSD_RAW,2026.08.26,Wed,39709,1375,1375,1435,2026.08.26 00:00:00,2026.08.26 23:59:59,1h00m,GAP
EURUSD_RAW,2026.08.27,Thu,42067,1433,1433,1433,2026.08.27 00:00:00,2026.08.27 23:59:59,,OK
EURUSD_RAW,2026.08.28,Fri,61683,1434,1434,1434,2026.08.28 00:00:00,2026.08.28 23:59:59,,OK
EURUSD_RAW,2026.08.29,Sat,0,0,0,0,-,-,,CLOSED
EURUSD_RAW,2026.08.30,Sun,0,0,0,0,-,-,,CLOSED
EURUSD_RAW,2026.08.31,Mon,36412,1196,1196,1435,2026.08.31 00:00:03,2026.08.31 23:59:59,2h00m,GAP
EURUSD_RAW,2026.09.01,Tue,44003,1376,1376,1435,2026.09.01 00:00:00,2026.09.01 23:59:59,1h00m,GAP
EURUSD_RAW,2026.09.02,Wed,56420,1430,1430,1430,2026.09.02 00:00:00,2026.09.02 23:59:57,,OK
EURUSD_RAW,2026.09.03,Thu,68756,1437,1437,1437,2026.09.03 00:00:00,2026.09.03 23:59:58,,OK
EURUSD_RAW,2026.09.04,Fri,61302,1435,1435,1435,2026.09.04 00:00:00,2026.09.04 23:59:59,,OK
GBPUSD_RAW,2026.08.17,Mon,61422,1370,1370,1427,2026.08.17 00:04:00,2026.08.17 23:59:59,1h00m,GAP
GBPUSD_RAW,2026.08.18,Tue,63627,1376,1376,1436,2026.08.18 00:00:00,2026.08.18 22:59:59,,OK
GBPUSD_RAW,2026.08.19,Wed,92337,1318,1318,1438,2026.08.19 00:00:00,2026.08.19 23:59:59,2h00m,GAP
GBPUSD_RAW,2026.08.20,Thu,93408,1312,1312,1431,2026.08.20 00:00:00,2026.08.20 22:59:59,1h00m,GAP
GBPUSD_RAW,2026.08.21,Fri,82954,1376,1376,1436,2026.08.21 00:00:00,2026.08.21 23:59:59,1h00m,GAP
GBPUSD_RAW,2026.08.22,Sat,0,0,0,0,-,-,,CLOSED
GBPUSD_RAW,2026.08.23,Sun,0,0,0,0,-,-,,CLOSED
GBPUSD_RAW,2026.08.24,Mon,78494,1249,1249,1426,2026.08.24 00:03:11,2026.08.24 23:59:59,1h00m,GAP
GBPUSD_RAW,2026.08.25,Tue,76573,1433,1433,1433,2026.08.25 00:00:00,2026.08.25 23:59:59,,OK
GBPUSD_RAW,2026.08.26,Wed,67623,1432,1432,1432,2026.08.26 00:00:00,2026.08.26 23:59:59,,OK
GBPUSD_RAW,2026.08.27,Thu,75457,1426,1426,1426,2026.08.27 00:00:00,2026.08.27 23:59:59,,OK
GBPUSD_RAW,2026.08.28,Fri,83908,1369,1369,1429,2026.08.28 00:00:00,2026.08.28 23:59:59,1h00m,GAP
GBPUSD_RAW,2026.08.29,Sat,0,0,0,0,-,-,,CLOSED
GBPUSD_RAW,2026.08.30,Sun,0,0,0,0,-,-,,CLOSED
GBPUSD_RAW,2026.08.31,Mon,68569,1308,1308,1426,2026.08.31 00:00:04,2026.08.31 23:59:59,2h00m,GAP
GBPUSD_RAW,2026.09.01,Tue,68591,1436,1436,1436,2026.09.01 00:00:00,2026.09.01 23:59:59,,OK
GBPUSD_RAW,2026.09.02,Wed,92654,1431,1431,1430,2026.09.02 00:00:00,2026.09.02 23:59:55,,OK
GBPUSD_RAW,2026.09.03,Thu,96838,1436,1436,1436,2026.09.03 00:00:00,2026.09.03 23:59:58,,OK
GBPUSD_RAW,2026.09.04,Fri,87440,1436,1436,1436,2026.09.04 00:00:00,2026.09.04 23:59:59,,OK
USDJPY_RAW,2026.08.17,Mon,79374,1429,1429,1427,2026.08.17 00:00:24,2026.08.17 23:59:59,,OK
USDJPY_RAW,2026.08.18,Tue,71755,1436,1436,1436,2026.08.18 00:00:00,2026.08.18 23:59:59,,OK
USDJPY_RAW,2026.08.19,Wed,135375,1438,1438,1438,2026.08.19 00:00:00,2026.08.19 23:59:59,,OK
USDJPY_RAW,2026.08.20,Thu,128730,1440,1440,1440,2026.08.20 00:00:00,2026.08.20 23:59:59,,OK
USDJPY_RAW,2026.08.21,Fri,110538,1438,1438,1438,2026.08.21 00:00:00,2026.08.21 23:59:59,,OK
USDJPY_RAW,2026.08.22,Sat,0,0,0,0,-,-,,CLOSED
USDJPY_RAW,2026.08.23,Sun,0,0,0,0,-,-,,CLOSED
USDJPY_RAW,2026.08.24,Mon,101911,1431,1431,1428,2026.08.24 00:00:07,2026.08.24 23:59:59,,OK
USDJPY_RAW,2026.08.25,Tue,90236,1434,1434,1434,2026.08.25 00:00:00,2026.08.25 23:59:59,,OK
USDJPY_RAW,2026.08.26,Wed,86272,1435,1435,1435,2026.08.26 00:00:00,2026.08.26 23:59:59,,OK
USDJPY_RAW,2026.08.27,Thu,79410,1434,1434,1434,2026.08.27 00:00:00,2026.08.27 23:59:59,,OK
USDJPY_RAW,2026.08.28,Fri,87692,1436,1436,1435,2026.08.28 00:00:00,2026.08.28 23:59:59,,OK
USDJPY_RAW,2026.08.29,Sat,0,0,0,0,-,-,,CLOSED
USDJPY_RAW,2026.08.30,Sun,0,0,0,0,-,-,,CLOSED
USDJPY_RAW,2026.08.31,Mon,81308,1188,1188,1426,2026.08.31 00:04:00,2026.08.31 23:59:59,2h00m,GAP
USDJPY_RAW,2026.09.01,Tue,73232,1317,1317,1436,2026.09.01 00:00:00,2026.09.01 22:59:58,1h00m,GAP
USDJPY_RAW,2026.09.02,Wed,127549,1258,1258,1436,2026.09.02 00:00:00,2026.09.02 23:59:57,2h00m,GAP
USDJPY_RAW,2026.09.03,Thu,218593,1379,1379,1439,2026.09.03 00:00:00,2026.09.03 23:59:59,1h00m,GAP
USDJPY_RAW,2026.09.04,Fri,173061,1439,1439,1439,2026.09.04 00:00:00,2026.09.04 23:59:59,,OK
