symbol,gap_from,gap_to,duration
EURUSD_RAW,2026.08.17 02:59:46,2026.08.17 04:00:00,1h00m
EURUSD_RAW,2026.08.24 05:59:59,2026.08.24 08:00:00,2h00m
EURUSD_RAW,2026.08.24 16:59:59,2026.08.24 18:00:00,1h00m
EURUSD_RAW,2026.08.24 20:59:53,2026.08.24 22:00:00,1h00m
EURUSD_RAW,2026.08.24 22:59:58,2026.08.25 00:00:00,1h00m
EURUSD_RAW,2026.08.26 16:59:59,2026.08.26 18:00:00,1h00m
EURUSD_RAW,2026.08.31 02:59:53,2026.08.31 04:00:01,1h00m
EURUSD_RAW,2026.08.31 07:59:53,2026.08.31 09:00:00,1h00m
EURUSD_RAW,2026.08.31 09:59:54,2026.08.31 12:00:01,2h00m
EURUSD_RAW,2026.09.01 01:59:48,2026.09.01 03:00:00,1h00m
GBPUSD_RAW,2026.08.17 11:59:51,2026.08.17 13:00:00,1h00m
GBPUSD_RAW,2026.08.18 22:59:59,2026.08.19 00:00:00,1h00m
GBPUSD_RAW,2026.08.19 01:59:17,2026.08.19 04:00:00,2h00m
GBPUSD_RAW,2026.08.20 19:59:59,2026.08.20 21:00:00,1h00m
GBPUSD_RAW,2026.08.20 22:59:59,2026.08.21 00:00:00,1h00m
GBPUSD_RAW,2026.08.21 11:59:59,2026.08.21 13:00:00,1h00m
GBPUSD_RAW,2026.08.24 00:59:59,2026.08.24 02:00:05,1h00m
GBPUSD_RAW,2026.08.24 02:59:55,2026.08.24 04:00:00,1h00m
GBPUSD_RAW,2026.08.24 05:59:51,2026.08.24 07:00:01,1h00m
GBPUSD_RAW,2026.08.28 11:59:58,2026.08.28 13:00:00,1h00m
GBPUSD_RAW,2026.08.31 06:59:59,2026.08.31 09:00:00,2h00m
USDJPY_RAW,2026.08.31 07:59:54,2026.08.31 09:00:00,1h00m
USDJPY_RAW,2026.08.31 14:59:59,2026.08.31 17:00:00,2h00m
USDJPY_RAW,2026.08.31 17:59:59,2026.08.31 19:00:00,1h00m
USDJPY_RAW,2026.09.01 15:59:59,2026.09.01 17:00:00,1h00m
USDJPY_RAW,2026.09.01 22:59:58,2026.09.02 00:00:00,1h00m
USDJPY_RAW,2026.09.02 13:59:59,2026.09.02 16:00:00,2h00m
USDJPY_RAW,2026.09.02 17:59:58,2026.09.02 19:00:00,1h00m
USDJPY_RAW,2026.09.03 06:59:59,2026.09.03 08:00:00,1h00m
