deal,side,date,time,price,volume,register_row
2,sell,2026-08-28,10:05,1.16466,2.38,A1
3,buy,2026-08-28,11:35,1.16467,2.38,A1
4,buy,2026-09-01,17:35,1.16024,2.04,A2
5,sell,2026-09-01,17:50,1.15987,2.04,A2
6,buy,2026-09-04,16:00,1.16019,0.57,A3
7,sell,2026-09-04,23:55,1.16129,0.57,A3
8,buy,2026-09-07,09:20,1.16138,2.49,A4
9,sell,2026-09-07,10:53,1.16201,2.49,A4
10,buy,2026-09-07,16:45,1.16264,3.9,A5
11,sell,2026-09-07,17:13,1.16315,3.9,A5
12,sell,2026-09-08,10:10,1.16205,1.95,A6
13,buy,2026-09-08,10:42,1.16102,1.95,A6
14,sell,2026-09-08,17:00,1.16220,1.95,A7
15,buy,2026-09-08,17:26,1.16275,1.95,A7
