pack_line,run,ea_sha,log_file,log_line,date,time,open,high,low,close,strict_swing_high,strict_swing_low
1,RECON62-B153,5A5BD1F0C97F0B9F3F8357A3290EE17E720660278454DE7AC1C372B46184D2B2,Tester/logs/20261010.log,1913876,2026-09-08,08:55,1.16275,1.16308,1.16275,1.16305,,
2,RECON62-B153,5A5BD1F0C97F0B9F3F8357A3290EE17E720660278454DE7AC1C372B46184D2B2,Tester/logs/20261010.log,1913907,2026-09-08,09:00,1.16309,1.16343,1.16297,1.16342,0,0
3,RECON62-B153,5A5BD1F0C97F0B9F3F8357A3290EE17E720660278454DE7AC1C372B46184D2B2,Tester/logs/20261010.log,1913940,2026-09-08,09:05,1.16344,1.16359,1.16311,1.16312,1,0
4,RECON62-B153,5A5BD1F0C97F0B9F3F8357A3290EE17E720660278454DE7AC1C372B46184D2B2,Tester/logs/20261010.log,1913977,2026-09-08,09:10,1.16311,1.16311,1.16286,1.16301,0,0
5,RECON62-B153,5A5BD1F0C97F0B9F3F8357A3290EE17E720660278454DE7AC1C372B46184D2B2,Tester/logs/20261010.log,1914012,2026-09-08,09:15,1.16300,1.16303,1.16252,1.16252,0,0
6,RECON62-B153,5A5BD1F0C97F0B9F3F8357A3290EE17E720660278454DE7AC1C372B46184D2B2,Tester/logs/20261010.log,1914066,2026-09-08,09:20,1.16255,1.16256,1.16230,1.16256,0,1
7,RECON62-B153,5A5BD1F0C97F0B9F3F8357A3290EE17E720660278454DE7AC1C372B46184D2B2,Tester/logs/20261010.log,1914119,2026-09-08,09:25,1.16257,1.16266,1.16242,1.16245,1,0
8,RECON62-B153,5A5BD1F0C97F0B9F3F8357A3290EE17E720660278454DE7AC1C372B46184D2B2,Tester/logs/20261010.log,1914156,2026-09-08,09:30,1.16244,1.16250,1.16225,1.16229,0,0
9,RECON62-B153,5A5BD1F0C97F0B9F3F8357A3290EE17E720660278454DE7AC1C372B46184D2B2,Tester/logs/20261010.log,1914204,2026-09-08,09:35,1.16228,1.16233,1.16211,1.16230,0,1
10,RECON62-B153,5A5BD1F0C97F0B9F3F8357A3290EE17E720660278454DE7AC1C372B46184D2B2,Tester/logs/20261010.log,1914514,2026-09-08,09:40,1.16230,1.16258,1.16230,1.16248,1,0
11,RECON62-B153,5A5BD1F0C97F0B9F3F8357A3290EE17E720660278454DE7AC1C372B46184D2B2,Tester/logs/20261010.log,1914562,2026-09-08,09:45,1.16247,1.16250,1.16232,1.16240,0,0
12,RECON62-B153,5A5BD1F0C97F0B9F3F8357A3290EE17E720660278454DE7AC1C372B46184D2B2,Tester/logs/20261010.log,1914607,2026-09-08,09:50,1.16238,1.16251,1.16227,1.16232,1,0
13,RECON62-B153,5A5BD1F0C97F0B9F3F8357A3290EE17E720660278454DE7AC1C372B46184D2B2,Tester/logs/20261010.log,1914648,2026-09-08,09:55,1.16233,1.16233,1.16210,1.16210,0,0
14,RECON62-B153,5A5BD1F0C97F0B9F3F8357A3290EE17E720660278454DE7AC1C372B46184D2B2,Tester/logs/20261010.log,1914681,2026-09-08,10:00,1.16210,1.16229,1.16198,1.16223,0,1
15,RECON62-B153,5A5BD1F0C97F0B9F3F8357A3290EE17E720660278454DE7AC1C372B46184D2B2,Tester/logs/20261010.log,1914744,2026-09-08,10:05,1.16222,1.16232,1.16206,1.16207,1,0
16,RECON62-B153,5A5BD1F0C97F0B9F3F8357A3290EE17E720660278454DE7AC1C372B46184D2B2,Tester/logs/20261010.log,1915170,2026-09-08,10:10,1.16205,1.16206,1.16177,1.16190,0,0
17,RECON62-B153,5A5BD1F0C97F0B9F3F8357A3290EE17E720660278454DE7AC1C372B46184D2B2,Tester/logs/20261010.log,1915229,2026-09-08,10:15,1.16189,1.16191,1.16166,1.16174,0,0
18,RECON62-B153,5A5BD1F0C97F0B9F3F8357A3290EE17E720660278454DE7AC1C372B46184D2B2,Tester/logs/20261010.log,1915274,2026-09-08,10:20,1.16176,1.16177,1.16137,1.16142,0,0
19,RECON62-B153,5A5BD1F0C97F0B9F3F8357A3290EE17E720660278454DE7AC1C372B46184D2B2,Tester/logs/20261010.log,1915319,2026-09-08,10:25,1.16142,1.16158,1.16131,1.16147,0,1
20,RECON62-B153,5A5BD1F0C97F0B9F3F8357A3290EE17E720660278454DE7AC1C372B46184D2B2,Tester/logs/20261010.log,1915363,2026-09-08,10:30,1.16145,1.16164,1.16135,1.16136,1,0
21,RECON62-B153,5A5BD1F0C97F0B9F3F8357A3290EE17E720660278454DE7AC1C372B46184D2B2,Tester/logs/20261010.log,1915405,2026-09-08,10:35,1.16135,1.16145,1.16118,1.16122,0,0
22,RECON62-B153,5A5BD1F0C97F0B9F3F8357A3290EE17E720660278454DE7AC1C372B46184D2B2,Tester/logs/20261010.log,1915452,2026-09-08,10:40,1.16122,1.16125,1.16098,1.16124,0,1
23,RECON62-B153,5A5BD1F0C97F0B9F3F8357A3290EE17E720660278454DE7AC1C372B46184D2B2,Tester/logs/20261010.log,1915497,2026-09-08,10:45,1.16125,1.16138,1.16114,1.16119,1,0
24,RECON62-B153,5A5BD1F0C97F0B9F3F8357A3290EE17E720660278454DE7AC1C372B46184D2B2,Tester/logs/20261010.log,1915529,2026-09-08,10:50,1.16120,1.16131,1.16098,1.16100,0,0
25,RECON62-B153,5A5BD1F0C97F0B9F3F8357A3290EE17E720660278454DE7AC1C372B46184D2B2,Tester/logs/20261010.log,1915557,2026-09-08,10:55,1.16100,1.16128,1.16098,1.16128,0,0
26,RECON62-B153,5A5BD1F0C97F0B9F3F8357A3290EE17E720660278454DE7AC1C372B46184D2B2,Tester/logs/20261010.log,1915584,2026-09-08,11:00,1.16127,1.16145,1.16114,1.16133,0,0
27,RECON62-B153,5A5BD1F0C97F0B9F3F8357A3290EE17E720660278454DE7AC1C372B46184D2B2,Tester/logs/20261010.log,1915611,2026-09-08,11:05,1.16134,1.16162,1.16101,1.16101,1,0
28,RECON62-B153,5A5BD1F0C97F0B9F3F8357A3290EE17E720660278454DE7AC1C372B46184D2B2,Tester/logs/20261010.log,1915640,2026-09-08,11:10,1.16102,1.16125,1.16099,1.16100,0,0
29,RECON62-B153,5A5BD1F0C97F0B9F3F8357A3290EE17E720660278454DE7AC1C372B46184D2B2,Tester/logs/20261010.log,1915669,2026-09-08,11:15,1.16100,1.16112,1.16083,1.16112,0,1
30,RECON62-B153,5A5BD1F0C97F0B9F3F8357A3290EE17E720660278454DE7AC1C372B46184D2B2,Tester/logs/20261010.log,1915699,2026-09-08,11:20,1.16112,1.16132,1.16099,1.16129,0,0
31,RECON62-B153,5A5BD1F0C97F0B9F3F8357A3290EE17E720660278454DE7AC1C372B46184D2B2,Tester/logs/20261010.log,1915731,2026-09-08,11:25,1.16129,1.16150,1.16129,1.16134,0,0
32,RECON62-B153,5A5BD1F0C97F0B9F3F8357A3290EE17E720660278454DE7AC1C372B46184D2B2,Tester/logs/20261010.log,1915760,2026-09-08,11:30,1.16134,1.16157,1.16129,1.16147,1,0
33,RECON62-B153,5A5BD1F0C97F0B9F3F8357A3290EE17E720660278454DE7AC1C372B46184D2B2,Tester/logs/20261010.log,1915788,2026-09-08,11:35,1.16147,1.16149,1.16127,1.16146,0,0
34,RECON62-B153,5A5BD1F0C97F0B9F3F8357A3290EE17E720660278454DE7AC1C372B46184D2B2,Tester/logs/20261010.log,1915817,2026-09-08,11:40,1.16146,1.16147,1.16116,1.16116,0,0
35,RECON62-B153,5A5BD1F0C97F0B9F3F8357A3290EE17E720660278454DE7AC1C372B46184D2B2,Tester/logs/20261010.log,1915843,2026-09-08,11:45,1.16116,1.16142,1.16101,1.16128,0,1
36,RECON62-B153,5A5BD1F0C97F0B9F3F8357A3290EE17E720660278454DE7AC1C372B46184D2B2,Tester/logs/20261010.log,1915869,2026-09-08,11:50,1.16128,1.16136,1.16109,1.16122,0,0
37,RECON62-B153,5A5BD1F0C97F0B9F3F8357A3290EE17E720660278454DE7AC1C372B46184D2B2,Tester/logs/20261010.log,1915899,2026-09-08,11:55,1.16123,1.16126,1.16096,1.16103,0,0
38,RECON62-B153,5A5BD1F0C97F0B9F3F8357A3290EE17E720660278454DE7AC1C372B46184D2B2,Tester/logs/20261010.log,1915925,2026-09-08,12:00,1.16105,1.16128,1.16091,1.16103,0,1
39,RECON62-B153,5A5BD1F0C97F0B9F3F8357A3290EE17E720660278454DE7AC1C372B46184D2B2,Tester/logs/20261010.log,1915948,2026-09-08,12:05,1.16103,1.16151,1.16096,1.16099,1,0
40,RECON62-B153,5A5BD1F0C97F0B9F3F8357A3290EE17E720660278454DE7AC1C372B46184D2B2,Tester/logs/20261010.log,1915974,2026-09-08,12:10,1.16098,1.16118,1.16098,1.16117,0,0
41,RECON62-B153,5A5BD1F0C97F0B9F3F8357A3290EE17E720660278454DE7AC1C372B46184D2B2,Tester/logs/20261010.log,1916000,2026-09-08,12:15,1.16115,1.16120,1.16107,1.16118,0,0
42,RECON62-B153,5A5BD1F0C97F0B9F3F8357A3290EE17E720660278454DE7AC1C372B46184D2B2,Tester/logs/20261010.log,1916023,2026-09-08,12:20,1.16117,1.16130,1.16111,1.16116,1,0
43,RECON62-B153,5A5BD1F0C97F0B9F3F8357A3290EE17E720660278454DE7AC1C372B46184D2B2,Tester/logs/20261010.log,1916047,2026-09-08,12:25,1.16115,1.16120,1.16107,1.16116,0,1
44,RECON62-B153,5A5BD1F0C97F0B9F3F8357A3290EE17E720660278454DE7AC1C372B46184D2B2,Tester/logs/20261010.log,1916070,2026-09-08,12:30,1.16116,1.16134,1.16108,1.16118,0,0
45,RECON62-B153,5A5BD1F0C97F0B9F3F8357A3290EE17E720660278454DE7AC1C372B46184D2B2,Tester/logs/20261010.log,1916093,2026-09-08,12:35,1.16117,1.16137,1.16115,1.16135,0,0
46,RECON62-B153,5A5BD1F0C97F0B9F3F8357A3290EE17E720660278454DE7AC1C372B46184D2B2,Tester/logs/20261010.log,1916117,2026-09-08,12:40,1.16134,1.16164,1.16132,1.16139,1,0
47,RECON62-B153,5A5BD1F0C97F0B9F3F8357A3290EE17E720660278454DE7AC1C372B46184D2B2,Tester/logs/20261010.log,1916142,2026-09-08,12:45,1.16140,1.16150,1.16118,1.16135,0,1
48,RECON62-B153,5A5BD1F0C97F0B9F3F8357A3290EE17E720660278454DE7AC1C372B46184D2B2,Tester/logs/20261010.log,1916167,2026-09-08,12:50,1.16136,1.16147,1.16126,1.16134,0,0
49,RECON62-B153,5A5BD1F0C97F0B9F3F8357A3290EE17E720660278454DE7AC1C372B46184D2B2,Tester/logs/20261010.log,1916191,2026-09-08,12:55,1.16135,1.16146,1.16129,1.16140,0,0
50,RECON62-B153,5A5BD1F0C97F0B9F3F8357A3290EE17E720660278454DE7AC1C372B46184D2B2,Tester/logs/20261010.log,1916214,2026-09-08,13:00,1.16141,1.16141,1.16112,1.16121,0,1
51,RECON62-B153,5A5BD1F0C97F0B9F3F8357A3290EE17E720660278454DE7AC1C372B46184D2B2,Tester/logs/20261010.log,1916238,2026-09-08,13:05,1.16119,1.16138,1.16116,1.16128,0,0
52,RECON62-B153,5A5BD1F0C97F0B9F3F8357A3290EE17E720660278454DE7AC1C372B46184D2B2,Tester/logs/20261010.log,1916264,2026-09-08,13:10,1.16127,1.16141,1.16123,1.16135,1,0
53,RECON62-B153,5A5BD1F0C97F0B9F3F8357A3290EE17E720660278454DE7AC1C372B46184D2B2,Tester/logs/20261010.log,1916288,2026-09-08,13:15,1.16136,1.16139,1.16115,1.16116,0,0
54,RECON62-B153,5A5BD1F0C97F0B9F3F8357A3290EE17E720660278454DE7AC1C372B46184D2B2,Tester/logs/20261010.log,1916311,2026-09-08,13:20,1.16118,1.16166,1.16110,1.16112,1,0
55,RECON62-B153,5A5BD1F0C97F0B9F3F8357A3290EE17E720660278454DE7AC1C372B46184D2B2,Tester/logs/20261010.log,1916340,2026-09-08,13:25,1.16115,1.16118,1.16105,1.16115,0,0
56,RECON62-B153,5A5BD1F0C97F0B9F3F8357A3290EE17E720660278454DE7AC1C372B46184D2B2,Tester/logs/20261010.log,1916364,2026-09-08,13:30,1.16116,1.16117,1.16094,1.16102,0,0
57,RECON62-B153,5A5BD1F0C97F0B9F3F8357A3290EE17E720660278454DE7AC1C372B46184D2B2,Tester/logs/20261010.log,1916387,2026-09-08,13:35,1.16103,1.16105,1.16088,1.16099,0,0
58,RECON62-B153,5A5BD1F0C97F0B9F3F8357A3290EE17E720660278454DE7AC1C372B46184D2B2,Tester/logs/20261010.log,1916416,2026-09-08,13:40,1.16100,1.16103,1.16088,1.16093,0,0
59,RECON62-B153,5A5BD1F0C97F0B9F3F8357A3290EE17E720660278454DE7AC1C372B46184D2B2,Tester/logs/20261010.log,1916439,2026-09-08,13:45,1.16094,1.16107,1.16092,1.16106,0,0
60,RECON62-B153,5A5BD1F0C97F0B9F3F8357A3290EE17E720660278454DE7AC1C372B46184D2B2,Tester/logs/20261010.log,1916464,2026-09-08,13:50,1.16105,1.16132,1.16105,1.16121,0,0
61,RECON62-B153,5A5BD1F0C97F0B9F3F8357A3290EE17E720660278454DE7AC1C372B46184D2B2,Tester/logs/20261010.log,1916489,2026-09-08,13:55,1.16121,1.16146,1.16115,1.16125,1,0
62,RECON62-B153,5A5BD1F0C97F0B9F3F8357A3290EE17E720660278454DE7AC1C372B46184D2B2,Tester/logs/20261010.log,1916513,2026-09-08,14:00,1.16126,1.16129,1.16114,1.16120,0,0
63,RECON62-B153,5A5BD1F0C97F0B9F3F8357A3290EE17E720660278454DE7AC1C372B46184D2B2,Tester/logs/20261010.log,1916554,2026-09-08,14:05,1.16121,1.16143,1.16106,1.16109,1,0
64,RECON62-B153,5A5BD1F0C97F0B9F3F8357A3290EE17E720660278454DE7AC1C372B46184D2B2,Tester/logs/20261010.log,1916584,2026-09-08,14:10,1.16109,1.16111,1.16091,1.16106,0,1
65,RECON62-B153,5A5BD1F0C97F0B9F3F8357A3290EE17E720660278454DE7AC1C372B46184D2B2,Tester/logs/20261010.log,1916616,2026-09-08,14:15,1.16108,1.16140,1.16102,1.16140,0,0
66,RECON62-B153,5A5BD1F0C97F0B9F3F8357A3290EE17E720660278454DE7AC1C372B46184D2B2,Tester/logs/20261010.log,1916648,2026-09-08,14:20,1.16138,1.16145,1.16128,1.16143,0,0
67,RECON62-B153,5A5BD1F0C97F0B9F3F8357A3290EE17E720660278454DE7AC1C372B46184D2B2,Tester/logs/20261010.log,1916683,2026-09-08,14:25,1.16142,1.16160,1.16136,1.16154,0,0
68,RECON62-B153,5A5BD1F0C97F0B9F3F8357A3290EE17E720660278454DE7AC1C372B46184D2B2,Tester/logs/20261010.log,1916712,2026-09-08,14:30,1.16153,1.16160,1.16144,1.16152,0,0
69,RECON62-B153,5A5BD1F0C97F0B9F3F8357A3290EE17E720660278454DE7AC1C372B46184D2B2,Tester/logs/20261010.log,1916741,2026-09-08,14:35,1.16153,1.16190,1.16145,1.16173,1,0
70,RECON62-B153,5A5BD1F0C97F0B9F3F8357A3290EE17E720660278454DE7AC1C372B46184D2B2,Tester/logs/20261010.log,1916772,2026-09-08,14:40,1.16174,1.16175,1.16121,1.16130,0,0
71,RECON62-B153,5A5BD1F0C97F0B9F3F8357A3290EE17E720660278454DE7AC1C372B46184D2B2,Tester/logs/20261010.log,1916804,2026-09-08,14:45,1.16132,1.16140,1.16112,1.16138,0,0
72,RECON62-B153,5A5BD1F0C97F0B9F3F8357A3290EE17E720660278454DE7AC1C372B46184D2B2,Tester/logs/20261010.log,1916842,2026-09-08,14:50,1.16135,1.16140,1.16079,1.16098,0,1
73,RECON62-B153,5A5BD1F0C97F0B9F3F8357A3290EE17E720660278454DE7AC1C372B46184D2B2,Tester/logs/20261010.log,1916873,2026-09-08,14:55,1.16098,1.16133,1.16093,1.16133,0,0
74,RECON62-B153,5A5BD1F0C97F0B9F3F8357A3290EE17E720660278454DE7AC1C372B46184D2B2,Tester/logs/20261010.log,1916905,2026-09-08,15:00,1.16133,1.16148,1.16120,1.16143,0,0
75,RECON62-B153,5A5BD1F0C97F0B9F3F8357A3290EE17E720660278454DE7AC1C372B46184D2B2,Tester/logs/20261010.log,1916937,2026-09-08,15:05,1.16142,1.16148,1.16136,1.16142,0,0
76,RECON62-B153,5A5BD1F0C97F0B9F3F8357A3290EE17E720660278454DE7AC1C372B46184D2B2,Tester/logs/20261010.log,1916971,2026-09-08,15:10,1.16144,1.16144,1.16120,1.16127,0,0
77,RECON62-B153,5A5BD1F0C97F0B9F3F8357A3290EE17E720660278454DE7AC1C372B46184D2B2,Tester/logs/20261010.log,1917003,2026-09-08,15:15,1.16128,1.16135,1.16107,1.16135,0,1
78,RECON62-B153,5A5BD1F0C97F0B9F3F8357A3290EE17E720660278454DE7AC1C372B46184D2B2,Tester/logs/20261010.log,1917037,2026-09-08,15:20,1.16135,1.16150,1.16119,1.16139,0,0
79,RECON62-B153,5A5BD1F0C97F0B9F3F8357A3290EE17E720660278454DE7AC1C372B46184D2B2,Tester/logs/20261010.log,1917069,2026-09-08,15:25,1.16141,1.16169,1.16135,1.16164,0,0
80,RECON62-B153,5A5BD1F0C97F0B9F3F8357A3290EE17E720660278454DE7AC1C372B46184D2B2,Tester/logs/20261010.log,1917103,2026-09-08,15:30,1.16163,1.16190,1.16147,1.16185,1,0
81,RECON62-B153,5A5BD1F0C97F0B9F3F8357A3290EE17E720660278454DE7AC1C372B46184D2B2,Tester/logs/20261010.log,1917134,2026-09-08,15:35,1.16183,1.16184,1.16162,1.16163,0,0
82,RECON62-B153,5A5BD1F0C97F0B9F3F8357A3290EE17E720660278454DE7AC1C372B46184D2B2,Tester/logs/20261010.log,1917165,2026-09-08,15:40,1.16164,1.16173,1.16148,1.16158,0,0
83,RECON62-B153,5A5BD1F0C97F0B9F3F8357A3290EE17E720660278454DE7AC1C372B46184D2B2,Tester/logs/20261010.log,1917195,2026-09-08,15:45,1.16158,1.16186,1.16147,1.16186,0,1
84,RECON62-B153,5A5BD1F0C97F0B9F3F8357A3290EE17E720660278454DE7AC1C372B46184D2B2,Tester/logs/20261010.log,1917227,2026-09-08,15:50,1.16186,1.16192,1.16167,1.16189,0,0
85,RECON62-B153,5A5BD1F0C97F0B9F3F8357A3290EE17E720660278454DE7AC1C372B46184D2B2,Tester/logs/20261010.log,1917258,2026-09-08,15:55,1.16190,1.16202,1.16184,1.16202,0,0
86,RECON62-B153,5A5BD1F0C97F0B9F3F8357A3290EE17E720660278454DE7AC1C372B46184D2B2,Tester/logs/20261010.log,1917289,2026-09-08,16:00,1.16203,1.16222,1.16198,1.16220,0,0
87,RECON62-B153,5A5BD1F0C97F0B9F3F8357A3290EE17E720660278454DE7AC1C372B46184D2B2,Tester/logs/20261010.log,1917320,2026-09-08,16:05,1.16219,1.16250,1.16219,1.16242,1,0
88,RECON62-B153,5A5BD1F0C97F0B9F3F8357A3290EE17E720660278454DE7AC1C372B46184D2B2,Tester/logs/20261010.log,1917368,2026-09-08,16:10,1.16243,1.16249,1.16231,1.16237,0,0
89,RECON62-B153,5A5BD1F0C97F0B9F3F8357A3290EE17E720660278454DE7AC1C372B46184D2B2,Tester/logs/20261010.log,1917562,2026-09-08,16:15,1.16236,1.16241,1.16226,1.16234,0,1
90,RECON62-B153,5A5BD1F0C97F0B9F3F8357A3290EE17E720660278454DE7AC1C372B46184D2B2,Tester/logs/20261010.log,1917787,2026-09-08,16:20,1.16232,1.16274,1.16232,1.16252,1,0
91,RECON62-B153,5A5BD1F0C97F0B9F3F8357A3290EE17E720660278454DE7AC1C372B46184D2B2,Tester/logs/20261010.log,1917992,2026-09-08,16:25,1.16252,1.16263,1.16219,1.16224,0,0
92,RECON62-B153,5A5BD1F0C97F0B9F3F8357A3290EE17E720660278454DE7AC1C372B46184D2B2,Tester/logs/20261010.log,1918024,2026-09-08,16:30,1.16224,1.16242,1.16206,1.16206,0,0
93,RECON62-B153,5A5BD1F0C97F0B9F3F8357A3290EE17E720660278454DE7AC1C372B46184D2B2,Tester/logs/20261010.log,1918098,2026-09-08,16:35,1.16206,1.16230,1.16187,1.16217,0,1
94,RECON62-B153,5A5BD1F0C97F0B9F3F8357A3290EE17E720660278454DE7AC1C372B46184D2B2,Tester/logs/20261010.log,1918300,2026-09-08,16:40,1.16217,1.16224,1.16202,1.16212,0,0
95,RECON62-B153,5A5BD1F0C97F0B9F3F8357A3290EE17E720660278454DE7AC1C372B46184D2B2,Tester/logs/20261010.log,1918793,2026-09-08,16:45,1.16213,1.16225,1.16197,1.16217,0,1
96,RECON62-B153,5A5BD1F0C97F0B9F3F8357A3290EE17E720660278454DE7AC1C372B46184D2B2,Tester/logs/20261010.log,1918836,2026-09-08,16:50,1.16218,1.16233,1.16208,1.16225,1,0
97,RECON62-B153,5A5BD1F0C97F0B9F3F8357A3290EE17E720660278454DE7AC1C372B46184D2B2,Tester/logs/20261010.log,1918904,2026-09-08,16:55,1.16226,1.16230,1.16210,1.16220,0,0
98,RECON62-B153,5A5BD1F0C97F0B9F3F8357A3290EE17E720660278454DE7AC1C372B46184D2B2,Tester/logs/20261010.log,1919321,2026-09-08,17:00,1.16220,1.16248,1.16219,1.16241,0,0
99,RECON62-B153,5A5BD1F0C97F0B9F3F8357A3290EE17E720660278454DE7AC1C372B46184D2B2,Tester/logs/20261010.log,1919377,2026-09-08,17:05,1.16241,1.16250,1.16214,1.16214,,
